Image ID,Creator,Short Title,Created:from,Created:to,Uploaded,Image type,Technique,Language,Distribution at time of creation,(Digital) source,Source ID (if applicable),Country of origin,Exact location,Holding institution,Collection,Other copyright holders,Related images,ImgDB ID,Metadata editor
21,unknown,A Plot with Powder,1605-01-01,1605-12-31,02.02.2014,1,1,5,,http://www.bpi1700.org.uk/jsp/image.jsp?image=48812,Order Ref.: AN48812001,GBR,England,British Museum London,British Printed Images Database,British Museum London,A similar print is published in George: English Political Caricatures to 1792. A study of opinion and propaganda / Oxford 1959 / PLATE 3.,imgs/1605_GBR__21.jpg,monika
22,L. Tocque,Charles Edward Stuart,1747-01-01,1747-12-31,02.02.2014,1,1,1,,,,GBR,Edinburgh,National Library of Scotland,Jacobite Prints and Broadsides Online (NLS),National Library of Scotland,,imgs/1747_GBR__22.jpg,monika
23,unknown,The Duke of York and Prince Charles,1735-01-01,1735-12-31,02.02.2014,12,1,1,,,,GBR,,National Library of Scotland,Jacobite Prints and Broadsides Online (NLS),National Library of Scotland,,imgs/1735_GBR__23.jpg,monika
24,anonymus,Burning heretics,1560-01-01,1570-12-31,02.03.2014,1,1,9,,Mustafin / Licevoj svod,,RUS,,,,,,imgs/1560_RUS__24.jpg,m.griesse
25,Salomon Savery,De Weegschaal,1618-01-01,1618-12-31,02.03.2014,1,1,3,,http://www.geheugenvannederland.nl/?/nl/items/RIJK04:RP-P-19,Unknown,NLD,Unknown,Rijksmuseum Amsterdam,Rijksmuseum Amsterdam,Rijksmuseum Amsterdam,,imgs/1618_NLD__25.jpg,monika
29,anonymous,Battle on the ice,1560-01-01,1580-12-31,2/27/2014,1,1,9,none,Mustafin / Licevoj svod,,RUS,Court of Muscovy (Ivan IV),Kremlin,,,,imgs/1560_RUS__29.jpg,m.griesse
30,unknown,Map of Europe 1700 Northwest,01.01.2014,12/31/2014,3/21/2014,13,1,5,,,,USA,,,,,,imgs/2014_USA__30.jpg,monika
31,unknown,Map of Europe 1600 Northwest,01.01.2014,12/31/2014,3/21/2014,13,1,5,,,,USA,,,,,,imgs/2014_USA__31.jpg,monika
32,unknown,The Solemn Mock Procession of the Pope / Cardinalls / Jesuits /,1680-01-01,1680-12-31,3/21/2014,12,1,5,sold in London bookshop / published by Samuel Lee & Newman,http://www.britishmuseum.org/research/collection_online/coll,,GBR,engraving after Francis Barlow,British Museum London,British Museum London,British Museum London,,imgs/1680_GBR__32.jpg,monika
33,George Brickham the Younger,A Skit on Britain,1740-01-01,1740-12-31,3/21/2014,12,1,1,London / England,http://www.britishmuseum.org/research/collection_online/coll,,GBR,,British Museum London,British Museum London,British Museum London,,imgs/1740_GBR__33.jpg,monika
34,Great Britain,Royal Coat of Arms after the 1707 Union with Scotland,1707-01-01,1707-12-31,3/21/2014,1,1,5,,www.wikimedia.com,,GBR,Great Britain,,,,,imgs/1707_GBR__34.png,monika
35,England,Royal Coat of Arms 17th century,1600-01-01,1707-12-31,3/21/2014,13,1,5,,www.wikimedia.com,,GBR,England,,,,,imgs/1600_GBR__35.png,monika
36,Sanson,Map of Europe,1700-01-01,1800-12-31,3/21/2014,12,1,6,,,,FRA,France,,,,,imgs/1700_FRA__36.jpg,monika
37,Ploetz Historischer Weltatlas,Europa im Zeitalter des Absolutismus 1740,01.01.2013,12/31/2013,3/21/2014,13,1,2,,,,DEU,Weltatlas,,,,,imgs/2013_DEU__37.jpg,monika
38,Ploetz Historischer Weltatlas / Monika Barget,Map of the Jacobite Rising 1745,01.01.2013,12/31/2013,3/21/2014,13,1,2,,,,DEU,,,,,,imgs/2013_DEU__38.jpg,monika
39,Ploetz Historischer Weltatlas / Monika Barget,Map of the Jacobite Rising 1715,01.01.2013,12/31/2013,3/21/2014,13,1,2,,,,DEU,,,,,,imgs/2013_DEU__39.jpg,monika
40,Ploetz Historischer Weltatlas / Monika Barget,Map of the Glorious Revolution 1688,01.01.2013,12/31/2013,3/21/2014,13,1,2,,,,DEU,,,,,,imgs/2013_DEU__40.jpg,monika
41,Ploetz Historischer Weltatlas / Monika Barget,Map of Monmouth's Rebellion 1685,01.01.2013,12/31/2013,3/21/2014,13,1,2,,,,DEU,,,,,,imgs/2013_DEU__41.jpg,monika
42,Routledge Atlas of British History,Map of the Pilgrimage of Grace,01.01.2010,12/31/2010,3/21/2014,1,1,5,,,,GBR,,,,,,imgs/2010_GBR__42.jpg,monika
43,unknown,Historic Counties of England and Wales,1700-01-01,1800-12-31,3/21/2014,1,1,5,,www.wikimedia.com,,GBR,,,,,,imgs/1700_GBR__43.jpg,monika
44,Routledge Atlas of British History,Maps of the Jacobite Rebellions,01.01.2010,12/31/2010,3/21/2014,1,1,5,,,,GBR,,,,,,imgs/2010_GBR__44.jpg,monika
45,Routledge Atlas of British History,Map of England 1500 - 1600,01.01.2010,12/31/2010,3/21/2014,1,1,5,,,,GBR,,,,,,imgs/2010_GBR__45.jpg,monika
46,Daniel Szechi (publ.),Areas affected by the Jacobite risings in 1715,01.01.2009,12/31/2009,3/21/2014,1,1,5,,,,GBR,illustration in Daniel Szechi's 1715,,,,,imgs/2009_GBR__46.jpg,monika
47,Malte Griesse,1626 Upper Austrian Peasant War_aus Krebs-Lit.Rezeption,1626-01-01,1626-12-31,3/21/2014,1,1,1,,,,AFG,,,,,,imgs/1626_AFG__47.jpg,monika
48,Malte Griesse,1630s Croquants / Nu-Pieds,1630-01-01,1630-12-31,3/21/2014,1,1,1,,,,AFG,,,,,,imgs/1630_AFG__48.jpg,monika
49,Malte Griesse,1640-52 Catalan revolt (2),1640-01-01,1640-12-31,3/21/2014,1,1,1,,,,AFG,,,,,,imgs/1640_AFG__49.png,monika
50,Malte Griesse,1640-52 Catalan revolt,1640-01-01,1640-12-31,3/21/2014,1,1,1,,,,AFG,,,,,,imgs/1640_AFG__50.png,monika
51,Malte Griesse,1640-68 War of Portuguese Independence,1640-01-01,1640-12-31,3/21/2014,1,1,1,,,,AFG,,,,,,imgs/1640_AFG__51.jpg,monika
52,Malte Griesse,1642-49 English Civil Wars,1642-01-01,1649-12-31,3/21/2014,1,1,1,,,,AFG,,,,,,imgs/1642_AFG__52.jpg,monika
53,Malte Griesse,1648-53 Fronde in France,1648-01-01,1653-12-31,3/21/2014,1,1,1,,,,AFG,,,,,,imgs/1648_AFG__53.jpg,monika
54,Malte Griesse,1648-57 Khmel'nyc'kyi revolt,1648-01-01,1657-12-31,3/21/2014,1,1,1,,,,AFG,,,,,,imgs/1648_AFG__54.gif,monika
55,Malte Griesse,1648-62 Muscovite town rebellions,1648-01-01,1662-12-31,3/21/2014,1,1,1,,,,AFG,,,,,,imgs/1648_AFG__55.jpg,monika
56,Malte Griesse,1653 Swiss Peasant War,1653-01-01,1653-12-31,3/21/2014,1,1,1,,,,AFG,,,,,,imgs/1653_AFG__56.png,monika
57,Malte Griesse,1667-1671 Razin uprising / Muscovy,1667-01-01,1671-12-31,3/21/2014,1,1,1,,,,AFG,,,,,,imgs/1667_AFG__57.jpg,monika
58,Malte Griesse,Europe_Map Revolts marked / but incomplete_ Mid 17th century,01.01.2014,12/31/2014,3/21/2014,1,1,1,,,,AFG,,,,,,imgs/2014_AFG__58.jpg,monika
59,Luke Sullivan / after William Hogarth,March of the Guards to Scotland,1750-01-01,1761-12-31,3/21/2014,12,1,5,Great Britain,,,GBR,,British Museum London,British Museum London,British Museum London,,imgs/1750_GBR__59.jpg,monika
60,unknown,Execution of the Gunpowder plotters,1600-01-01,1700-12-31,3/22/2014,13,1,1,,,,AFG,,,,,,imgs/1600_AFG__60.jpg,monika
61,unknown,Lord Lovat counting off the clans,1747-01-01,1747-12-31,3/22/2014,12,1,5,,,,GBR,Etching after William Hogarth,,,,,imgs/1747_GBR__61.jpg,monika
62,P. Schenck,William of Orange attacks Louis XIV and James II,1689-01-01,1689-12-31,3/22/2014,1,1,13,,,,NLD,,,,,,imgs/1689_NLD__62.jpg,monika
63,unknown,Beheading of the rebellious lords,1746-01-01,1746-12-31,3/22/2014,12,1,3,Great Britain,Copy photo no. V 41797, System b12013262 / Record 43513i,GBR,,,,Wellcome Library,Harvard University,imgs/1746_GBR__63.jpg,monika
64,unknown,Two men apprehending Lord Edward Fitzgerald,1789-01-01,1789-12-31,3/22/2014,12,1,13,Great Britain,http://search.wellcomelibrary.org/iii/encore/record/C__Rb120,Wellcome Library no. 42809i,AFG,Great Britain,,Wellcome Library,Wellcome Library,,imgs/1789_AFG__64.jpg,monika
65,unknown,Satire on the Scots,1745-01-01,1800-12-31,3/22/2014,12,1,5,,,,GBR,Great Britain,Wellcome Library,Wellcome Library,Wellcome Library,,imgs/1745_GBR__65.jpg,monika
66,unknown,The Tree of Sins, representing the life of the base / 'natural' man,1771-01-01,3/22/2014 3:11,1,1,5,Great Britain,http://search.wellcomelibrary.org/iii/encore/record/C__Rb118,Wellcome Library no. 26769i,GBR,after J. Bakewell / Great Britain / printed by C. Bowles,Wellcome Library,,,,imgs/1771_GBR__66.jpg,monika
67,J. Duplessi-Bertaux,Execution of the rebels in Naples and Sicily,1647-01-01,1647-12-31,3/22/2014,12,1,6,France / Great Britain,http://search.wellcomelibrary.org/iii/encore/record/C__Rb120,,FRA,,Wellcome Library,Wellcome Library,Wellcome Library,,imgs/1647_FRA__67.jpg,monika
68,J. Tinney,Men gather at an execution,1741-01-01,1741-12-31,3/22/2014,12,1,13,Great Britain,Wellcome Collection,,GBR,,Wellcome Library,Wellcome Library,Wellcome Library,Wellcome Library,imgs/1741_GBR__68.jpg,monika
69,unknown,Daniel Defoe in the pillory,1703-01-01,1704-12-31,3/22/2014,12,1,6,Great Britain,http://search.wellcomelibrary.org/iii/encore/record/C__Rb120,,GBR,Great Britain and / or France?,Wellcome Library London,Wellcome Library London,Wellcome Library London,,imgs/1703_GBR__69.jpg,monika
70,unknown,Titus Oates standing in the pillory,1680-01-01,1700-12-31,3/22/2014,12,1,5,Great Britain,http://search.wellcomelibrary.org/iii/encore/record/C__Rb120,Wellcome Library no. 43302i,GBR,,,,,,imgs/1680_GBR__70.jpg,monika
71,unknown,Titus Oates in the pillory surrounded by those executed,1685-01-01,1685-12-31,3/22/2014,12,1,5,,,,GBR,,Wellcome Library London,Wellcome Library London,Wellcome Library London,Titus Oates standing in the pillory surrounded by medaillons of people executed as a result of the Popish Plot in 1678. Etching with engraving.,imgs/1685_GBR__71.jpg,monika
72,unknown,The execution of Father Garnet by hanging,1600-01-01,1700-12-31,3/22/2014,12,1,13,Great Britain,,,GBR,Great Britain,Wellcome Library London,Wellcome Library London,Wellcome Library London,,imgs/1600_GBR__72.jpg,monika
73,Claes (Nicolaes) Jansz Visscher,Execution of the eight conspirators in 1606,1606-01-01,1606-12-31,3/22/2014,12,1,13,,,,GBR,,Wellcome Library London,Wellcome Library London,Wellcome Library London,,imgs/1606_GBR__73.jpg,monika
74,unknown,Dutch satire against European rulers in general,1700-01-01,1800-12-31,3/22/2014,12,1,13,,,,NLD,,,,,,imgs/1700_NLD__74.jpg,monika
75,unknown,James Aitken / John the Painter,1770-01-01,1800-12-31,3/22/2014,12,1,5,,www.executedtoday.com,,GBR,,,,,,imgs/1770_GBR__75.jpg,monika
77,unknown,A woman representing a map of Scotland,1700-01-01,1800-12-31,3/22/2014,12,1,5,,,,GBR,,Wellcome Library London,Wellcome Library London,Wellcome Library London,,imgs/1700_GBR__77.jpg,monika
78,unknown,Beheading of the Rebel Lords on Great Tower Hill 1746,1746-01-01,1748-12-31,3/22/2014,12,1,5,,,,GBR,Great Britain,,,,,imgs/1746_GBR__78.jpg,monika
79,unknown,Calve's Head Club,1650-01-01,1750-12-31,3/22/2014,12,1,5,,,,GBR,,,,,,imgs/1650_GBR__79.jpg,monika
80,unknown,English Atlas of Geography 1733,1733-01-01,1733-12-31,3/22/2014,1,1,5,,,,GBR,,,,,,imgs/1733_GBR__80.jpg,monika
81,unknown,Prince Charles at the Battle of Culloden,1800-01-01,12/31/1900,3/22/2014,2,1,1,Great Britain,,NAM 2456386b,GBR,,National Army Museum London,,,,imgs/1800_GBR__81.jpg,monika
82,Paul Delaroche,The Execution of Jane Grey,1800-01-01,12/31/1900,3/22/2014,2,1,13,,,,GBR,,,,,,imgs/1800_GBR__82.jpg,monika
83,William Ewart Lockhart,Scene from the Rebellion,1800-01-01,12/31/1900,3/22/2014,2,1,13,Great Britain,www.bbc.co.uk\arts,,GBR,Great Britain,Dumfries and Galloway Council (Annan Museum),Dumfries and Galloway Council (Annan Museum),Bridgeman Art Library \ BBC Arts,,imgs/1800_GBR__83.jpg,monika
84,David Morier,The Battle of Culloden,1800-01-01,12/31/1900,3/22/2014,2,1,13,,,,GBR,,,,,,imgs/1800_GBR__84.jpg,monika
85,Luke Sullivan / after William Hogarth,The March of the Guards towards Scotland in the year 1745,1761-01-01,1761-12-31,3/22/2014,12,1,5,Great Britain,http://www.nam.ac.uk/online-collection/detail.php?acc=1960-05-1-1,NAM. 1960-05-1-1,GBR,London / Great Britain,National Army Museum London,National Army Museum London,National Army Museum London,,imgs/1761_GBR__85.jpg,monika
86,Romeyn de Hoogh,King William III at The Battle of the Boyne,1690-01-01,1690-12-31,3/22/2014,12,1,13,Great Britain,,NAM Image Number 71343,GBR,Netherlands,National Army Museum London,National Army Museum London,National Army Museum London,,imgs/1690_GBR__86.jpg,monika
87,Jan Wyck,The Battle of the Boyne 12 July 1690,1690-01-01,1690-12-31,3/22/2014,2,1,13,Great Britain,http://www.nam.ac.uk/online-collection/detail.php?acc=1975-08-50-1,NAM Image Number 1005096,GBR,Netherlands,National Army Museum London,National Army Museum London,National Army Museum London,,imgs/1690_GBR__87.jpg,monika
88,W Baillie after Netcher and Wyke,James Duke of Monmouth Mortuus,1774-01-01,1774-12-31,3/22/2014,12,1,1,Great Britain,,NAM Image Number 8570,AFG,Great Britain,National Army Museum London,National Army Museum London,National Army Museum London,,imgs/1774_AFG__88.jpg,monika
89,H. Terasson after Louis du Guernier,The March of the King's Forces to Perth 1715,1715-01-01,1715-12-31,3/22/2014,12,1,13,Great Britain,http://www.nam.ac.uk/online-collection/detail.php?acc=1971-02-33-152-1,NAM Image Number 13882,GBR,Great Britain and / or France?,National Army Museum London,National Army Museum London,National Army Museum London,,imgs/1715_GBR__89.jpg,monika
90,unknown,A View of the Battle of Culloden,1750-01-01,1750-12-31,3/22/2014,12,1,13,Great Britain,,NAM Image Number 1017648,GBR,Great Britain,National Army Museum London,National Army Museum London,National Army Museum London,,imgs/1750_GBR__90.jpg,monika
91,Luke Sullivan after Augustin Heckel,Battle of Culloden,1746-01-01,1746-12-31,3/22/2014,12,1,13,Great Britain,,NAM Image Number 13691,GBR,Great Britain,National Army Museum London,National Army Museum London,National Army Museum London,,imgs/1746_GBR__91.jpg,monika
92,G. Williams after J. Hamilton,Perspektive View of the Battle of Drunmossie Moor,1746-01-01,1746-12-31,3/22/2014,12,1,13,,,,GBR,,National Army Museum London,National Army Museum London,National Army Museum London,,imgs/1746_GBR__92.jpg,monika
93,unknown,Lovat's Ghost on Pilgrimage,1747-01-01,1747-12-31,3/22/2014,12,1,5,Great Britain,,,GBR,Great Britain,National Army Museum London,National Army Museum London,National Army Museum London,,imgs/1747_GBR__93.jpg,monika
94,David Morier,William Augustus Duke of Cumberland,1750-01-01,1850-12-31,3/22/2014,2,1,13,,,NAM Image Number 46193,GBR,,,National Army Museum London,National Army Museum London,,imgs/1750_GBR__94.jpg,monika
95,Domenico Corvi,Portrait of Henry Stuart Cardinal York,1760-01-01,1800-12-31,3/22/2014,2,1,13,,,,ITA,,,,,,imgs/1760_ITA__95.jpg,monika
96,unknown,Miniature of James Francis Edward Stuart,1692-01-01,1692-12-31,3/22/2014,2,1,13,,,,GBR,France,,,,,imgs/1692_GBR__96.jpg,monika
97,John Worsdale,The Harlequin Portrait of Charles Edward Stuart,1745-01-01,1745-12-31,3/22/2014,2,1,13,,,,GBR,,,,,,imgs/1745_GBR__97.jpg,monika
98,Maurice Quentin de la Tour,Charles Edward Stuart,1747-01-01,1747-12-31,3/22/2014,2,1,13,,,,GBR,France,,,,,imgs/1747_GBR__98.jpg,monika
99,Louis Tocque,Charles Edward Stuart,1748-01-01,1748-12-31,3/22/2014,2,1,13,,,,GBR,France,Private Collection,private,Bridgeman Art Library,,imgs/1748_GBR__99.jpg,monika
100,unknown,The Coronation of William of Orange,1689-01-01,1700-12-31,3/22/2014,12,1,13,,,,GBR,,,,Bridgeman Art Library,,imgs/1689_GBR__100.jpg,monika
101,unknown,William III in Roman Costume,1689-01-01,1705-12-31,3/22/2014,12,1,1,Great Britain,www.bpi1700.org,Order Ref.: AN140627001,GBR,Great Britain,British Museum London,The Trustees of The British Museum,The Trustees of The British Museum,,imgs/1689_GBR__101.jpg,monika
102,W. Wilde (printer),Spanish Armada / Gunpowder Plot and Glorious Revolution,1689-01-01,1689-12-31,3/22/2014,12,5,5,,Eighteenth Century Books Online,,GBR,London / Great Britain,,,Eighteenth Century Collection Online / Cengage Learning,,imgs/1689_GBR__102.gif,monika
103,unknown,William Joy as the English Sampson,1699-01-01,1699-12-31,3/22/2014,12,1,1,Great Britain,,,GBR,Great Britain,,The Trustees of the British Museum,The Trustees of The British Museum,,imgs/1699_GBR__103.jpg,monika
104,unknown,Maria Tudor,1554-01-01,1554-12-31,3/22/2014,12,4,7,Italy,,,ITA,Italy,,,Bridgeman Art Library,,imgs/1554_ITA__104.jpg,monika
105,Joseph Priestley (data and original draft),Chart of the Revolutions of Empire,1770-01-01,1770-12-31,3/22/2014,1,5,5,The chart was widely circulated in Britain and North America as Priestley's original description of 1770 was reprinted throughout the 18th century. In 1798 / the chart was used as a book illustration in Allen's History of England.,Google Books: https://play.google.com/books/reader?id=tgRbAAAAcAAJ&printsec=frontcover&output=reader&hl=en_GB&pg=GBS.PA9,engraved for Allen's History of England,GBR,London,several libraries across the UK,,,,imgs/1770_GBR__105.jpg,monika
106,unknown,The Royal Oak of Britain,1649-01-01,1649-12-31,3/22/2014,12,1,5,Great Britain,http://www.welib.de,,GBR,Great Britain,British Museum London,The Trustees of the British Museum,Warburg Electronic Library (WEL),M. W. Jones: A Cartoon History ofMonarchy. London 1978 / Abb. 3,imgs/1649_GBR__106.jpg,monika
107,unknown,The Beheading of King Charles I,1650-01-01,1650-12-31,3/22/2014,12,1,13,,,,GBR,,,,Bridgeman Art Library,,imgs/1650_GBR__107.jpg,monika
108,unknown,Flucht Jakobs II.,1689-01-01,1689-12-31,3/22/2014,1,1,1,,,,AFG,,,,Warburg Electronic Library (WEL),,imgs/1689_AFG__108.jpg,monika
109,unknown,The Dreadful Apparition: the Pope Haunted with Ghosts,1682-01-01,1682-12-31,3/22/2014,12,1,5,Great Britain,,,GBR,Great Britain,,,Bridgeman Art Library,,imgs/1682_GBR__109.gif,monika
110,William Hogarth,March of the Guard to Finchley,1750-01-01,1750-12-31,3/22/2014,2,1,13,Europe,www.bbc.co.uk\arts,,GBR,Great Britain,The Foundling Museum,The Foundling Museum,Bridgeman Art Library \ BBC Arts,,imgs/1750_GBR__110.jpg,monika
111,unknown,Privision for the Scotch Convent (Omnia Vincit Amor),1760-01-01,1763-12-31,3/22/2014,12,5,5,,,,GBR,,from: TheBritishAntidote_OmniaVincitAmor_Satireblatt_Seite49,,,,imgs/1760_GBR__111.jpg,monika
112,unknown,The Caledonian Pacification,1760-01-01,1763-12-31,3/22/2014,12,4,5,,,,GBR,,from: The British Antidote 1765,,,,imgs/1760_GBR__112.jpg,monika
113,unknown,The execution on Tower Hill of the Earl of Derwentwater,1716-01-01,1716-12-31,3/22/2014,12,1,1,Great Britain,,,GBR,Great Britain,,,,,imgs/1716_GBR__113.jpg,monika
114,unknown,John Stuart Earl of Bute,1760-01-01,1780-12-31,3/22/2014,2,1,13,,,,GBR,,,,,,imgs/1760_GBR__114.jpg,monika
115,unknown,St. Bartholemew,1650-01-01,1750-12-31,3/22/2014,2,1,13,,www.wikimedia.com,,ITA,,,,,,imgs/1650_ITA__115.jpg,monika
116,unknown,Thomas Venner Uprising 1661,1661-01-01,1670-12-31,3/23/2014,12,1,5,Great Britain,,,AFG,Great Britain,,,Bridgeman Art Library,,imgs/1661_AFG__116.jpg,monika
117,Barlow,Dutch rebellion,1673-01-01,1673-12-31,3/23/2014,12,1,5,Great Britain,http://www.bpi1700.org.uk/jsp/image.jsp?image=118573,Order Ref.: AN118573001,GBR,Great Britain,British Museum London,The Trustees of The British Museum,The Trustees of The British Museum,,imgs/1673_GBR__117.jpg,monika
118,unknown,Several of the rebels hanged upon a tree,1685-01-01,1700-12-31,3/23/2014,12,1,5,Great Britain,www.bridgemanart.com,Image ID: XJF 143486,GBR,Great Britain,Private Collection,private,Bridgeman Art Library,,imgs/1685_GBR__118.jpg,monika
119,unknown,Ferguson preaching to the rebels,1685-01-01,1700-12-31,3/23/2014,12,4,5,Great Britain,www.bridgemanart.com,Image ID: XJF 143485,GBR,Great Britain,Private Collection,private,Bridgeman Art Library,,imgs/1685_GBR__119.jpg,monika
120,unknown,Duke of Monmouth,1680-01-01,1700-12-31,3/23/2014,12,1,5,Great Britain,www.bridgemanart.com,XJF 129895,GBR,Great Britain,Private Collection,private,Bridgeman Art Library,,imgs/1680_GBR__120.jpg,monika
121,James Scott Duke of Monmouth,Letter by James Scott / Duke of Monmouth,1685-01-01,1685-12-31,3/23/2014,13,4,5,Great Britain,www.bridgemanart.com,Image ID: KDC 441049,GBR,Great Britain,Private Collection,British Museum London,Bridgeman Art Library,facsimile from 'Facsimiles of Royal / Historical & Literary Autographs in the Department of Manuscripts' / British Museum / 4th series / printed for the Trustees / 1898,imgs/1685_GBR__121.jpg,monika
122,unknown,Aftermath of Monmouth's Rebellion,1685-01-01,1700-12-31,3/23/2014,12,4,5,Great Britain,www.bridgemanart.com,Image ID: XJF 115655,GBR,Great Britain,Private Collection,private,Bridgeman Art Library,,imgs/1685_GBR__122.jpg,monika
123,unknown,The Battle at Bridgwater / 6th July 1685,1685-01-01,1700-12-31,3/23/2014,12,4,5,Great Britain,www.bridgemanart.com,Image ID: XJF 143480,GBR,Great Britain,Private Collection,private,Bridgeman Art Library,,imgs/1685_GBR__123.jpg,monika
124,unknown,The Beheading of the Duke of Monmouth at Tower Hill,1685-01-01,1700-12-31,3/23/2014,12,4,5,Great Britain,www.bridgemanart.com,Image ID: XJF 143483,GBR,Great Britain,Private Collection,private,Bridgeman Art Library,,imgs/1685_GBR__124.jpg,monika
125,unknown,The Country's Complaint Recounting the Sad Events,1685-01-01,1685-12-31,3/23/2014,12,4,5,Great Britain,www.bridgemanart.com,Image ID: XJF 153371,GBR,Great Britain,Private Collection,private,Bridgeman Art Library,from 'Mercurius Rusticus' / published in 1685,imgs/1685_GBR__125.jpg,monika
126,unknown,The Rout of 1000 of the Rebels at the Battle of Sedgemoor,1685-01-01,1700-12-31,3/23/2014,12,4,5,Great Britain,www.bridgemanart.com,Image ID: XJF 143479,GBR,Great Britain,Private Collection,private,Bridgeman Art Library,,imgs/1685_GBR__126.jpg,monika
127,unknown,The Flight of Monmouth,1800-01-01,12/31/1900,3/23/2014,12,4,5,Great Britain,www.bridgemanart.com,Image ID: XJF 143489,GBR,Great Britain,Private Collection,private,Bridgeman Art Library,,imgs/1800_GBR__127.jpg,monika
128,unknown,The Defeat of the Rebels at the Battle of Sedgemoor,1685-01-01,1700-12-31,3/23/2014,12,4,5,Great Britain,www.bridgemanart.com,Image ID: XJF 143482,GBR,Great Britain,Private Collection,private,Bridgeman Art Library,,imgs/1685_GBR__128.jpg,monika
129,unknown,Beheading of the Rebel Lords on Great Tower Hill 1746,1746-01-01,1746-12-31,3/23/2014,12,1,5,Great Britain,,,GBR,Great Britain,National Army Museum London,,,,imgs/1746_GBR__129.jpg,monika
130,Stefan Lochner,Altarflügel mit den Apostelmartyrien,1400-01-01,1500-12-31,3/23/2014,2,1,13,Germany,http://www.staedelmuseum.de/sm/,Inv. Nr. 821 - 832,DEU,Cologne / Germany,Städel Museum Frankfurt am Main,Städel Museum Frankfurt am Main,Städel Museum Frankfurt am Main,,imgs/1400_DEU__130.jpg,monika
131,unknown,Kurtzer bericht / wie des treves in Niederlandt Schwester,1620-01-01,1621-12-31,3/23/2014,12,1,2,Germany,,,DEU,Germany,Bayrische Staatsbibliothek München,,Weitere Ausgaben: Deutsche illustrierte Flugblätter des 16. und 17. Jahrhunderts . Hrsg. von Wolfgang Harms. Bd. 2: Die Sammlung der Herzog August Bibliothek in Wolfenbüttel 2: Historica. Hrsg von Wolfgang Harms mit Michael Schilling und Andreas ,,imgs/1620_DEU__131.jpeg,monika
132,unknown,Außführliche Vorstellung und Abbildung,1672-01-01,1672-12-31,3/23/2014,12,1,2,Germany,Prometheus Bildarchiv,http://prometheus.uni-koeln.de/pandora/image/show/stabi-4a54,DEU,Nürnberg / Germany,Bayrische Staatsbibliothek München,Bayrische Staatsbibliothek München,Weitere Ausgaben: Deutsche illustrierte Flugblätter des 16. und 17. Jahrhunderts . Hrsg. von Wolfgang Harms. Bd. 2: Die Sammlung der Herzog August Bibliothek in Wolfenbüttel 2: Historica. Hrsg von Wolfgang Harms mit Michael Schilling und Andreas ,,imgs/1672_DEU__132.jpeg,monika
133,Christoph Greiff,Thumolt mit dem Paßauischen kriegsvolckh,1611-01-01,1611-12-31,3/23/2014,12,1,2,Germany,Prometheus Bildarchiv,http://prometheus.uni-koeln.de/pandora/image/show/stabi-72b7,DEU,Germany,Bayrische Staatsbibliothek München,,Paas / John Roger: The German Political Broadsheet (1600 - 1700). Vol. 1: 1600 - 1615. Wiesbaden. 1985. P-161 und PL-27,,imgs/1611_DEU__133.jpeg,monika
134,Peter Paul Rubens,Die Weisheit hält die bewaffnete Rebellion vom Thron,1618-01-01,1650-12-31,3/23/2014,2,1,13,,Prometheus Bildarchiv,http://prometheus.uni-koeln.de/pandora/image/show/heidicon_k,BEL,,Musées Royaux des Beaux-Arts de Belgique <Brüssel>,,,Quelldatenbank: HeidICON - Europäische Kunstgeschichte / Ruprecht-Karls-Universität Heidelberg / Universitätsbibliothek / Ruprecht-Karls-Universität Heidelberg,imgs/1618_BEL__134.jpeg,monika
135,Theodor de Bry,Spanier schlagen Aufstand der afrikanischen Sklaven nieder,1595-01-01,1595-12-31,3/23/2014,12,1,13,Europe,Prometheus Bildarchiv,http://prometheus.uni-koeln.de/pandora/image/show/bpk-57145f,DEU,,Staatliche Museen zu Berlin,Staatliche Museen zu Berlin,bpk / Kunstbibliothek / SMB / Knud Petersen,Bildnachweis: Bry / Theodor de / Americae / Teil V / 1595,imgs/1595_DEU__135.jpeg,monika
136,Adrian Schoonebeeck,Die Flucht Jacobs II. von England,1688-01-01,1705-12-31,3/23/2014,12,1,13,Europe,http://www.welib.de,H. 26 / S. 30,NLD,Netherlands,,,Warburg Electronic Library (WEL),,imgs/1688_NLD__136.jpg,monika
137,unknown,Babylonischer Turmbau anläßlich des Einzugs von Heinrich IV.,1595-01-01,1595-12-31,3/23/2014,12,1,13,,,,FRA,France,Warburg Electronic Library (WEL),,Gabriel Mourey: Le livre des fêtes françaises / Paris 1930 / 63,,imgs/1595_FRA__137.jpg,monika
138,unknown,Allegorie auf Gustav Adolf als Befreier Deutschlands,1640-01-01,1650-12-31,3/23/2014,2,1,13,,http://www.welib.de/rg/index.jsp,http://www.welib.de/rg/index.jsp,SWE,,Stockholm / Kgl. Kunstslg.,,Hubert Glaser / Wittelsbach und Bayern (Kat.) / 1980 / II/2 / Nr. 635,,imgs/1640_SWE__138.jpg,monika
139,Samuel Wale,Robert Kett (d.1549) under the Oak of the Reformation,1750-01-01,1786-12-31,3/23/2014,2,1,13,Great Britain,www.bridgemanart.com,Image ID: NCM 95477,GBR,North England,Norwich Castle Museum and Art Gallery,Norwich Castle Museum and Art Gallery,Bridgeman Art Library,,imgs/1750_GBR__139.jpg,monika
140,George Cruikshank,Sir Thomas Wyatt (c.1521-54) Attacking the Byward Tower,1800-01-01,1850-12-31,3/23/2014,12,1,13,Great Britain,www.bridgemanart.com,Image ID: XJF 136368,GBR,Great Britain,Private Collection,private,Bridgeman Art Library,,imgs/1800_GBR__140.jpg,monika
141,unknown,The Pilgrimage of Grace in 1536,1800-01-01,12/31/1900,3/23/2014,12,1,13,Great Britain,www.bridgemanart.com,XJF 143577,GBR,Great Britain,Private Collection,private,Bridgeman Art Library,,imgs/1800_GBR__141.jpg,monika
142,Sebastian Vrancx,The Confrontation,1600-01-01,1600-12-31,3/23/2014,1,1,13,Europe,www.bridgemanart.com,BAL 77047,GBR,Netherlands,Johnny van Haeften Gallery / London / UK,Johnny van Haeften Gallery / London / UK,Bridgeman Art Library,,imgs/1600_GBR__142.jpg,monika
143,unknown,The Election of the Militia at the Parish of Authon,1688-01-01,1688-12-31,3/23/2014,1,1,6,France,www.bridgemanart.com,Image ID: XIR 158171,FRA,France,Bibliotheque Nationale / Paris / France,Bibliotheque Nationale / Paris / France,Bridgeman Art Library,,imgs/1688_FRA__143.jpg,monika
144,Vroom (after),The defeat of the Spanish Armada, no. 2 in the Spanish Armada series,1589-01-01,3/23/2014 20:22,12,1,13,Great Britain,http://www.bpi1700.org.uk/jsp/image.jsp?image=288104,bpi4500,GBR,,British Museum London,,The Trustees of The British Museum,,imgs/1589_GBR__144.jpg,monika
145,R. Graves,Jenny Cameron / holding a portrait of the 'young pretender',1745-01-01,1750-12-31,3/23/2014,12,1,5,,,,GBR,,Wellcome Library London,,Wellcome Library,,imgs/1745_GBR__145.jpg,monika
146,unknown,Mary (Molly) Blandy / before her execution,1752-01-01,1752-12-31,3/23/2014,12,1,5,,,,GBR,,Wellcome Library London,Wellcome Library London,Wellcome Library London,,imgs/1752_GBR__146.jpg,monika
147,unknown,Queen Marie Antoinette led to her execution on a horse-cart,1793-01-01,1793-12-31,3/23/2014,12,1,13,,,,GBR,,Wellcome Library London,Wellcome Library London,Wellcome Library London,,imgs/1793_GBR__147.jpg,monika
148,unknown,A young woman with a lamp and a key is entering a cell,1750-01-01,1850-12-31,3/23/2014,1,1,13,,,,GBR,,Wellcome Library London,Wellcome Library London,Wellcome Library London,,imgs/1750_GBR__148.jpg,monika
149,Thomas Rowlandson,Christopher Atkinson pilloried,1784-01-01,1784-12-31,3/23/2014,12,1,5,,,,GBR,,Wellcome Library London,Wellcome Library London,Wellcome Library London,,imgs/1784_GBR__149.jpg,monika
150,unknown,Sir Kenelm Digby,1633-01-01,1633-12-31,3/23/2014,12,1,5,Great Britain,,,GBR,Great Britain,Wellcome Library London,Wellcome Library London,Wellcome Library London,,imgs/1633_GBR__150.jpg,monika
151,unknown,Friedrich Wilhelm-Herzog von Braunschweig-Lüneburg,1789-01-01,1789-12-31,3/23/2014,12,1,13,,,,DEU,Wolfenbüttel / Germany,Herzog August Bibliothek Wolfenbüttel,Herzog August Bibliothek Wolfenbüttel,Herzog August Bibliothek Wolfenbüttel,,imgs/1789_DEU__151.jpg,monika
152,unknown,King John signing Magna Charta,1780-01-01,1800-12-31,3/23/2014,12,1,13,,,,DEU,,Herzog August Bibliothek Wolfenbüttel,Herzog August Bibliothek Wolfenbüttel,Herzog August Bibliothek Wolfenbüttel,,imgs/1780_DEU__152.jpg,monika
153,unknown,Monumentum Gloriae für Ernst August,1698-01-01,1698-12-31,3/23/2014,12,1,13,Germany,,,DEU,Germany,Herzog August Bibliothek Wolfenbüttel,Herzog August Bibliothek Wolfenbüttel,Herzog August Bibliothek Wolfenbüttel,,imgs/1698_DEU__153.jpg,monika
154,unknown,Georg Ludwig von Braunschweig,1704-01-01,1704-12-31,3/23/2014,12,1,2,,,,DEU,,Herzog August Bibliothek Wolfenbüttel,Herzog August Bibliothek Wolfenbüttel,Herzog August Bibliothek Wolfenbüttel,,imgs/1704_DEU__154.jpg,monika
155,unknown,The tumultuous crowd at the beheading of rebellious lords,1746-01-01,1746-12-31,3/23/2014,12,1,5,Great Britain,,,GBR,Great Britain,Wellcome Library London,Wellcome Library London,Wellcome Library London,,imgs/1746_GBR__155.jpg,monika
156,unknown,Two men apprehending Lord Edward Fitzgerald at gunpoint,1790-01-01,1850-12-31,3/23/2014,1,1,5,Great Britain,,,GBR,Great Britain or Ireland?,Wellcome Library London,Wellcome Library London,Wellcome Library London,,imgs/1790_GBR__156.jpg,monika
157,Thomas Bowles,In prison,1735-01-01,1735-12-31,3/23/2014,12,2,1,Great Britain,,,GBR,Great Britain,Wellcome Library London,Wellcome Library London,Wellcome Library London,,imgs/1735_GBR__157.jpg,monika
158,T. Cook,The execution of the idle apprentice at Tyburn,1795-01-01,1795-12-31,3/23/2014,12,2,13,Great Britain,,,GBR,Great Britain,Wellcome Library London,Wellcome Library London,Wellcome Library London,,imgs/1795_GBR__158.jpg,monika
159,unknown,The Kentish Out-Laws,1756-01-01,1756-12-31,3/23/2014,12,4,5,,,,GBR,,,,Eighteenth Century Collection Online / Cengage Learning,A political and satirical history of the years 1756 / 1757 / 1758 / 1759 / 1760 / 1761 / and 1762 / page 31,imgs/1756_GBR__159.jpg,monika
160,Wenzel Hollar,The Seales of ARMES of the Bischops of England,1627-01-01,1677-12-31,3/23/2014,12,1,5,Europe,,,DEU,Great Britain,Herzog August Bibliothek Wolfenbüttel,Herzog August Bibliothek Wolfenbüttel,Herzog August Bibliothek Wolfenbüttel,,imgs/1627_DEU__160.jpg,monika
161,unknown,Bishoprics of Scotland,1700-01-01,1800-12-31,3/23/2014,1,1,5,Great Britain,Glasgow Chronicle,,GBR,Glasgow / Scotland,,,,,imgs/1700_GBR__161.jpg,monika
163,unknown,Frontispiece to Historia delle guerre civili,1600-01-01,1700-12-31,3/24/2014,1,1,7,,,,ITA,Italy,,,,,imgs/1600_ITA__163.jpg,monika
164,unknown,Sir Philip Sidney,1581-01-01,1581-12-31,3/24/2014,1,1,5,,,,GBR,from The Image of Ireland (anti-Irish propaganda),,,,,imgs/1581_GBR__164.gif,monika
165,unknown,King Charles I,1660-01-01,1660-12-31,3/24/2014,1,1,5,,,,GBR,from SALMASIUS in defence of Charles I,,,,,imgs/1660_GBR__165.gif,monika
166,unknown,Frontispiece of A Collection of Polite Tales,1700-01-01,1800-12-31,3/24/2014,1,1,5,,,,GBR,,,,,,imgs/1700_GBR__166.jpg,monika
167,unknown,The School of Love or The True Art of Courtship,1700-01-01,1800-12-31,3/24/2014,1,1,5,,,,GBR,,,,,,imgs/1700_GBR__167.jpg,monika
168,unknown,England's vvolfe with eagles clavves,1646-01-01,1646-12-31,3/24/2014,12,4,5,Great Britain,,,GBR,Great Britain,,,,,imgs/1646_GBR__168.png,monika
169,unknown,The Traitor's Coat of Arms,1715-01-01,1715-12-31,3/24/2014,12,1,5,,,,GBR,Great Britain,,,,,imgs/1715_GBR__169.jpg,monika
170,unknown,THE SIEGE OF LONDONDERRY 1689,1689-01-01,1689-12-31,3/24/2014,12,1,5,,,,GBR,Great Britain,,,,,imgs/1689_GBR__170.gif,monika
171,W. Wilde (printer),The Landing of William of Orange in England,1689-01-01,1689-12-31,3/24/2014,12,5,5,Great Britain,Eighteenth Century Books Online,,GBR,London / Great Britain,,,Eighteenth Century Collection Online / Cengage Learning,,imgs/1689_GBR__171.gif,monika
172,unknown,The Liberties of France and England compared,1793-01-01,1793-12-31,3/24/2014,1,1,5,Great Britain,,,GBR,from,,,,,imgs/1793_GBR__172.jpg,monika
174,unknown,Weekness / Innocence and Goodness,1700-01-01,1800-12-31,3/24/2014,12,4,5,,,,GBR,,,,,,imgs/1700_GBR__174.jpg,monika
175,unknown,Twelve Faces of Idiots,1700-01-01,1800-12-31,3/24/2014,12,4,5,,,,GBR,,,,,,imgs/1700_GBR__175.jpg,monika
176,unknown,Horrible Face and Passion,1700-01-01,1800-12-31,3/24/2014,12,4,5,,,,GBR,,,,,,imgs/1700_GBR__176.jpg,monika
177,unknown,Blood-stained lace from the coat of King William III,1690-01-01,1690-12-31,3/24/2014,13,4,13,,http://www.nam.ac.uk/online-collection/detail.php?acc=2001-11-178-1,NAM. 2001-11-178-1,GBR,Netherlands,National Army Museum London,National Army Museum London,National Army Museum London,,imgs/1690_GBR__177.jpg,monika
178,unknown,Watercolour plan of the Battle of Culloden,1746-01-01,1746-12-31,3/24/2014,12,1,5,,http://www.nam.ac.uk/online-collection/,NAM Image Number 130252,GBR,Great Britain,National Army Museum London,National Army Museum London,National Army Museum London,,imgs/1746_GBR__178.jpg,monika
179,unknown,Battle of Aughrim 10 & 11th July 1690,1690-01-01,1690-12-31,3/24/2014,12,1,13,,http://www.nam.ac.uk/online-collection/,NAM Image Number 13863,GBR,Great Britain,National Army Museum London,National Army Museum London,National Army Museum London,,imgs/1690_GBR__179.jpg,monika
180,Felice Beato,The execution of Indian mutineers,1858-01-01,1858-12-31,3/24/2014,13,4,13,Great Britain,http://www.nam.ac.uk/online-collection/,,GBR,India,National Army Museum London,National Army Museum London,National Army Museum London,,imgs/1858_GBR__180.jpg,monika
181,Michael Van de Gucht,Colonel John Hewson,1713-01-01,1713-12-31,3/24/2014,12,4,5,,http://www.nam.ac.uk/online-collection/,NAM Image Number 1020462,GBR,from,National Army Museum London,National Army Museum London,National Army Museum London,,imgs/1713_GBR__181.jpg,monika
182,unknown,The Battle of Falkirk,1746-01-01,1746-12-31,3/24/2014,12,1,5,,http://www.nam.ac.uk/online-collection/detail.php?acc=1972-01-5-1,NAM Image Number 16739,GBR,Great Britain,National Army Museum London,National Army Museum London,National Army Museum London,,imgs/1746_GBR__182.jpg,monika
183,unknown,The Burial of General Simon Fraser,1777-01-01,1777-12-31,3/24/2014,2,1,13,,http://www.nam.ac.uk/online-collection/detail.php?acc=1960-12-200-1,NAM Image Number 1081,GBR,,National Army Museum London,National Army Museum London,National Army Museum London,,imgs/1777_GBR__183.jpg,monika
184,T. Packer,The treacherous massacre of English women and children,1857-01-01,1857-12-31,3/24/2014,12,1,13,,http://www.nam.ac.uk/online-collection/detail.php?acc=1971-02-33-106-1,NAM Image Number 14196,GBR,London / Great Britain,National Army Museum London,National Army Museum London,National Army Museum London,,imgs/1857_GBR__184.jpg,monika
185,unknown,William O'Brien 2nd Earl of Inchiquin,1680-01-01,1680-12-31,3/24/2014,2,1,13,,http://www.nam.ac.uk/online-collection/detail.php?acc=1961-08-28-1,NAM Image Number 21190,GBR,Great Britain,National Army Museum London,National Army Museum London,National Army Museum London,,imgs/1680_GBR__185.jpg,monika
186,unknown,General Hugh MacKay,1690-01-01,1690-12-31,3/24/2014,2,1,13,,http://www.nam.ac.uk/online-collection/detail.php?acc=1961-06-9-1,NAM. 1961-06-9-1,GBR,Great Britain,National Army Museum London,National Army Museum London,National Army Museum London,,imgs/1690_GBR__186.jpg,monika
188,G. Williams after J. Hamilton,Perspektive View of the Battle of Drunmossie Moor 1746,1746-01-01,1746-12-31,3/24/2014,12,1,5,,,NAM Image Number 27645,GBR,,,,,,imgs/1746_GBR__188.jpg,monika
189,John Hall after Benjamin West,The Battle of the Boyne 1690,1781-01-01,1781-12-31,3/24/2014,12,1,5,,http://www.nam.ac.uk/online-collection/,NAM Image Number 1020658,GBR,,National Army Museum London,National Army Museum London,National Army Museum London,,imgs/1781_GBR__189.jpg,monika
190,Mouilleron after Sir William Allan,The Field of Prestonpans 1745,1852-01-01,1852-12-31,3/24/2014,12,1,13,,http://www.nam.ac.uk/online-collection/detail.php?acc=1971-02-33-303-1,NAM Image Number 1011977,GBR,France,National Army Museum London,National Army Museum London,National Army Museum London,,imgs/1852_GBR__190.jpg,monika
191,Edward Walker,His Most Sacred Majesty King Charles,1705-01-01,1705-12-31,3/24/2014,12,1,5,,http://www.nam.ac.uk/online-collection/,1705_NAM Image Number 1018113,GBR,,National Army Museum London,National Army Museum London,National Army Museum London,,imgs/1705_GBR__191.jpg,monika
192,unknown,Portrait traditionally said to be of Colonel John Hutchinson,1650-01-01,1700-12-31,3/24/2014,2,1,13,,http://www.nam.ac.uk/online-collection/,,GBR,Great Britain,National Army Museum London,National Army Museum London,National Army Museum London,,imgs/1650_GBR__192.jpg,monika
193,Grainger,The famous Battle of the Boyne in Ireland 1690,1790-01-01,1790-12-31,3/25/2014,12,1,5,Great Britain,http://www.nam.ac.uk/online-collection/,NAM Image Number 1005370,GBR,Great Britain,National Army Museum London,National Army Museum London,National Army Museum London,,imgs/1790_GBR__193.jpg,monika
194,King James II,Proclamation 16 June 1685 against Duke of Monmouth,1685-01-01,1685-12-31,3/25/2014,12,4,5,Great Britain,http://www.nam.ac.uk/online-collection/detail.php?acc=1989-05-217-1,NAM Image Number 83304,GBR,London / Great Britain,National Army Museum London,National Army Museum London,National Army Museum London,,imgs/1685_GBR__194.jpg,monika
195,Luke Sullivan after Augustin Heckel,The Battle of Culloden 16 April 1746,1746-01-01,1780-12-31,3/25/2014,12,1,5,Great Britain,http://www.nam.ac.uk/online-collection,NAM Image Number128815,GBR,London / Great Britain,National Army Museum London,National Army Museum London,National Army Museum London,,imgs/1746_GBR__195.jpg,monika
196,R. Sayer and J. Bennet,The Battle of Culloden 16 April 1746,1780-01-01,1780-12-31,3/25/2014,12,1,5,Great Britain,http://www.nam.ac.uk/online-collection,NAM Image Number 102180,GBR,London / Great Britain,National Army Museum London,National Army Museum London,National Army Museum London,,imgs/1780_GBR__196.jpg,monika
197,Ploetz Historischer Weltatlas / Monika Barget,Europe 1740 (lightblue),01.01.2014,12/31/2014,3/25/2014,13,4,2,,Ploetz Atlas der Weltgeschichte,,DEU,Germany,,,,,imgs/2014_DEU__197.jpg,monika
199,Ploetz Historischer Weltatlas / Monika Barget,Europe 1740 (white background),01.01.2014,12/31/2014,3/25/2014,13,4,2,,Ploetz Atlas der Weltgeschichte,,DEU,Germany,,,,,imgs/2014_DEU__199.jpg,monika
200,Ploetz Historischer Weltatlas / Monika Barget,Europe 1740 (black background),01.01.2014,12/31/2014,3/25/2014,13,4,2,,Ploetz Atlas der Weltgeschichte,,DEU,Germany,,,,,imgs/2014_DEU__200.jpg,monika
201,Ploetz Historischer Weltatlas / Monika Barget,Europe 1740 (lightgrey),01.01.2014,12/31/2014,3/25/2014,13,4,2,,Ploetz Atlas der Weltgeschichte,,DEU,Germany,,,,,imgs/2014_DEU__201.jpg,monika
202,Ploetz Historischer Weltatlas / Monika Barget,Europe 1740 (darkgrey),01.01.2014,12/31/2014,3/25/2014,13,4,2,,Ploetz Atlas der Weltgeschichte,,DEU,Germany,,,,,imgs/2014_DEU__202.jpg,monika
203,unknown,Bestrafung der aufständischen Bauern Niederösterreichs / 1597,1597-01-01,1597-12-31,3/31/2014,12,1,2,,http://www.aeiou.at/aeiou.encyclop.b/b171610.htm,,AUT,,Heimathaus Freistadt / Oberösterreich,,,,imgs/1597_AUT__203.jpg,m.griesse
204,Anonymous,Den Nieuwen Barnevalschen Handel,1618-01-01,1620-12-31,3/31/2014,12,1,3,,,,NLD,,,,,,imgs/1618_NLD__204.jpg,david
205,Anonymous,Nassausche heldenhemel,1649-01-01,1649-12-31,3/31/2014,12,1,1,,,,NLD,,,,,,imgs/1649_NLD__205.jpg,david
206,Anonymous,Arminiaensche Uytvaert,1619-01-01,1619-12-31,3/31/2014,12,1,3,,,,AFG,,,,,,imgs/1619_AFG__206.jpg,david
207,Anonymous,Bestandstwisten,1609-01-01,1621-12-31,3/31/2014,12,1,3,,,,AFG,,,,,,imgs/1609_AFG__207.jpg,david
208,unknown,Das rebelische Baurn Parlament zu Brauna(u) / 1626,1626-01-01,1626-12-31,04.03.2014,12,1,2,,http://austria-forum.org/af/Bilder_und_Videos/Historische_Bi,,AUT,??,,,IMAGNO/Austrian Archives,,imgs/1626_AUT__208.jpg,m.griesse
209,unknown,Der Bayrischen Rebellen Rädelsführer Erste Execution,1706-01-01,1706-12-31,04.03.2014,12,1,2,,http://protest-muenchen.sub-bavaria.de/artikel/3526,,DEU,?,,,,,imgs/1706_DEU__209.jpg,m.griesse
210,Hogenberg / Franz,Exécution de l'émissaire impérial Gosson à Utrecht le 261578,1578-01-01,1578-12-31,04.03.2014,12,1,2,,http://www.akg-images.fr/archive/-2UMDHURGJE_A.html,,NLD,Utrecht / Spanish Netherlands,,,,,imgs/1578_NLD__210.jpg,m.griesse
211,unknown,Exécution de Gosson,1578-01-01,1578-12-31,04.03.2014,12,1,1,,http://gallica.bnf.fr/ark:/12148/btv1b8400733v.r=ex%C3%A9cut,,NLD,,,,,,imgs/1578_NLD__211.jpg,m.griesse
212,Ploetz Historischer Weltatlas / Monika Barget,Map for Timeline UKRAINE LIGHT BLUE,01.01.2014,12/31/2014,04.05.2014,13,4,1,,,,DEU,,,,,,imgs/2014_DEU__212.jpg,monika
213,Ploetz Historischer Weltatlas / Monika Barget,Map for Timeline HOLY ROMAN EMPIRE VIOLET,01.01.2014,12/31/2014,04.05.2014,13,4,2,,,,DEU,,,,,,imgs/2014_DEU__213.jpg,monika
214,Ploetz Historischer Weltatlas / Monika Barget,Map for Timeline NO SELECTION BLUE,01.01.2014,12/31/2014,04.05.2014,13,4,2,,,,DEU,,,,,,imgs/2014_DEU__214.jpg,monika
215,Ploetz Historischer Weltatlas / Monika Barget,Map for Timeline BRITAIN PINK,01.01.2014,12/31/2014,04.05.2014,13,4,2,,,,DEU,,,,,,imgs/2014_DEU__215.jpg,monika
216,Ploetz Historischer Weltatlas / Monika Barget,Map for Timeline DENMARK YELLOW,01.01.2014,12/31/2014,04.05.2014,13,4,2,,,,DEU,,,,,,imgs/2014_DEU__216.jpg,monika
217,Ploetz Historischer Weltatlas / Monika Barget,Map for Timeline FRANCE GREEN,01.01.2014,12/31/2014,04.05.2014,13,4,2,,,,DEU,,,,,,imgs/2014_DEU__217.jpg,monika
218,Ploetz Historischer Weltatlas / Monika Barget,Map for Timeline ITALY PURPLE,01.01.2014,12/31/2014,04.06.2014,13,4,2,,,,DEU,,,,,,imgs/2014_DEU__218.jpg,monika
219,Ploetz Historischer Weltatlas / Monika Barget,Map for Timeline NETHERLANDS BROWN,01.01.2014,12/31/2014,04.06.2014,13,4,2,,,,DEU,,,,,,imgs/2014_DEU__219.jpg,monika
220,Ploetz Historischer Weltatlas / Monika Barget,Map for Timeline POLAND GREEN,01.01.2014,12/31/2014,04.06.2014,13,4,2,,,,DEU,,,,,,imgs/2014_DEU__220.jpg,monika
221,Ploetz Historischer Weltatlas / Monika Barget,Map for Timeline RUSSIA RED,01.01.2014,12/31/2014,04.06.2014,13,4,2,,,,DEU,,,,,,imgs/2014_DEU__221.jpg,monika
222,Ploetz Historischer Weltatlas / Monika Barget,Map for Timeline SPAIN RED,01.01.2014,12/31/2014,04.06.2014,13,4,2,,,,DEU,,,,,,imgs/2014_DEU__222.jpg,monika
223,Ploetz Historischer Weltatlas / Monika Barget,Map for Timeline SWEDEN LIGHTBLUE,01.01.2014,12/31/2014,04.06.2014,13,4,2,,,,DEU,,,,,,imgs/2014_DEU__223.jpg,monika
225,Ploetz Historischer Weltatlas / Monika Barget,Map for timeline COLOURS COMBINED,01.01.2014,12/31/2014,04.07.2014,13,4,2,,,,DEU,,,,,,imgs/2014_DEU__225.jpg,monika
226,unknown,Votivbild Hartkirchen: Bauern ermorden Jesuiten-Verwalter,1626-01-01,1800-12-31,04.09.2014,1,1,2,,,Karl Eichmeyer et al. (ed.) / Weilß gilt die Seel und auch das Guet. Oberösterreichische Bauernaufstände und Bauernkriege im 16. und 17. Jahrhundert. Oberösterreichischer Landesverlag 1976 / Abb. 34,DEU,Hartkirchen (Hausruckviertel / Eferding) / Upper Austria??,Hartkirchen / Upper Austria / church??,,,,imgs/1626_DEU__226.jpg,m.griesse
227,unknown,Extract zweier Particularschreiben,1626-01-01,1626-12-31,04.09.2014,1,1,2,,,Extract zweier Particularschreiben eins an Signor Pladis von den rebellischen Bauren im Land ob der Ens  / das andere an Fertilli Frau Orschu,AUT,,OÖLA (Oberösterreichisches Landesarchiv) / Neuerwerbungen / Bd. 102 / Nr.7 [nach OÖ Bauernkrieg / Ausstellungskatalog  1976 / I/67.],,,,imgs/1626_AUT__227.jpg,m.griesse
228,unknown,Begehren der obderennsischen Bauernschaft in 12 Artikeln beim Kaiser,1626-01-01,1626-12-31,04.10.2014,12,1,2,,Julius Strnadt: Der Bauernkrieg in Oberösterreich im Jahre 1626 / Tafel 12,,AUT,,Original-Kupferstich im Landesarchiv / Linz,,,,imgs/1626_AUT__228.jpg,m.griesse
229,unknown,Belagerung von Linz durch Stephan Fadinger,1626-01-01,1700-12-31,04.10.2014,12,1,2,,Julius Strnadt: Der Bauernkrieg in Oberösterreich im Jahre 1626 / Tafel 9,,AUT,,Original-Kupferstich im Landesarchiv / Linz,,,Oesterreichische Religions-Reformation und Ober-Ennserischer ,imgs/1626_AUT__229.jpg,m.griesse
230,unknown,Belagerung von Linz durch die Bauern,1626-01-01,1626-12-31,04.10.2014,12,1,2,,Julius Strnadt: Der Bauernkrieg in Oberösterreich im Jahre 1626 / Tafel 10,,AUT,,Original-Kupferstich im Landesmuseum / Linz,,,Picture figures on top of the Extract zweier Particularschreiben eins an Signor Pladis von den rebellischen Bauren im Land ob der Ens  / das andere an Fertilli Frau Orschu. which are presented as two (fictive) letters / one by Signor Francesco Spazagamini,imgs/1626_AUT__230.jpg,m.griesse
231,unknown,Gründliche und Warhafftige Beschreibung des Auffstands von den Bawren ob der Enss,1626-01-01,1626-12-31,04.10.2014,1,1,2,,Julius Strnadt: Der Bauernkrieg in Oberösterreich im Jahre 1626 / Tafel 13,,AUT,Augsburg,Original im Landesarchiv Linz,,,,imgs/1626_AUT__231.jpg,m.griesse
232,unknown,Daniel Mair / Sauschneider / verschreibt sich 1638 in Braunau dem Teufel,1638-01-01,1670-12-31,04.10.2014,1,1,2,,http://www.ooegeschichte.at/themen/politik-recht-und-gesellschaft/schande-folter-hinrichtung/tatort-taeterueberfuehrung-folter-und-prozess/kaperger-bande/,Aus: Fünfundzwanzigteiliger Bilderzyklus zur Kaperger Bande von 1657/58 / Ölgemälde / Leihgabe Stift Schlierbach / Stiftsarchiv  / Inv. Nr. 377-401.,AUT,,Stift Schlierbach / Inv. Nr. 377-401,,Stift Schlierbach / Foto: OÖ. Landesmuseen / Ernst Grilnberger,,imgs/1638_AUT__232.jpg,m.griesse
233,unknown,Fünfundzwanzigteiliger Bilderzyklus zur Kaperger Bande Bild 2,1657-01-01,1658-12-31,04.10.2014,2,2,2,,http://www.ooegeschichte.at/themen/politik-recht-und-gesellschaft/schande-folter-hinrichtung/tatort-taeterueberfuehrung-folter-und-prozess/kaperger-bande/,(Bildlegende zit. nach. Scheutz 2008 / 66-86),AUT,,,,Stift Schlierbach / Foto: OÖ. Landesmuseen / Ernst Grilnberger,,imgs/1657_AUT__233.jpg,m.griesse
234,unknown,Kaperger und Ridler schließen unter Anleitung des Sauschneiders ein Pakt mit dem Teufel,1657-01-01,1658-12-31,04.10.2014,2,2,2,,http://www.ooegeschichte.at/themen/politik-recht-und-gesellschaft/schande-folter-hinrichtung/tatort-taeterueberfuehrung-folter-und-prozess/kaperger-bande/,Bildlegende zit. nach. Scheutz 2008 / 66-86,AUT,,Fünfundzwanzigteiliger Bilderzyklus zur Kaperger Bande von 1657/58 / Ölgemälde / Leihgabe Stift Schlierbach / Stiftsarchiv / Inv. Nr. 377-401.,,Stift Schlierbach / Foto: OÖ. Landesmuseen / Ernst Grilnberger,,imgs/1657_AUT__234.jpg,m.griesse
235,unknown,Sigmund Ridler schändet eine Hostie in Vorchdorf,1657-01-01,1658-12-31,04.10.2014,2,2,2,,http://www.ooegeschichte.at/themen/politik-recht-und-gesellschaft/schande-folter-hinrichtung/tatort-taeterueberfuehrung-folter-und-prozess/kaperger-bande/,(Bildlegende zit. nach. Scheutz 2008 / 66-86),AUT,,Ölgemälde / Leihgabe Stift Schlierbach / Stiftsarchiv / Inv. Nr. 377-401.,,Stift Schlierbach / Foto: OÖ. Landesmuseen / Ernst Grilnberger,,imgs/1657_AUT__235.jpg,m.griesse
237,unknown,Ridler erzeugt Hagelgewitter mit Hostie,1657-01-01,1658-12-31,04.11.2014,2,2,2,,www.ooegeschichte.at/themen/politik-recht-und-gesellschaft/schande-folter-hinrichtung/tatort-taeterueberfuehrung-folter-und-prozess/kaperger-bande/,(Bildlegende zit. nach. Scheutz 2008 / 66-86),AUT,Ölgemälde / Leihgabe Stift Schlierbach / Stiftsarchiv / Inv. Nr. 377-401.,Oberösterreichisches Landesmuseum,,,,imgs/1657_AUT__237.jpg,m.griesse
238,unknown,Nie erhörte mißhandlungen in Schlesien von Todtengräbern begangen / wie sie 1606 hingerichtet worden,1606-01-01,1606-12-31,04.11.2014,12,2,2,,Kunzle / Early modern comic strip / p.171,,DEU,Augsburg,?,,,,imgs/1606_DEU__238.jpg,m.griesse
239,Hollar / Wenzel,A public execution at Linz,1636-01-01,1636-12-31,04.12.2014,12,1,1,,http://upload.wikimedia.org/wikipedia/commons/e/e9/Hinrichtung_Martin_Aichingers.png,,AFG,,The Duke of Devonshire / Chatsworth. Welesley Collection / later Rev. J.J. Heywood Collection.,,,,imgs/1636_AFG__239.png,m.griesse
240,unknown,Bauernführer Jäcklein Rohrbach wird 1525 in Neckargartach bei lebendigem Leib verbrannt,1551-01-01,1551-12-31,04.12.2014,1,1,2,,http://commons.wikimedia.org/wiki/File:Rohrbach-verbrennung-1525.jpg,,DEU,,,,,Cf. on Rohrbach: http://de.wikipedia.org/wiki/J%C3%A4cklein_Rohrbach,imgs/1551_DEU__240.jpg,m.griesse
241,Berger / Georg,Hinrichtung der Wiedertäufer auf dem Prinzipalmarkt von Münster (1535),1607-01-01,1607-12-31,4/13/2014,1,1,2,,http://commons.wikimedia.org/wiki/File:MuensterHinrichtungTaeufer.jpg,,DEU,,,,,,imgs/1607_DEU__241.jpg,m.griesse
242,unknown,Gemälde mit 12 Einzeldarstellunen aus dem Bauernkrieg 1626,1626-01-01,1650-12-31,4/13/2014,1,1,2,three copies of this picture-series have been found / 1) OÖ Landesmuseum 2) collection of the Stift Kremsmünster / 3) private possession,OÖ Landesmuseum / attachment sent by Schultes,Der oberösterreichische Bauernkrieg. Ausstellungskatalog / II 19f. with transcription (another copy / some slight differences / different order of pictures),AUT,,OÖ Landesmuseum,,,,imgs/1626_AUT__242.jpg,m.griesse
243,unknown,Rechtgründlicher Bericht Des grossen Tumult vnd Aufstand in Osterreich,1626-01-01,1626-12-31,4/13/2014,12,1,2,,Julius Strnadt: Der Bauernkrieg in Oberösterreich im Jahre 1626 / Tafel 15,,AUT,,Staatsbibliothek Dresden,,,Printed version of the report quoted in Koch / Beiträge I / 85 [149] fg. (Cf. Stieve / II / 270 / no.10.,imgs/1626_AUT__243.jpg,m.griesse
244,unknown,Erschrockener bewaffneter Bauer,1626-01-01,1626-12-31,4/13/2014,12,1,2,Used in different pamphlets of 1626,Julius Strnadt: Der Bauernkrieg in Oberösterreich im Jahre 1626 / Tafel 18,,AUT,,Staatsbibliothek Berlin,,,,imgs/1626_AUT__244.jpg,m.griesse
245,unknown,Glucks Hafen Des vor ein Hundert Jahrn vorgangenen Baurenkriegs,1627-01-01,1627-12-31,4/14/2014,1,1,2,,Julius Strnadt: Der Bauernkrieg in Oberösterreich im Jahre 1626 / Tafel 22, John Roger Paas / German Political Broadside / v. 4 / 252 / P-1119,,AUT,,Staatsbibliothek Dresden,,,imgs/1627_AUT__245.jpg,m.griesse
246,unknown,Bauern im Kampf,1626-01-01,1626-12-31,4/14/2014,12,1,2,,Julius Strnadt: Der Bauernkrieg in Oberösterreich im Jahre 1626 / Tafel 21,,AUT,,Nationalbibliothek Wien,,,,imgs/1626_AUT__246.jpg,m.griesse
247,unknown,The Execution of Sir Thomas Armstrong 1684,1684-01-01,1684-12-31,4/16/2014,12,1,5,,www.bridgemanart.com,,GBR,,,,Bridgeman Art Library,,imgs/1684_GBR__247.jpg,monika
248,unknown,The execution of Cromwell / Bradshaw and Ireton in 1661,1661-01-01,1661-12-31,4/16/2014,12,1,5,,www.bridgemanart.com,,GBR,,,,Bridgeman Art Library,,imgs/1661_GBR__248.jpg,monika
249,unknown,Gibbeting of Captain William Kid in 1701,1701-01-01,1701-12-31,4/16/2014,12,1,5,,www.bridgemanart.com,,GBR,London / Great Britain,,,Bridgeman Art Library,,imgs/1701_GBR__249.jpg,monika
250,unknown,Murder of Arthur Wolfe / lst Viscount Kilwarden (1739-1803),1802-01-01,1802-12-31,4/16/2014,12,1,5,,www.bridgemanart.com,,GBR,Great Britain or Ireland?,,,Bridgeman Art Library,,imgs/1802_GBR__250.jpg,monika
251,unknown,The Trial of Robert Francois Damiens (1715-57),1757-01-01,1757-12-31,4/16/2014,12,1,6,,www.bridgemanart.com,,FRA,France,,,Bridgeman Art Library,,imgs/1757_FRA__251.jpg,monika
252,Paul Revere,The Able Doctor / or America Swallowing the Bitter Draught,1774-01-01,1774-12-31,4/16/2014,12,5,5,,www.bridgemanart.com,,USA,Boston,,,Bridgeman Art Library,The print is described in George: English Political Caricatures to 1792. A study of opinion and propaganda / Oxford 1959 / p. 150 (PLATE 47),imgs/1774_USA__252.jpg,monika
253,unknown,Whiskey Rebellion 1794,1794-01-01,1794-12-31,4/16/2014,12,1,5,,www.bridgemanart.com,,USA,United States,,,Bridgeman Art Library,,imgs/1794_USA__253.jpg,monika
254,unknown,Stefan Fadinger beim Mahle im Stift zu Kremsmünster,1626-01-01,1626-12-31,4/16/2014,1,1,2,,Julius Strnadt: Der Bauernkrieg in Oberösterreich im Jahre 1626 / Tafel 26,,AUT,,Stift Kremsmünster,,,Hartmann / Historische Volkslieder und Zeitgedichte vom 16. bis 19. Jahrhundert / Bd.1 / p.200-202 / no.44. (Transcription of the text and detailed description of the picture)In color / but low resolution on: http://www.ooegeschichte.at/pic.html?tx_theme_pi3%5Bfile%5D=%2Fmedia%2Fbilder%2Fallgemein%2Fausstellungen%2Fkulinarisches_kloster%2Fstift_schlaegl%2Fgemaelde_fadinger_01.jpg&cHash=583d11676d2f2b4c07e05885e99ce600,imgs/1626_AUT__254.jpg,m.griesse
255,unknown,American Gibbet,1770-01-01,1800-12-31,4/16/2014,13,4,5,,www.bridgemanart.com,,USA,United States,,,Bridgeman Art Library,,imgs/1770_USA__255.jpg,monika
256,unknown,Petition from the General Congress in America to the King /,1774-01-01,1774-12-31,4/16/2014,12,1,5,,www.bridgemanart.com,,USA,United States,,,Bridgeman Art Library,,imgs/1774_USA__256.jpg,monika
257,unknown,The Testimony of the People Called Quakers,1775-01-01,1775-12-31,4/16/2014,12,1,5,,www.bridgemanart.com,,USA,Philadelphia / United States,,,Bridgeman Art Library,,imgs/1775_USA__257.jpg,monika
258,unknown,American Bank Notes,1776-01-01,1779-12-31,4/16/2014,12,1,5,,www.bridgemanart.com,,USA,United States,,,Bridgeman Art Library,,imgs/1776_USA__258.jpg,monika
260,unknown,Warning by Boston Patriots not to land Tea,1773-01-01,1773-12-31,4/16/2014,1,1,5,,www.bridgemanart.com,,USA,Boston / United States,diverse archives in North America,expired,Bridgeman Art Library,,imgs/1773_USA__260.jpg,monika
261,unknown,Proclamation by the Sons of Liberty,1765-01-01,1770-12-31,4/16/2014,12,1,5,,www.bridgemanart.com,,USA,United States,,,Bridgeman Art Library,,imgs/1765_USA__261.jpg,monika
262,unknown,Pulling down the Statue of King George III,1776-01-01,1800-12-31,4/16/2014,12,1,5,,www.bridgemanart.com,,USA,United States,,,Bridgeman Art Library,,imgs/1776_USA__262.jpg,monika
263,unknown,John Dickinson / the Patriotic American Farmer,1770-01-01,1800-12-31,4/16/2014,12,1,5,,www.bridgemanart.com,,USA,United States,,,Bridgeman Art Library,,imgs/1770_USA__263.jpg,monika
264,unknown,Ode to the Liberty Tree / written by Thomas Paine,1775-01-01,1775-12-31,4/16/2014,12,1,5,Pennsylvania Magazine,www.bridgemanart.com,,USA,Pennsylvania / United States,,,Bridgeman Art Library,,imgs/1775_USA__264.jpg,monika
265,unknown,Songs on the evacuation of Boston 1776,1776-01-01,1776-12-31,4/16/2014,12,1,5,,www.bridgemanart.com,,USA,Boston / United States,,,Bridgeman Art Library,,imgs/1776_USA__265.jpg,monika
266,unknown,Article on the Boston Massacre,1776-01-01,1776-12-31,4/16/2014,12,1,5,Boston Chronicle',www.bridgemanart.com,,USA,Boston / United States,,,Bridgeman Art Library,,imgs/1776_USA__266.jpg,monika
267,Paul Revere,The Boston Massacre,1770-01-01,1770-12-31,4/16/2014,12,1,5,,www.bridgemanart.com,,USA,Boston / United States,,,Bridgeman Art Library,,imgs/1770_USA__267.jpg,monika
268,Ezekiel Russell,Bloody Butchery of the British Troops: or the Runaway Fight of the Regulars,1775-01-01,1775-12-31,4/16/2014,12,1,5,North America / Britain,www.bridgemanart.com,Selected Americana from Sabin's Dictionary of books relating to America , fiches A-64 /376-64 /377.,USA,Salem / United States,National Library of Scotland,National Library of Scotland,Bridgeman Art Library,imgs/1775_USA__268.jpg,monika
269,unknown,Representation of the Federal Chariot,1788-01-01,1788-12-31,4/16/2014,12,4,5,,www.bridgemanart.com,,USA,Boston / United States,,,Bridgeman Art Library,illustration from 'Bickerstaff's Boston Almanack',imgs/1788_USA__269.jpg,monika
270,unknown,The Battle of Lexington on 19th April 1775,1800-01-01,12/31/1900,4/16/2014,12,1,5,,www.bridgemanart.com,,USA,United States,,,Bridgeman Art Library,,imgs/1800_USA__270.jpg,monika
271,unknown,Address to the American Army,1775-01-01,1775-12-31,4/16/2014,12,1,5,,www.bridgemanart.com,,USA,Salem / United States,,,Bridgeman Art Library,,imgs/1775_USA__271.jpg,monika
272,unknown,Destruction of Tea in the Boston Harbour,1773-01-01,1800-12-31,4/16/2014,12,1,5,,www.bridgemanart.com,,USA,United States,,,Bridgeman Art Library,,imgs/1773_USA__272.jpg,monika
273,unknown,Stephan Fadinger: Portrait,1750-01-01,1750-12-31,4/16/2014,1,1,2,,http://wienwiki.wienerzeitung.at/WIENWIKI/index.php?title=Datei%3AStefan_Fadinger_Bild.jpg&filetimestamp=20120411020335,,AUT,,Bildnis von Stefan Fadinger im „Stefan Fadinger-Museum“ St. Agatha,?,Johann Werfring (photographer),,imgs/1750_AUT__273.jpg,m.griesse
274,unknown,Ein geistreicher Gesang / welchen die Baurn... alle 24 Stund viermal... zu singen pflegen,1626-01-01,1626-12-31,4/17/2014,12,1,2,,Julius Strnadt: Der Bauernkrieg in Oberösterreich im Jahre 1626 / Tafel 27,,AUT,,,,,August Hartmann / Historische Volkslieder und Zeitgedichte / I / S.194-199.,imgs/1626_AUT__274.jpg,m.griesse
275,unknown,Stephan Fadinger: Portrait,1628-01-01,1628-12-31,4/17/2014,2,1,2,,,,AUT,,OÖ Landesmuseum lnvnr. G96,,,,imgs/1628_AUT__275.jpg,m.griesse
276,William Hogarth,March of the Guard to Finchley (detail),1750-01-01,1750-12-31,4/17/2014,2,1,5,,www.bridgemanart.com,,GBR,London / Great Britain,,,Bridgeman Art Library,,imgs/1750_GBR__276.jpeg,monika
277,unknown,Mercy outweighs butchery,1749-01-01,1749-12-31,4/17/2014,12,1,5,,,,GBR,Edinburgh,National Library of Scotland,,Bridgeman Art Library,,imgs/1749_GBR__277.png,monika
279,unknown,The agreeable contrast,1746-01-01,1746-12-31,4/17/2014,12,1,5,,,,GBR,Edinburgh,National Library of Scotland,,National Library of Scotland,,imgs/1746_GBR__279.jpg,monika
280,unknown,The agreeable contrast between John of Gant and Don Carlos,1749-01-01,1749-12-31,4/17/2014,12,1,5,,,,GBR,Edinburgh,National Library of Scotland,,National Library of Scotland,,imgs/1749_GBR__280.jpg,monika
281,unknown,The true contrast between the Hero and the Bravo,1746-01-01,1746-12-31,4/17/2014,12,1,5,,,,GBR,London / Great Britain,National Library of Scotland,,National Library of Scotland,,imgs/1746_GBR__281.jpg,monika
283,unknown,The agreeable contrast between the British Hero / and the Italian Fugitive,1746-01-01,1746-12-31,4/17/2014,12,1,5,,,,GBR,London / Great Britain,British Museum London,,British Museum London,,imgs/1746_GBR__283.jpg,monika
284,John Gabriel Stedman,The Execution of Breaking on the Rack,1793-01-01,1806-12-31,4/17/2014,12,5,5,,from 'Narrative of a Five Years' Expedition against the Revolted Negroes of Surinam' / pub. 1806,,GBR,London / Great Britain,British Museum London,,Bridgeman Art Library,,imgs/1793_GBR__284.jpg,monika
285,unknown,Shocking circumstance on the intended execution of a criminal,1750-01-01,1800-12-31,4/17/2014,12,1,5,,,,GBR,London / Great Britain,,,Bridgeman Art Library,,imgs/1750_GBR__285.jpg,monika
286,unknown,The execution of Perroll in Smithfield for defrauding his creditors under a commission of bankruptcy,1750-01-01,1800-12-31,4/17/2014,12,1,5,,,,GBR,London / Great Britain,,,Bridgeman Art Library,,imgs/1750_GBR__286.jpg,monika
287,unknown,An exact view of the execution of Lord Ferrers,1750-01-01,1800-12-31,4/17/2014,12,1,5,,,,GBR,London / Great Britain,,,Bridgeman Art Library,,imgs/1750_GBR__287.jpg,monika
288,unknown,Hanging a pirate at Wapping by the River Thames in the eighteenth century,1750-01-01,1800-12-31,4/17/2014,12,1,5,,,,GBR,London / Great Britain,,,Bridgeman Art Library,,imgs/1750_GBR__288.jpg,monika
289,unknown,Woman counterfeiter of silver coins burned at the stake,1789-01-01,1789-12-31,4/17/2014,12,1,5,,from a collection of chapbooks on esoterica & folklore,,GBR,London / Great Britain,,,Bridgeman Art Library,from a collection of chapbooks on esoterica & folklore,imgs/1789_GBR__289.jpg,monika
290,unknown,New Gallows built for public executions in 1785 at the Old Bailey,1785-01-01,1785-12-31,4/17/2014,12,1,5,,,,GBR,London / Great Britain,,,Bridgeman Art Library,,imgs/1785_GBR__290.jpg,monika
291,unknown,Colonial resistance to the Stamp and Tea Acts,1774-01-01,1774-12-31,4/17/2014,12,1,5,,,,USA,United States,Bunker Hill Museum / Boston / USA,,unknown,,imgs/1774_USA__291.jpg,monika
292,unknown,A New Method of Macaroni Making as Practised at Boston in North America / 12 October 1774,1774-01-01,1774-12-31,4/17/2014,12,1,5,,http://www.loc.gov/pictures/item/2004673300/,,GBR,Great Britain,Library of Congress / Washington D.C. / USA,Library of Congress / Washington D.C. / USA,Bridgeman Art Library,,imgs/1774_GBR__292.jpg,monika
293,unknown,The Bostonians in Distress,1774-01-01,1774-12-31,4/17/2014,12,1,5,,,,GBR,Great Britain,,,Bridgeman Art Library,,imgs/1774_GBR__293.jpg,monika
294,unknown,The Boston Tea Party / 16 December 1773,1789-01-01,1789-12-31,4/17/2014,12,1,5,,,,GBR,London / Great Britain,,,Bridgeman Art Library,,imgs/1789_GBR__294.jpg,monika
295,unknown,The Bostonians Paying the Exciseman / or Tarring and Feathering,1774-01-01,1774-12-31,4/17/2014,12,1,5,,,,USA,United States,American Antiquarian Society / Worcester / Massachusetts / USA,American Antiquarian Society / Worcester / Massachusetts / USA,Bridgeman Art Library,,imgs/1774_USA__295.jpg,monika
296,unknown,Boston patriots forcing British tea into a tax collector / who has been tarred and feathered,1773-01-01,1800-12-31,4/17/2014,12,1,5,,,,USA,United States,,,Bridgeman Art Library,,imgs/1773_USA__296.jpg,monika
297,unknown,American revolutionaries toppling the statue of British King George III,1776-01-01,1800-12-31,4/17/2014,12,1,5,,www.bridgemanart.com,,USA,United States,,,Bridgeman Art Library,,imgs/1776_USA__297.jpg,monika
298,John Goldar,The Unfortunate Death of Major Andre / Adjutant General to the English Army,1783-01-01,1783-12-31,4/17/2014,1,5,5,,www.bridgemanart.com / www.loc.gov,,USA,United States,Library of Congress / Washington D.C.,Library of Congress,Bridgeman Art Library / Library of Congress,,imgs/1783_USA__298.jpg,monika
299,unknown,Execution of Major John Andre,1780-01-01,1780-12-31,4/17/2014,12,1,5,,www.bridgemanart.com,,USA,United States,,,Bridgeman Art Library,,imgs/1780_USA__299.jpg,monika
300,unknown,Bostonians burning the Stamped Paper,1770-01-01,1800-12-31,4/17/2014,12,1,5,,www.bridgemanart.com,,USA,United States,,,Bridgeman Art Library,,imgs/1770_USA__300.jpg,monika
301,unknown,Representation of the figures exhibited and paraded through the streets of Philadelphia,1780-01-01,1780-12-31,4/17/2014,12,1,5,,www.bridgemanart.com,,USA,United States,,,Bridgeman Art Library,,imgs/1780_USA__301.jpg,monika
302,unknown,Reconciliation between Britannia and her Daughter America,1782-01-01,1782-12-31,4/17/2014,12,1,5,,www.bridgemanart.com,,USA,London / Great Britain,,,Bridgeman Art Library,,imgs/1782_USA__302.jpg,monika
303,unknown,Un Lynchage Aux Etats-Unis (Lynching in Kentucky),01.01.1909,12/31/1909,4/17/2014,12,1,6,,www.bridgemanart.com,Illustration from Petit Journal / 1909,FRA,France,,,Bridgeman Art Library,,imgs/1909_FRA__303.jpg,monika
304,unknown,General Anthony Wayne attempts to quell a mutiny of Pennsyvanian troops from Morristown,1781-01-01,1781-12-31,4/17/2014,12,1,5,,,,USA,Pennsylvania / United States,,,unknown,,imgs/1781_USA__304.jpg,monika
305,unknown,John Paul Jones shooting a sailor who had attempted to strike his colours,1779-01-01,1779-12-31,4/17/2014,12,1,5,,,,USA,Pennsylvania / United States,,,Bridgeman Art Library,,imgs/1779_USA__305.jpg,monika
306,unknown,Boston citizens tar and feather a tax collector,1800-01-01,12/31/1900,4/17/2014,12,1,5,,,,USA,United States,,,Bridgeman Art Library,,imgs/1800_USA__306.jpg,monika
307,unknown,View of the Town of Concord,1775-01-01,1800-12-31,4/17/2014,12,1,5,,,,USA,United States,,,Bridgeman Art Library,,imgs/1775_USA__307.jpg,monika
310,unknown,Liberty Triumphant / or the Downfall of Oppression,1773-01-01,1773-12-31,4/17/2014,12,1,5,,,,USA,Massachusetts / United States,,,Bridgeman Art Library,,imgs/1773_USA__310.jpg,monika
319,Kilian / Wolfgang,Eigentlicher Abriss / als im 1626 Jar die Pawren in Oesterreich ob der Ennss Rebellisch gewest,1626-01-01,1626-12-31,4/18/2014,12,1,2,,Julius Strnadt: Der Bauernkrieg in Oberösterreich im Jahre 1626 / Tafel 6,,AUT,Augsburg,Preußische Staatsbibliothek Berlin,,,,imgs/1626_AUT__319.jpg,m.griesse
320,unknown,Bonnie Prince Charlie,1800-01-01,12/31/1900,4/18/2014,12,1,5,,,,GBR,Great Britain,Private Collection,private,Bridgeman Art Library,,imgs/1800_GBR__320.jpg,monika
321,William Brassey Hole,Prince Charles Edward in Edinburgh (Holyrood House),1850-01-01,12/31/1900,4/18/2014,2,1,13,,www.bridgemanart.com,Image number EDB50702,GBR,Great Britain,City of Edinburgh Museums and Art Galleries / Scotland,City of Edinburgh Museums and Art Galleries / Scotland,Bridgeman Art Library,,imgs/1850_GBR__321.jpg,monika
322,Alexander,Prince Charles Edward,1750-01-01,1751-12-31,4/18/2014,2,1,13,,,,FRA,France,Private Collection,private,Bridgeman Art Library,,imgs/1750_FRA__322.jpg,monika
323,unknown,Portrait of Queen Anne,1700-01-01,1714-12-31,4/18/2014,2,1,13,,,,GBR,Great Britain,Private Collection,private,Bridgeman Art Library,,imgs/1700_GBR__323.jpg,monika
324,John Pettie,Bonnie Prince Charlie at Holyroodhouse / Edinburgh,1891-01-01,1892-12-31,4/18/2014,2,1,13,,,,GBR,Great Britain,Private Collection,private,Bridgeman Art Library,,imgs/1891_GBR__324.jpg,monika
325,Louis Gabriel Blanchet,Prince Charles Edward,1739-01-01,1739-12-31,4/18/2014,2,1,13,,www.bridgemanart.com,Image Number ROC399050,GBR,Rome / Italy,The Royal Collection © 2014 Her Majesty Queen Elizabeth II,The Royal Collection © 2014 Her Majesty Queen Elizabeth II,Bridgeman Art Library,,imgs/1739_GBR__325.jpg,monika
326,Antonio David,James Francis Edward Stuart,1716-01-01,1716-12-31,4/18/2014,2,1,13,,,,ITA,Italy,Private Collection,private,Bridgeman Art Library,,imgs/1716_ITA__326.jpg,monika
327,unknown,William Wallace (Scottish national hero),1650-01-01,1700-12-31,4/18/2014,2,1,13,,,,GBR,Great Britain,Private Collection,private,Bridgeman Art Library,,imgs/1650_GBR__327.jpg,monika
328,unknown,James III as navy general with crown helmet,1700-01-01,1750-12-31,4/18/2014,2,1,13,,,from King over the Water by Edward Corp,FRA,France,Private Collection,private,Edward Corp,,imgs/1700_FRA__328.jpg,monika
329,Maurice Quentin de la Tour (after?),Charles Edward Stuart in royal armour,1745-01-01,1750-12-31,4/18/2014,2,1,13,,www.bridgemanart.com,,GBR,France,Scottish National Portrait Gallery / Edinburgh / Scotland,Scottish National Portrait Gallery / Edinburgh / Scotland,Bridgeman Art Library,,imgs/1745_GBR__329.jpg,monika
330,John Daniel Kamm,Prince Charles Edward,1745-01-01,1750-12-31,4/18/2014,2,1,13,,,,GBR,Great Britain,Private Collection,private,Christie's Images / The Bridgeman Art Library,,imgs/1745_GBR__330.jpg,monika
331,Domenico Dupra,Portrait Charles Edward around 1740,1740-01-01,1745-12-31,4/18/2014,2,1,13,,,,ITA,Italy,Private Collection,private,Bridgeman Art Library,,imgs/1740_ITA__331.jpg,monika
332,Antonio David,Prince Charles Edward,1740-01-01,1740-12-31,4/18/2014,2,1,13,,,,ITA,Italy,Private Collection,private,Bridgeman Art Library,,imgs/1740_ITA__332.jpg,monika
333,Giles Hussey,Prince Charles Edward,1735-01-01,1735-12-31,4/18/2014,12,1,13,,,,ITA,Rome / Italy,Private Collection,private,Bridgeman Art Library,,imgs/1735_ITA__333.jpg,monika
335,unknown,Charles Edward Stuart,1740-01-01,1745-12-31,4/18/2014,2,1,13,,,,GBR,Great Britain,Inverness Museum and Art Gallery,Inverness Museum and Art Gallery,Neil Holmes / The Bridgeman Art Library & National Library of Scotland,,imgs/1740_GBR__335.jpg,monika
336,unknown,An exact view of the Battle of Culloden,1746-01-01,1746-12-31,4/18/2014,12,1,5,,,,GBR,London / Great Britain,,,Bridgeman Art Library,,imgs/1746_GBR__336.jpg,monika
337,H. Griffiths,Culloden Moor / looking across the Moray Firth,1830-01-01,1830-12-31,4/18/2014,12,1,5,,,,GBR,London / Great Britain,,,Bridgeman Art Library,,imgs/1830_GBR__337.jpg,monika
338,unknown,Prince Charles Edward in Scotland,1800-01-01,12/31/1900,4/18/2014,2,1,5,,,,GBR,Great Britain,,,Bridgeman Art Library,,imgs/1800_GBR__338.jpg,monika
339,unknown,Gillies McBean at Culloden / 1746,1800-01-01,12/31/1900,4/18/2014,12,1,5,,,,GBR,Great Britain,,,Bridgeman Art Library,,imgs/1800_GBR__339.jpg,monika
340,unknown,Goblet and Cover / Jacobite / c.1750 (glass),1750-01-01,1750-12-31,4/18/2014,5,4,13,,,,GBR,Great Britain,,,Bridgeman Art Library,,imgs/1750_GBR__340.jpg,monika
341,unknown,Jacobite portrait wine glass / c.1750 (glass),1750-01-01,1750-12-31,4/18/2014,5,4,13,,,,GBR,Great Britain,,,Bridgeman Art Library,,imgs/1750_GBR__341.jpg,monika
342,unknown,Loving Cup (Jacobite glassware),1750-01-01,1750-12-31,4/18/2014,5,4,13,,,,GBR,Great Britain,,,Bridgeman Art Library,,imgs/1750_GBR__342.jpg,monika
343,unknown,Staffordshire jug decorated with figure in Highland costume,1755-01-01,1755-12-31,4/18/2014,7,4,13,,,,GBR,Great Britain,,,Bridgeman Art Library,,imgs/1755_GBR__343.jpg,monika
344,unknown,Plan of the Battle of Culloden / April 16th 1746,1746-01-01,1746-12-31,4/18/2014,12,1,13,,,,GBR,Great Britain,,,Bridgeman Art Library,,imgs/1746_GBR__344.jpg,monika
345,George Vertue,Portrait of James VII of Scotland / II of England,1689-01-01,1700-12-31,4/18/2014,12,1,13,,,,FRA,France,,,Bridgeman Art Library,,imgs/1689_FRA__345.jpg,monika
346,unknown,Prince Charles disguised as 'Betty Burke' (mezzotint engraving),1746-01-01,1750-12-31,4/18/2014,12,1,13,,,,GBR,Great Britain,,,Bridgeman Art Library,,imgs/1746_GBR__346.jpg,monika
347,unknown,Prince Charles Edward at Holyrood,1800-01-01,12/31/1900,4/18/2014,12,5,13,,,,GBR,Great Britain,,,Bridgeman Art Library,,imgs/1800_GBR__347.jpg,monika
348,unknown,Prince Charles Edward Stuart at the Battle of Prestonpans / c.1745,1745-01-01,1745-12-31,4/18/2014,12,1,5,,,,GBR,Great Britain,Private Collection,private,Bridgeman Art Library,,imgs/1745_GBR__348.jpg,monika
349,unknown,The Butcher (caricature),1746-01-01,1746-12-31,4/18/2014,12,1,5,Great Britain,www.bridgemanart.com,,GBR,Great Britain,Private Collection,private,Bridgeman Art Library,The print is described in George: English Political Caricature to 1792. A Study of Opinion and Propaganda / Oxford 1959 / p. 96.,imgs/1746_GBR__349.jpg,monika
350,unknown,James II in Roman Costume,1685-01-01,1688-12-31,4/18/2014,12,1,1,Great Britain,www.bpi1700.org,Order Ref.: AN139724001,GBR,Great Britain,British Museum London,The Trustees of The British Museum,The Trustees of The British Museum,,imgs/1685_GBR__350.jpg,monika
351,Robert Strange,The Steuart 'Amen' glass,1740-01-01,1750-12-31,4/18/2014,5,4,5,,,,GBR,Edinburgh,,,,,imgs/1740_GBR__351.jpg,monika
352,Robert Strange,The Steuart 'Amen' glass,1740-01-01,1750-12-31,4/18/2014,5,4,5,,,,GBR,Edinburgh,,,,,imgs/1740_GBR__352.jpg,monika
353,Robert Strange,Breadalbane I glass,1749-01-01,1749-12-31,4/18/2014,5,4,5,,,,GBR,Edinburgh,,,,,imgs/1749_GBR__353.jpg,monika
354,Robert Strange,Foot of the Dunvegan 'Amen' glass,1747-01-01,1747-12-31,4/18/2014,5,4,5,,,,GBR,Edinburgh,,,,,imgs/1747_GBR__354.jpg,monika
355,unknown,Titus Oates standing in the pillory,1685-01-01,1685-12-31,4/18/2014,12,1,5,,www.bpi1700.org,Order Ref.: AN48806001,GBR,,British Museum London,The Trustees of The British Museum,The Trustees of The British Museum,,imgs/1685_GBR__355.jpg,monika
356,Georg Paul Busch,Friedrich Ludwig (Prince of Wales),1728-01-01,1728-12-31,4/18/2014,1,1,2,,,,DEU,Berlin / Germany,Herzog August Bibliothek Wolfenbüttel,Herzog August Bibliothek Wolfenbüttel,Herzog August Bibliothek Wolfenbüttel,,imgs/1728_DEU__356.jpg,monika
357,unknown,The Theatre of England (representing the flight of James II),1689-01-01,1689-12-31,4/18/2014,1,1,5,,,,GBR,Great Britain,,,Bridgeman Art Library,,imgs/1689_GBR__357.jpg,monika
358,unknown,Portrait of Prince Charles Edward Stuart,1740-01-01,1745-12-31,4/19/2014,12,1,13,,,,GBR,Great Britain,Private Collection,private,Bridgeman Art Library,,imgs/1740_GBR__358.jpg,monika
359,unknown,Satirical print in form of a 'Wanted Poster' for Prince Charles Edward Stuart,1745-01-01,1745-12-31,4/19/2014,12,1,13,,,,GBR,Great Britain,Private Collection,private,Bridgeman Art Library,,imgs/1745_GBR__359.jpg,monika
360,unknown,The end of the '45,1800-01-01,12/31/1900,4/19/2014,12,5,5,,,illustration from Cassell's Illustrated History of England,GBR,Great Britain,Private Collection,private,Bridgeman Art Library,,imgs/1800_GBR__360.jpg,monika
361,unknown,The Earl of Mar raising the Pretender's standard,1800-01-01,12/31/1900,4/19/2014,12,5,5,,,illustration from Cassell's Illustrated History of England,GBR,Great Britain,Private Collection,private,Bridgeman Art Library,,imgs/1800_GBR__361.jpg,monika
362,unknown,Prince Charles Edward (1720-88) and the Highlanders Entering Edinburgh after the Battle of Preston,1800-01-01,12/31/1900,4/19/2014,12,1,5,,,,GBR,Great Britain,Private Collection,private,Bridgeman Art Library,,imgs/1800_GBR__362.jpg,monika
363,unknown,Tyrconnel Arming the Papists in Ireland,1689-01-01,1700-12-31,4/19/2014,12,4,5,Great Britain,www.bridgemanart.com,,GBR,Great Britain,Private Collection,private,Bridgeman Art Library,,imgs/1689_GBR__363.jpg,monika
364,unknown,The Duke of Cumberland / and the French Commanding Officer surrendering Carlisle to His Highness,1746-01-01,1746-12-31,4/19/2014,12,4,5,Great Britain,www.bridgemanart.com,,GBR,Great Britain,Private Collection,private,Bridgeman Art Library,,imgs/1746_GBR__364.jpg,monika
365,unknown,The Times (anti-Scottish satire),1760-01-01,1763-12-31,4/19/2014,12,1,13,,from The British Antidote / satire magazine / published in 1763,p. 40,GBR,London / Great Britain,,,Eighteenth Century Collection Online / Cengage Learning,,imgs/1760_GBR__365.jpg,monika
366,unknown,The Fishermen / Waters of Sedition (anti-Tory satire),1760-01-01,1763-12-31,4/19/2014,12,5,13,,from The British Antidote / satire magazine / published in 1763,p. 38,GBR,London / Great Britain,,,Eighteenth Century Collection Online / Cengage Learning,,imgs/1760_GBR__366.jpg,monika
367,unknown,The Coach Overturned (satire against Lord Bute),1760-01-01,1763-12-31,4/19/2014,12,5,13,,from The British Antidote / satire magazine / published in 1763,p. 31,GBR,London / Great Britain,,,Eighteenth Century Collection Online / Cengage Learning,,imgs/1760_GBR__367.jpg,monika
368,unknown,The State Nursery (satire against Lord Bute and the Peace with France),1760-01-01,1763-12-31,4/19/2014,12,5,13,,from The British Antidote / satire magazine / published in 1763,p. 26,GBR,London / Great Britain,,,Eighteenth Century Collection Online / Cengage Learning,,imgs/1760_GBR__368.jpg,monika
369,unknown,Here lieth the Body of Will (Satire on the death of William / Duke of Cumberland),1765-01-01,1765-12-31,4/19/2014,12,5,13,,from The British Antidote / satire magazine / published in 1765,p. 32,GBR,London / Great Britain,,,Eighteenth Century Collection Online / Cengage Learning,,imgs/1765_GBR__369.jpg,monika
370,unknown,Sic transit gloria mundi (Thus passes the glory of the world),1765-01-01,1765-12-31,4/19/2014,12,5,1,,from The British Antidote / satire magazine / published in 1765,p. 28,GBR,London / Great Britain,,,Eighteenth Century Collection Online / Cengage Learning,,imgs/1765_GBR__370.jpg,monika
371,unknown,American Triumph (satire against the Stamp Act),1765-01-01,1765-12-31,4/19/2014,12,5,5,,from The British Antidote / satire magazine / published in 1765,p. 35,GBR,London / Great Britain,,,Eighteenth Century Collection Online / Cengage Learning,,imgs/1765_GBR__371.jpg,monika
372,unknown,Boston funeral procession (satire against the Stamp Act),1765-01-01,1765-12-31,4/19/2014,12,5,5,,from The British Antidote / satire magazine / published in 1765,,GBR,London / Great Britain,,,Eighteenth Century Collection Online / Cengage Learning,,imgs/1765_GBR__372.jpg,monika
373,unknown,Goody Bull or the Second Part of the Repeal,1765-01-01,1765-12-31,4/19/2014,12,5,5,,from The British Antidote / satire magazine / published in 1765 /,p. 2,GBR,London / Great Britain,The John Carter Brown Library / Brown University / USA,The John Carter Brown Library / Brown University / USA,Eighteenth Century Collection Online / Cengage Learning,,imgs/1765_GBR__373.jpg,monika
374,unknown,Goody Bull or the Second Part of the Repeal,1765-01-01,1765-12-31,4/19/2014,12,5,5,,from The British Antidote / satire magazine / published in 1765 /,p. 2,GBR,London / Great Britain,The John Carter Brown Library / Brown University / USA,The John Carter Brown Library / Brown University / USA,Eighteenth Century Collection Online / Cengage Learning,,imgs/1765_GBR__374.jpg,monika
375,unknown,The statue / or the adoration of the wise-men of the west,1766-01-01,1766-12-31,4/19/2014,12,1,5,,http://www.loc.gov/pictures/item/2004672611/,,USA,London / Great Britain,Library of Congress / Washington D.C. / USA,Library of Congress Prints and Photographs Division Washington / D.C. 20540 USA,,,imgs/1766_USA__375.jpg,monika
376,unknown,Commonwealth - The Colossus,1766-01-01,1766-12-31,4/19/2014,12,1,5,,http://www.loc.gov/pictures/item/2004672611/,,USA,London / Great Britain,Library of Congress / Washington D.C. / USA,Library of Congress Prints and Photographs Division Washington / D.C. 20540 USA,,,imgs/1766_USA__376.jpg,monika
377,unknown,Commonwealth - The Colossus,1766-01-01,1766-12-31,4/19/2014,12,1,5,,http://www.loc.gov/pictures/item/2004672611/,,USA,London / Great Britain,Library of Congress / Washington D.C. / USA,Library of Congress Prints and Photographs Division Washington / D.C. 20540 USA,,,imgs/1766_USA__377.jpg,monika
378,unknown,America triumphant and Britannia in distress,1782-01-01,1782-12-31,4/19/2014,12,5,5,,http://www.loc.gov/pictures/item/2003690789/,,GBR,Boston / United States,Library of Congress / Washington D.C. / USA,Library of Congress Prints and Photographs Division Washington / D.C. 20540 USA,,,imgs/1782_GBR__378.jpg,monika
379,William Humphrey,John Bull Triumphant,1782-01-01,1782-12-31,4/19/2014,12,5,5,,http://www.loc.gov/pictures/item/2004673371/,,USA,London / Great Britain,Library of Congress / Washington D.C. / USA,Library of Congress / Washington D.C. / USA,Library of Congress Prints and Photographs Division Washington / D.C. 20540 USA,Catalogue of prints and drawings in the British Museum. Division I / political and personal satires / v. 5 / no. 5624Forms part of: British Cartoon Prints  Collection (Library of Congress).Published in: The American Revolution in drawings and ,imgs/1782_USA__379.jpg,monika
380,unknown,The Colossus of the North, or the striding Boreas,1774-01-01,4/19/2014,12,1,5,,http://www.loc.gov/pictures/item/2004673306/,,USA,,London / Great Britain,Library of Congress / Washington D.C. / USA,Library of Congress / Washington D.C. / USA,Library of Congress Prints and Photographs Division Washington / D.C. 20540 USA,imgs/1774_USA__380.jpg,monika
381,unknown,The Stature of a Great Man or the English Colossus,1774-01-01,1774-12-31,4/19/2014,12,1,5,,http://www.loc.gov/pictures/item/2004678744/,,USA,London / Great Britain,Library of Congress / Washington D.C. / USA,Library of Congress / Washington D.C. / USA,Library of Congress Prints and Photographs Division Washington / D.C. 20540 USA,,imgs/1774_USA__381.jpg,monika
382,Wenceslaus Hollar,The true maner [sic] of the execution of Thomas Earle of Strafford / Lord Lieutenant of Ireland,1641-01-01,1677-12-31,4/19/2014,12,1,5,,http://www.loc.gov/pictures/item/91784955/,,USA,London / Great Britain,Library of Congress / Washington D.C. / USA,Library of Congress / Washington D.C. / USA,Library of Congress Prints and Photographs Division Washington / D.C. 20540 USA,,imgs/1641_USA__382.jpg,monika
383,unknown,Illustrated Civil War,1861-01-01,1865-12-31,4/19/2014,12,1,5,,http://www.loc.gov/pictures/item/2005697086/,,USA,United States,Library of Congress / Washington D.C. / USA,Library of Congress / Washington D.C. / USA,Library of Congress Prints and Photographs Division Washington / D.C. 20540 USA,,imgs/1861_USA__383.jpg,monika
384,Charles Shober,Down with the traitors serpent flag,1861-01-01,1861-12-31,4/19/2014,12,6,5,,http://www.loc.gov/pictures/item/2008661612/,,USA,United States,Library of Congress / Washington D.C. / USA,Library of Congress / Washington D.C. / USA,Library of Congress Prints and Photographs Division Washington / D.C. 20540 USA,,imgs/1861_USA__384.jpg,monika
385,unknown,To the people of America. Stop him! ... a traitor!,1775-01-01,1775-12-31,4/19/2014,1,1,5,,http://www.loc.gov/pictures/item/2002705577/,,USA,New London / North America,Library of Congress / Washington D.C. / USA,expired,Library of Congress Prints and Photographs Division Washington / D.C. 20540 USA,,imgs/1775_USA__385.jpg,monika
386,unknown,The wicked statesman / or The traitor to his country / at the hour of death,1772-01-01,1772-12-31,4/19/2014,12,1,5,,http://www.loc.gov/pictures/item/2006684199/,,USA,Great Britain,Library of Congress / Washington D.C. / USA,Library of Congress / Washington D.C. / USA,Library of Congress Prints and Photographs Division Washington / D.C. 20540 USA,,imgs/1772_USA__386.png,monika
387,James Gillray,Evidence to character / Being a portrait of a traitor / by his friends & by himself,1798-12-31,,4/19/2014,12,1,5,,http://www.loc.gov/pictures/item/2007677390/,,USA,London / Great Britain,,,Library of Congress / Washington D.C. / USA,Library of Congress Prints and Photographs Division Washington / D.C. 20540 USA,imgs/1798_USA__387.png,monika
388,unknown,Prise de la Bastille par les Citoyens de Paris… C'est ainsi que l'on punit les traitres,1789-12-31,,4/19/2014,12,2,6,,http://www.loc.gov/pictures/item/91480935/,,USA,Paris / France,,,Library of Congress / Washington D.C. / USA,Library of Congress Prints and Photographs Division Washington / D.C. 20540 USA,imgs/1789_USA__388.jpg,monika
389,Charles F. Blauvelt,The Treason of Arnold,1874-01-01,1874-12-31,4/19/2014,12,1,5,,http://www.loc.gov/pictures/item/2010651755/,,USA,New London / North America,Library of Congress / Washington D.C. / USA,Library of Congress / Washington D.C. / USA,Library of Congress Prints and Photographs Division Washington / D.C. 20540 USA,,imgs/1874_USA__389.jpg,monika
390,unknown,Arnold's Treason,1780-01-01,1780-12-31,4/19/2014,12,1,5,,http://www.loc.gov/pictures/item/2002706036/,,USA,United States,Library of Congress / Washington D.C. / USA,Library of Congress / Washington D.C. / USA,Library of Congress Prints and Photographs Division Washington / D.C. 20540 USA,,imgs/1780_USA__390.jpg,monika
391,John Cameron,Jeff. D hung on a sour apple tree or treason made odious,1867-01-01,1867-12-31,4/19/2014,12,1,5,,http://www.loc.gov/pictures/item/2003674561/,,USA,United States,Library of Congress / Washington D.C. / USA,Library of Congress / Washington D.C. / USA,Library of Congress Prints and Photographs Division Washington / D.C. 20540 USA,Currier & Ives : a catalogue raisonné / compiled by Gale Research. Detroit / MI : Gale Research / c1983 / no. 3448Weitenkampf / p. 155Published in: American political prints / 1766-1876 / Bernard F. Reilly. Boston : G.K. Hall / 1991 / entry 1867-1.,imgs/1867_USA__391.jpg,monika
392,unknown,Trial of Robert Emmet / Emmet replying to the verdict of high treason / Sept. 19 / 1803,1866-01-01,1866-12-31,4/19/2014,12,1,5,,http://www.loc.gov/pictures/item/2003679790/,,USA,United States,Library of Congress / Washington D.C. / USA,Library of Congress / Washington D.C. / USA,Library of Congress Prints and Photographs Division Washington / D.C. 20540 USA,,imgs/1866_USA__392.jpg,monika
393,unknown,Sedition! Treason!,1809-01-01,1809-12-31,4/19/2014,12,1,5,,http://www.loc.gov/pictures/item/2007677146/,,USA,United States,Library of Congress / Washington D.C. / USA,Library of Congress / Washington D.C. / USA,Library of Congress Prints and Photographs Division Washington / D.C. 20540 USA,,imgs/1809_USA__393.jpg,monika
394,James Gillray,A Birmingham Toast,1791-01-01,1791-12-31,4/19/2014,12,1,5,,http://www.loc.gov/pictures/item/2004671431/,,USA,London / Great Britain,Library of Congress / Washington D.C. / USA,Library of Congress / Washington D.C. / USA,Library of Congress Prints and Photographs Division Washington / D.C. 20540 USA,,imgs/1791_USA__394.jpg,monika
395,James Gillray,The death of the Great Wolf,1795-01-01,1795-12-31,4/19/2014,12,1,5,,http://www.loc.gov/pictures/item/2002716114/,,USA,London / Great Britain,Library of Congress / Washington D.C. / USA,Library of Congress / Washington D.C. / USA,Library of Congress Prints and Photographs Division Washington / D.C. 20540 USA,,imgs/1795_USA__395.jpg,monika
396,John Bewick,Fox against Fox!!!,1788-01-01,1788-12-31,4/19/2014,12,1,5,,http://www.loc.gov/pictures/item/2006690550/,,USA,London / Great Britain,Library of Congress / Washington D.C. / USA,Library of Congress / Washington D.C. / USA,Library of Congress Prints and Photographs Division Washington / D.C. 20540 USA,,imgs/1788_USA__396.png,monika
397,James Gillray,The tree of liberty / with / the devil tempting John Bull,1798-01-01,1798-12-31,4/19/2014,12,1,5,,http://www.loc.gov/pictures/item/94509824/,,USA,London / Great Britain,Library of Congress / Washington D.C. / USA,Library of Congress / Washington D.C. / USA,Library of Congress Prints and Photographs Division Washington / D.C. 20540 USA,,imgs/1798_USA__397.jpg,monika
398,Currier & Ives,The Hercules of the Union / slaying the great dragon of secession,1861-01-01,1861-12-31,4/19/2014,12,6,5,,http://www.loc.gov/pictures/item/2003674572/,,USA,United States,Library of Congress / Washington D.C. / USA,Library of Congress / Washington D.C. / USA,Library of Congress Prints and Photographs Division Washington / D.C. 20540 USA,Currier & Ives : a catalogue raisonné / compiled by Gale Research. Detroit / MI : Gale Research / c1983 / no. 3028Weitenkampf / p. 131Published in: American political prints / 1766-1876 / Bernard F. Reilly. Boston : G.K. Hall / 1991 / entry 1861-35.,imgs/1861_USA__398.jpg,monika
399,unknown,Massacre of the French king! View of la guillotine,1793-12-31,,4/19/2014,12,1,5,,http://www.loc.gov/pictures/item/2007680140/,,USA,London / Great Britain,,,Library of Congress / Washington D.C. / USA,Library of Congress Prints and Photographs Division Washington / D.C. 20540 USA,imgs/1793_USA__399.jpg,monika
400,unknown,Execution of Robert Emmet in Thomas Street / Dublin / 20th September 1803,1878-01-01,1878-12-31,4/19/2014,12,1,5,,http://www.loc.gov/pictures/item/2003652802/,,USA,United States,Library of Congress / Washington D.C. / USA,Library of Congress / Washington D.C. / USA,Library of Congress Prints and Photographs Division Washington / D.C. 20540 USA,,imgs/1878_USA__400.jpg,monika
401,James Gillray (published by William Humphrey),Smelling out a rat or the atheistical-revolutionist disturbed in his midnight calculations,1790-12-31,,4/19/2014,12,1,5,,http://www.loc.gov/pictures/item/2004669852/,,USA,London / Great Britain,Library of Congress / Washington D.C. / USA,Library of Congress Prints and Photographs Division Washington / D.C. 20540 USA,,,imgs/1790_USA__401.jpg,monika
402,unknown,Messieurs Delaunay / Flexelles / Berthier / Foulon / et les deux Gardes du Corps,1789-01-01,1789-12-31,4/19/2014,12,2,6,,http://www.loc.gov/pictures/item/2004679083/,,USA,Paris / France,Library of Congress / Washington D.C. / USA,Library of Congress / Washington D.C. / USA,Library of Congress Prints and Photographs Division Washington / D.C. 20540 USA,,imgs/1789_USA__402.jpg,monika
403,unknown,Hell broke loose / or / The murder of Louis / vide / the account of that unfortunate monarch's execution,1793-01-01,1793-12-31,4/19/2014,12,1,5,,http://www.loc.gov/pictures/item/2006680657/,,USA,London / Great Britain,Library of Congress / Washington D.C. / USA,Library of Congress / Washington D.C. / USA,Library of Congress Prints and Photographs Division Washington / D.C. 20540 USA,,imgs/1793_USA__403.jpg,monika
404,Isaac Cruikshank,A republican beau,1794-01-01,1794-12-31,4/19/2014,12,1,5,,http://www.loc.gov/pictures/item/2004669790/,,USA,London / Great Britain,Library of Congress / Washington D.C. / USA,Library of Congress / Washington D.C. / USA,Library of Congress Prints and Photographs Division Washington / D.C. 20540 USA,,imgs/1794_USA__404.jpg,monika
405,unknown,Virtual representation / 1775,1775-01-01,1775-12-31,4/19/2014,12,1,5,,http://www.loc.gov/pictures/item/2004673310/,,USA,London / Great Britain,Library of Congress / Washington D.C. / USA,Library of Congress / Washington D.C. / USA,Library of Congress Prints and Photographs Division Washington / D.C. 20540 USA,,imgs/1775_USA__405.jpg,monika
406,William Dent,Pro bono publico - the public cluster in terrorem,1784-01-01,1784-12-31,4/19/2014,1,1,5,,http://www.loc.gov/pictures/item/2004676778/,,USA,London / Great Britain,Library of Congress / Washington D.C. / USA,expired,Library of Congress Prints and Photographs Division Washington / D.C. 20540 USA,,imgs/1784_USA__406.jpg,monika
407,unknown,Revolution pillar,1789-01-01,1789-12-31,4/19/2014,12,1,5,,http://www.loc.gov/pictures/item/2006690596/,,USA,London / Great Britain,Library of Congress / Washington D.C. / USA,Library of Congress / Washington D.C. / USA,Library of Congress Prints and Photographs Division Washington / D.C. 20540 USA,,imgs/1789_USA__407.png,monika
408,unknown,Compulsion pour ces gens que n'attend pas la libertie,1793-01-01,1793-12-31,4/19/2014,12,1,6,,http://www.loc.gov/pictures/item/2007677541/,,USA,Paris / France,Library of Congress / Washington D.C. / USA,Library of Congress / Washington D.C. / USA,Library of Congress Prints and Photographs Division Washington / D.C. 20540 USA,,imgs/1793_USA__408.jpg,monika
409,unknown,Such things may be. A tale for future times,1788-01-01,1788-12-31,4/19/2014,12,1,5,,http://www.loc.gov/pictures/item/2006689503/,,USA,London / Great Britain,Library of Congress / Washington D.C. / USA,Library of Congress / Washington D.C. / USA,Library of Congress Prints and Photographs Division Washington / D.C. 20540 USA,,imgs/1788_USA__409.png,monika
410,George Cruikshank,Liberty suspended! With the bulwark of the constitution,1817-01-01,1817-12-31,4/19/2014,12,1,5,,http://www.loc.gov/pictures/item/2006688837/,,USA,London / Great Britain,Library of Congress / Washington D.C. / USA,Library of Congress / Washington D.C. / USA,Library of Congress Prints and Photographs Division Washington / D.C. 20540 USA,,imgs/1817_USA__410.png,monika
411,unknown,The balance of power,1780-01-01,1780-12-31,4/19/2014,12,1,5,,http://www.loc.gov/pictures/item/2006685505/,,USA,London / Great Britain,Library of Congress / Washington D.C. / USA,Library of Congress / Washington D.C. / USA,Library of Congress Prints and Photographs Division Washington / D.C. 20540 USA,,imgs/1780_USA__411.png,monika
412,unknown,The Tyburn interview : A new song. By a Cyder merchant / of South-Ham / Devonshire,1763-01-01,1763-12-31,4/19/2014,12,1,5,,http://www.loc.gov/pictures/item/2006682235/,,USA,London / Great Britain,Library of Congress / Washington D.C. / USA,Library of Congress / Washington D.C. / USA,Library of Congress Prints and Photographs Division Washington / D.C. 20540 USA,,imgs/1763_USA__412.png,monika
413,unknown,L'allégorie est assez claire / pour se passer de comentaire,1788-01-01,1788-12-31,4/19/2014,12,1,6,,http://www.loc.gov/pictures/item/2005676900/,,USA,Paris / France,Library of Congress / Washington D.C. / USA,Library of Congress / Washington D.C. / USA,Library of Congress Prints and Photographs Division Washington / D.C. 20540 USA,,imgs/1788_USA__413.jpg,monika
414,unknown,Eigentliche Contrafactur der haupt Stad Lintz... / wie sie von der Bawrschafft belägert worden,1626-01-01,1626-12-31,4/19/2014,1,1,2,,Julius Strnadt: Der Bauernkrieg in Oberösterreich im Jahre 1626 / Tafel 8,,AUT,?,Nationalbibliothek Wien,,,,imgs/1626_AUT__414.jpg,m.griesse
415,unknown,Relation / Auß Oesterreich ob der Ennß/ Wie die Baurschafft die Statt Lintz... belägert...,1626-01-01,1626-12-31,4/20/2014,12,1,2,,Julius Strnadt: Der Bauernkrieg in Oberösterreich im Jahre 1626 / Tafel 11,,AUT,Andreas Aperger / Augsburg (printer),Nationalbibliothek Wien,,,,imgs/1626_AUT__415.jpg,m.griesse
416,unknown,Ein new Lied wie es vor Rastat mit den Pauren ergangen ist.,1526-01-01,1526-12-31,4/20/2014,1,1,2,,http://commons.wikimedia.org/wiki/File:Flugblatt_Bauernkrieg.jpg,eingescannt aus: Otto Henne am Rhyn: Kulturgeschichte des deutschen Volkes / Zweiter Band / Berlin 1897 / S.23,AUT,,,,,,imgs/1526_AUT__416.jpg,m.griesse
419,unknown,Erste/ der auffrürischen Bauren im Ländlein ob der Ens/ vermeynte beschützung,1626-01-01,1626-12-31,4/20/2014,12,1,2,,Julius Strnadt: Der Bauernkrieg in Oberösterreich im Jahre 1626 / between p.160 & 161.,,AUT,Frankfurt Main,Nationalbibliothek Wien,,,,imgs/1626_AUT__419.jpg,m.griesse
420,Donat Hübschmann,THE TRIUMPHAL ARCH ON THE KOHLMARKT,1500-01-01,1550-12-31,4/22/2014,12,1,1,,Hollstein's German Engravings / Etchings and Woodcuts / 1400-1700 / Volume XV A / page 116,,DEU,Vienna / Austria,Wünsch Collection / Düsseldorf,,,,imgs/1500_DEU__420.jpg,monika
421,Peter Isselburg,TRIUMPHAL ARCH ERECTED FOR MATTHIAS I AT NUREMBERG,1612-01-01,1612-12-31,4/22/2014,12,1,2,,Hollstein's German Engravings / Etchings and Woodcuts / 1400-1700 / Volume XV A / page 31,,DEU,Nuremberg / Germany,Königliche Bibliothek / Berlin,,,Katalog OSS Berlin / nr. 2827,imgs/1612_DEU__421.jpg,monika
422,unknown,DAVID AND GOLIATH,01.01.1981,12/31/1981,4/22/2014,12,1,2,,,,DEU,,,,,,imgs/1981_DEU__422.jpg,monika
423,unknown,SULTAN SOLIMAN ON HORSEBACK / ACCOMPANIED BY A SOLIDER,01.01.1981,12/31/1981,4/22/2014,12,1,2,,,,DEU,,,,,,imgs/1981_DEU__423.jpg,monika
424,unknown,THREE MOUNTED ORIENTALS,01.01.1981,12/31/1981,4/22/2014,12,1,2,,,,DEU,,,,,,imgs/1981_DEU__424.jpg,monika
425,unknown,THREE GERMAN SOLIDERS WITH HALBERDS AND A DOG,01.01.1981,12/31/1981,4/22/2014,1,1,2,,,,DEU,,,,,,imgs/1981_DEU__425.jpg,monika
426,unknown,THREE SWISS(?) SOLDIERS,01.01.1981,12/31/1981,4/22/2014,12,1,2,,,,AFG,,,,,,imgs/1981_AFG__426.jpg,monika
427,unknown,SOLDIERS FIGHTING,01.01.1981,12/31/1981,4/22/2014,12,1,2,,,,DEU,,,,,,imgs/1981_DEU__427.jpg,monika
428,unknown,A TROPHY OF ARMS,01.01.1981,12/31/1981,4/22/2014,1,1,2,,,,DEU,,,,,,imgs/1981_DEU__428.jpg,monika
429,unknown,ST. GEORGE STANDING / HOLDING A BANNER,01.01.1981,12/31/1981,4/22/2014,12,1,2,,,,DEU,,,,,,imgs/1981_DEU__429.jpg,monika
430,unknown,COMBAT BETWEEN HORSEMEN AND FOOTMEN,01.01.1981,12/31/1981,4/22/2014,12,1,2,,,,DEU,,,,,,imgs/1981_DEU__430.jpg,monika
431,unknown,MARTIN LUTHER / as Augustinian Friar,01.01.1981,12/31/1981,4/22/2014,12,1,2,,,,DEU,,,,,,imgs/1981_DEU__431.jpg,monika
432,unknown,SEIGE OF NICOSIA ON CYPRUS,1896-01-01,1896-12-31,4/22/2014,1,1,2,,,,DEU,,,,,,imgs/1896_DEU__432.jpg,monika
433,unknown,SIEGE OF FAMAGOSTA(ON CYPRUS),1571-01-01,1571-12-31,4/22/2014,12,1,2,,,,DEU,,,,,,imgs/1571_DEU__433.jpg,monika
434,unknown,MARTIN SCHENK,1768-01-01,1768-12-31,4/22/2014,12,1,2,,,,DEU,,,,,,imgs/1768_DEU__434.jpg,monika
435,unknown,TWO TOURNAMENT PLAYERS,1173-01-01,1173-12-31,4/22/2014,12,1,2,,,,DEU,,,,,,imgs/1173_DEU__435.jpg,monika
436,unknown,JOHNN ULRICH STAPF,1699-01-01,1699-12-31,4/24/2014,12,1,2,,,,DEU,,,,,,imgs/1699_DEU__436.jpg,monika
437,unknown,FLORA GARLANDS,01.01.1981,12/31/1981,4/24/2014,12,1,2,,,,DEU,,,,,,imgs/1981_DEU__437.jpg,monika
438,unknown,THESES POSTER FOR AUGUSTINUS BUELL,1696-01-01,1696-12-31,4/24/2014,12,1,2,,,,DEU,,,,,,imgs/1696_DEU__438.jpg,monika
439,unknown,THE GIGURINE SERIES,1779-01-01,1779-12-31,4/24/2014,12,1,2,,,,DEU,,,,,,imgs/1779_DEU__439.jpg,monika
440,unknown,TITLE PLATE,1779-01-01,1779-12-31,4/24/2014,1,1,2,,,,DEU,,,,,,imgs/1779_DEU__440.jpg,monika
442,Daniel Hopfer,A WARRIOR WITH A STAFF,1400-01-01,1700-12-31,4/24/2014,12,1,13,,Hollstein's German Engravings / Etchings and Woodcuts / 1400-1700,,DEU,Germany,,,,,imgs/1400_DEU__442.jpg,monika
443,unknown,TWO WARRIORS,1400-01-01,1700-12-31,4/24/2014,12,1,2,,,,DEU,,,,,,imgs/1400_DEU__443.jpg,monika
444,unknown,A RESTING WARRIOR,1400-01-01,1700-12-31,4/24/2014,12,1,2,,,,DEU,,,,,,imgs/1400_DEU__444.jpg,monika
445,unknown,TWO WARRIORS,1400-01-01,1700-12-31,4/24/2014,12,1,2,,,,DEU,,,,,,imgs/1400_DEU__445.jpg,monika
446,unknown,A WARRIOR WITH A SHIELD,1400-01-01,1700-12-31,4/24/2014,12,1,2,,,,DEU,,,,,,imgs/1400_DEU__446.jpg,monika
448,unknown,A WARRIOR WITH A STAFF,1400-01-01,1700-12-31,4/24/2014,12,1,2,,,,DEU,,,,,,imgs/1400_DEU__448.jpg,monika
449,unknown,FOUR WARRIORS,1400-01-01,1700-12-31,4/24/2014,12,1,2,,,,DEU,,,,,,imgs/1400_DEU__449.jpg,monika
455,unknown,Andreas Vesalius - study of human anatomy,1514-01-01,1564-12-31,4/24/2014,12,1,2,,,,DEU,,,,,,imgs/1514_DEU__455.jpg,monika
456,Mondino de Luzzi (after),Anathomia ossium corporis humani,1493-01-01,1493-12-31,4/24/2014,12,1,2,Mondino's major work / Anathomia corporis humani / written in 1316 / is considered the first example of a modern dissection manual and the first true anatomical text. The earliest edition of the work was printed in Padua in 1478 / and more than 40 editions exist in total. By the 14th century / the practice of anatomy had come to refer to the dissection of a cadaver according to prescribed rules, Anathomia was intended as a handbook to guide this process. Mondino's Anathomia remained the most widely used anatomical text for 250 years (through the 16th century) because it clearly and concisely provided the important technical indications involved in the dissection process / including the steps involved and the reasoning behind the organization of these procedures.<a href=http://en.wikipedia.org/wiki/Mondino_de_Liuzzi#cite_note-FOOTNOTEBeasley1982971-18></a>,Hollstein's German Engravings / Etchings and Woodcuts / 1400-1700,,DEU,Nuremberg / Germany,,,,imgs/1493_DEU__456.jpg,m.griesse
457,unknown,Fasciculus medicinae,1491-01-01,1491-12-31,4/24/2014,12,1,2,,,,DEU,,,,,,imgs/1491_DEU__457.jpg,monika
459,unknown,James II when Duke of York,1682-01-01,1682-12-31,4/24/2014,12,1,5,,http://www.britishmuseum.org/research/collection_online/,Order Ref.: AN128906001,GBR,Great Britain,British Museum London,The Trustees of the British Museum,British Museum London,,imgs/1682_GBR__459.jpg,monika
460,unknown,Many murdered in a church at sermon,1651-01-01,1651-12-31,4/24/2014,12,5,5,,www.bpi1700.org,,GBR,London / Great Britain,,,Copyright The Trustees of The British Museum / Order Ref.: AN427567001,,imgs/1651_GBR__460.jpg,monika
461,Sir Robert Strange,Portrait of Prince Charles Edward Stuart,1740-01-01,1740-12-31,4/24/2014,2,1,13,,,,GBR,Scotland,Royal Collection UK,Royal Collection UK,,,imgs/1740_GBR__461.jpg,monika
462,unknown,Dracula (Vlad Tepes ) (woodcut) / 1488-93,1488-01-01,1493-12-31,4/24/2014,12,5,2,,www.bridgemanart.com,Image number: DGC473197,DEU,Germany,Private Collection,private,Bridgeman Art Library,,imgs/1488_DEU__462.jpg,monika
463,unknown,Dracula (Vlad Tepes ) / 1491 (woodcut),1491-01-01,1491-12-31,4/24/2014,12,5,2,,www.bridgemanart.com,Image number: DGC473192,DEU,Bamberg / Germany,Private Collection,private,Bridgeman Art Library,,imgs/1491_DEU__463.jpg,monika
464,Theodore de Bry (see Benedict / p.?) / or Jost Amman,Der Kramer mit der newe Zeitung,1589-01-01,1589-12-31,4/27/2014,12,1,2,,Philip Benedict: Graphic History. Wars / Massacres and Troubles of Torturel and Perissin / Genève 2007 / p.5 (fig.1),,DEU,Frankfurt / Theodore de Bry (see Benedict / p.?) / or Jost Amman (Nürnberg),1589 / etching / 29.5x22cm BN / Estampes / Hennin 542 / Cliché Bibliothèque nationale de France.,,,,imgs/1589_DEU__464.jpg,monika
465,Philip Benedict,The Fatal Wounding of the Duke of Guise,1569-01-01,1569-12-31,4/27/2014,12,5,13,,Graphic History. Wars / Massacres and Troubles of Torturel and Perissin,,FRA,Musée d'Art et d'Histoire de Genèves,Musée d'Art et d'Histoire de Genèves,,,,imgs/1569_FRA__465.jpg,monika
466,Hogenberg / Frans,Le massacre de Vassy 1562,1570-01-01,1570-12-31,4/27/2014,1,1,2,,https://upload.wikimedia.org/wikipedia/commons/3/34/Massacre_de_Vassy_1562_print_by_Hogenberg_end_of_16th_century.jpg,,DEU,,Rijksmuseum (Amsterdam) / Rijksprentenkabinet / 309 J 4 fo. 24,,,Philip Benedict: Graphic History. Wars / Massacres and Troubles of Torturel and Perissin,imgs/1570_DEU__466.jpg,monika
467,BOOK,BOOK-34,01.01.2014,12/31/2014,4/27/2014,12,1,2,,,,DEU,,,,,,imgs/2014_DEU__467.jpg,monika
468,unknown,Das Rebellische Bayern Parlament zu Braunau,1706-01-01,1706-12-31,4/27/2014,12,1,2,,http://upload.wikimedia.org/wikipedia/commons/4/4b/Braunauer_Parlament_Spottbild.jpg,,DEU,,Bezirksmuseum Braunau am Inn / Sig. 11859 (city museum of Braunau),,,,imgs/1706_DEU__468.jpg,m.griesse
469,BOOK,BOOK-35,01.01.2014,12/31/2014,4/27/2014,12,1,2,,,,DEU,,,,,,imgs/2014_DEU__469.jpg,monika
470,BOOK,BOOK-41,01.01.2014,12/31/2014,4/27/2014,12,1,2,,,,DEU,,,,,,imgs/2014_DEU__470.jpg,monika
471,BOOK,BOOK-56,01.01.2014,12/31/2014,4/27/2014,12,1,2,,,,DEU,,,,,,imgs/2014_DEU__471.jpg,monika
472,BOOK,BOOK-57,01.01.2014,12/31/2014,4/27/2014,12,1,2,,,,DEU,,,,,,imgs/2014_DEU__472.jpg,monika
473,BOOK,BOOK-58,01.01.2014,12/31/2014,4/27/2014,12,1,2,,,,DEU,,,,,,imgs/2014_DEU__473.jpg,monika
474,BOOK,BOOK-61,01.01.2014,12/31/2014,4/27/2014,12,1,2,,,,DEU,,,,,,imgs/2014_DEU__474.jpg,monika
475,BOOK,BOOK-62,01.01.2014,12/31/2014,4/27/2014,12,1,2,,,,DEU,,,,,,imgs/2014_DEU__475.jpg,monika
476,BOOK,BOOK-64,01.01.2014,12/31/2014,4/27/2014,12,1,2,,,,DEU,,,,,,imgs/2014_DEU__476.jpg,monika
477,BOOK,BOOK-68,01.01.2014,12/31/2014,4/27/2014,12,1,2,,,,DEU,,,,,,imgs/2014_DEU__477.jpg,monika
478,BOOK,BOOK-69,01.01.2014,12/31/2014,4/27/2014,12,1,2,,,,DEU,,,,,,imgs/2014_DEU__478.jpg,monika
479,BOOK,BOOK-71,01.01.2014,12/31/2014,4/27/2014,12,1,2,,,,DEU,,,,,,imgs/2014_DEU__479.jpg,monika
480,BOOK,BOOK-79,01.01.2014,12/31/2014,4/27/2014,12,1,2,,,,DEU,,,,,,imgs/2014_DEU__480.jpg,monika
481,BOOK,BOOK-82,01.01.2014,12/31/2014,4/27/2014,12,1,2,,,,DEU,,,,,,imgs/2014_DEU__481.jpg,monika
482,BOOK,BOOK-84,01.01.2014,12/31/2014,4/27/2014,12,1,2,,,,DEU,,,,,,imgs/2014_DEU__482.jpg,monika
483,BOOK,BOOK-87,01.01.2014,12/31/2014,4/27/2014,12,1,2,,,,DEU,,,,,,imgs/2014_DEU__483.jpg,monika
484,BOOK,BOOK-89-1,01.01.2014,12/31/2014,4/27/2014,12,1,2,,,,DEU,,,,,,imgs/2014_DEU__484.jpg,monika
485,BOOK,BOOK-89-2,01.01.2014,12/31/2014,4/27/2014,12,1,2,,,,DEU,,,,,,imgs/2014_DEU__485.jpg,monika
486,BOOK,BOOK-91,01.01.2014,12/31/2014,4/27/2014,12,1,2,,,,DEU,,,,,,imgs/2014_DEU__486.jpg,monika
487,BOOK,BOOK-92,01.01.2014,12/31/2014,4/27/2014,12,1,2,,,,DEU,,,,,,imgs/2014_DEU__487.jpg,monika
488,BOOK,BOOK-98,01.01.2014,12/31/2014,4/27/2014,12,1,2,,,,DEU,,,,,,imgs/2014_DEU__488.jpg,monika
489,BOOK,BOOK-102,01.01.2014,12/31/2014,4/27/2014,12,1,2,,,,DEU,,,,,,imgs/2014_DEU__489.jpg,monika
490,BOOK,BOOK-104,01.01.2014,12/31/2014,4/27/2014,12,1,2,,,,DEU,,,,,,imgs/2014_DEU__490.jpg,monika
491,BOOK,BOOK-105,01.01.2014,12/31/2014,4/27/2014,12,1,2,,,,DEU,,,,,,imgs/2014_DEU__491.jpg,monika
492,BOOK,BOOK-107,01.01.2014,12/31/2014,4/27/2014,12,1,2,,,,DEU,,,,,,imgs/2014_DEU__492.jpg,monika
493,BOOK,BOOK-108,01.01.2014,12/31/2014,4/27/2014,12,1,2,,,,DEU,,,,,,imgs/2014_DEU__493.jpg,monika
494,BOOK,BOOK-112,01.01.2014,12/31/2014,4/27/2014,12,1,2,,,,DEU,,,,,,imgs/2014_DEU__494.jpg,monika
495,BOOK,BOOK-114,01.01.2014,12/31/2014,4/27/2014,12,1,2,,,,DEU,,,,,,imgs/2014_DEU__495.jpg,monika
496,BOOK,BOOK-115,01.01.2014,12/31/2014,4/27/2014,12,1,2,,,,DEU,,,,,,imgs/2014_DEU__496.jpg,monika
497,BOOK,BOOK-117,01.01.2014,12/31/2014,4/27/2014,12,1,2,,,,DEU,,,,,,imgs/2014_DEU__497.jpg,monika
498,BOOK,BOOK-118,01.01.2014,12/31/2014,4/27/2014,12,1,2,,,,DEU,,,,,,imgs/2014_DEU__498.jpg,monika
499,BOOK,BOOK-119,01.01.2014,12/31/2014,4/27/2014,12,1,2,,,,DEU,,,,,,imgs/2014_DEU__499.jpg,monika
500,BOOK,BOOK-156,01.01.2014,12/31/2014,4/27/2014,12,1,2,,,,DEU,,,,,,imgs/2014_DEU__500.jpg,monika
501,BOOK,BOOK-193,01.01.2014,12/31/2014,4/27/2014,12,1,2,,,,DEU,,,,,,imgs/2014_DEU__501.jpg,monika
502,BOOK,BOOK-194,01.01.2014,12/31/2014,4/27/2014,12,1,2,,,,DEU,,,,,,imgs/2014_DEU__502.jpg,monika
503,BOOK,BOOK-197,01.01.2014,12/31/2014,4/27/2014,12,1,2,,,,DEU,,,,,,imgs/2014_DEU__503.jpg,monika
504,BOOK,BOOK-199,01.01.2014,12/31/2014,4/27/2014,12,1,2,,,,DEU,,,,,,imgs/2014_DEU__504.jpg,monika
505,BOOK,BOOK-200,01.01.2014,12/31/2014,4/27/2014,12,1,2,,,,DEU,,,,,,imgs/2014_DEU__505.jpg,monika
506,BOOK,BOOK-201,01.01.2014,12/31/2014,4/27/2014,12,1,2,,,,DEU,,,,,,imgs/2014_DEU__506.jpg,monika
507,BOOK,BOOK-204,01.01.2014,12/31/2014,4/27/2014,12,1,2,,,,DEU,,,,,,imgs/2014_DEU__507.jpg,monika
508,BOOK,BOOK-220,01.01.2014,12/31/2014,4/27/2014,12,1,2,,,,DEU,,,,,,imgs/2014_DEU__508.jpg,monika
509,BOOK,BOOK-224,01.01.2014,12/31/2014,4/27/2014,12,1,2,,,,DEU,,,,,,imgs/2014_DEU__509.jpg,monika
510,BOOK,BOOK-228,01.01.2014,12/31/2014,4/27/2014,12,1,2,,,,DEU,,,,,,imgs/2014_DEU__510.jpg,monika
511,BOOK,BOOK-232,01.01.2014,12/31/2014,4/27/2014,12,1,2,,,,DEU,,,,,,imgs/2014_DEU__511.jpg,monika
512,BOOK,BOOK-236,01.01.2014,12/31/2014,4/27/2014,12,1,2,,,,DEU,,,,,,imgs/2014_DEU__512.jpg,monika
513,BOOK,BOOK-240,01.01.2014,12/31/2014,4/27/2014,12,1,2,,,,DEU,,,,,,imgs/2014_DEU__513.jpg,monika
514,BOOK,BOOK-244,01.01.2014,12/31/2014,4/27/2014,12,1,2,,,,DEU,,,,,,imgs/2014_DEU__514.jpg,monika
515,BOOK,BOOK-252,01.01.2014,12/31/2014,4/27/2014,12,1,2,,,,DEU,,,,,,imgs/2014_DEU__515.jpg,monika
516,BOOK,BOOK-256,01.01.2014,12/31/2014,4/27/2014,12,1,2,,,,DEU,,,,,,imgs/2014_DEU__516.jpg,monika
517,BOOK,BOOK-260,01.01.2014,12/31/2014,4/27/2014,12,1,2,,,,DEU,,,,,,imgs/2014_DEU__517.jpg,monika
518,BOOK,BOOK-264,01.01.2014,12/31/2014,4/27/2014,12,1,2,,,,DEU,,,,,,imgs/2014_DEU__518.jpg,monika
519,BOOK,BOOK-268,01.01.2014,12/31/2014,4/27/2014,12,1,2,,,,DEU,,,,,,imgs/2014_DEU__519.jpg,monika
520,BOOK,BOOK-272,01.01.2014,12/31/2014,4/27/2014,12,1,2,,,,DEU,,,,,,imgs/2014_DEU__520.jpg,monika
521,BOOK,BOOK-276,01.01.2014,12/31/2014,4/27/2014,12,1,2,,,,DEU,,,,,,imgs/2014_DEU__521.jpg,monika
522,BOOK,BOOK-280,01.01.2014,12/31/2014,4/27/2014,12,1,2,,,,DEU,,,,,,imgs/2014_DEU__522.jpg,monika
523,BOOK,BOOK-284,01.01.2014,12/31/2014,4/27/2014,12,1,2,,,,DEU,,,,,,imgs/2014_DEU__523.jpg,monika
524,BOOK,BOOK-288,01.01.2014,12/31/2014,4/27/2014,12,1,2,,,,DEU,,,,,,imgs/2014_DEU__524.jpg,monika
525,BOOK,BOOK-292,01.01.2014,12/31/2014,4/27/2014,12,1,2,,,,DEU,,,,,,imgs/2014_DEU__525.jpg,monika
526,BOOK,BOOK-296,01.01.2014,12/31/2014,4/27/2014,12,1,2,,,,DEU,,,,,,imgs/2014_DEU__526.jpg,monika
527,BOOK,BOOK-300,01.01.2014,12/31/2014,4/27/2014,12,1,2,,,,DEU,,,,,,imgs/2014_DEU__527.jpg,monika
528,BOOK,BOOK-304,01.01.2014,12/31/2014,4/27/2014,12,1,2,,,,DEU,,,,,,imgs/2014_DEU__528.jpg,monika
529,BOOK,BOOK-308,01.01.2014,12/31/2014,4/27/2014,12,1,2,,,,DEU,,,,,,imgs/2014_DEU__529.jpg,monika
530,BOOK,BOOK-312,01.01.2014,12/31/2014,4/27/2014,12,1,2,,,,DEU,,,,,,imgs/2014_DEU__530.jpg,monika
531,BOOK,BOOK-316,01.01.2014,12/31/2014,4/27/2014,12,1,2,,,,DEU,,,,,,imgs/2014_DEU__531.jpg,monika
532,BOOK,BOOK-320,01.01.2014,12/31/2014,4/27/2014,12,1,2,,,,DEU,,,,,,imgs/2014_DEU__532.jpg,monika
533,BOOK,BOOK-324,01.01.2014,12/31/2014,4/27/2014,12,1,2,,,,DEU,,,,,,imgs/2014_DEU__533.jpg,monika
534,BOOK,BOOK-328,01.01.2014,12/31/2014,4/27/2014,12,1,2,,,,DEU,,,,,,imgs/2014_DEU__534.jpg,monika
535,BOOK,BOOK-332,01.01.2014,12/31/2014,4/27/2014,12,1,2,,,,DEU,,,,,,imgs/2014_DEU__535.jpg,monika
536,BOOK,BOOK-336,01.01.2014,12/31/2014,4/27/2014,12,1,2,,,,DEU,,,,,,imgs/2014_DEU__536.jpg,monika
537,BOOK,BOOK-340,01.01.2014,12/31/2014,4/27/2014,12,1,2,,,,DEU,,,,,,imgs/2014_DEU__537.jpg,monika
538,BOOK,BOOK-344,01.01.2014,12/31/2014,4/27/2014,12,1,2,,,,DEU,,,,,,imgs/2014_DEU__538.jpg,monika
539,BOOK,BOOK-348,01.01.2014,12/31/2014,4/27/2014,12,1,2,,,,DEU,,,,,,imgs/2014_DEU__539.jpg,monika
540,BOOK,BOOK-352,01.01.2014,12/31/2014,4/27/2014,12,1,2,,,,DEU,,,,,,imgs/2014_DEU__540.jpg,monika
541,BOOK,BOOK-356,01.01.2014,12/31/2014,4/27/2014,12,1,2,,,,DEU,,,,,,imgs/2014_DEU__541.jpg,monika
542,BOOK,BOOK-360,01.01.2014,12/31/2014,4/27/2014,12,1,2,,,,DEU,,,,,,imgs/2014_DEU__542.jpg,monika
543,BOOK,BOOK-364,01.01.2014,12/31/2014,4/27/2014,12,1,2,,,,DEU,,,,,,imgs/2014_DEU__543.jpg,monika
544,BOOK,BOOK-368,01.01.2014,12/31/2014,4/27/2014,12,1,2,,,,DEU,,,,,,imgs/2014_DEU__544.jpg,monika
545,BOOK,BOOK-372,01.01.2014,12/31/2014,4/27/2014,12,1,2,,,,DEU,,,,,,imgs/2014_DEU__545.jpg,monika
546,BOOK,BOOK-376,01.01.2014,12/31/2014,4/27/2014,12,1,2,,,,DEU,,,,,,imgs/2014_DEU__546.jpg,monika
547,BOOK,BOOK-380,01.01.2014,12/31/2014,4/27/2014,12,1,2,,,,DEU,,,,,,imgs/2014_DEU__547.jpg,monika
548,Guaman Poma de Ayala / Felipe,Drawing 61. The eleventh captain / Rumiñavi,1600-01-01,1615-12-31,4/27/2014,1,5,8,,http://www.kb.dk/permalink/2006/poma/165/en/text/?open=id2973282,,PER,El primer nueva corónica y buen gobierno (The First New Chronicle and Good Government),Det Kongelige Bibliotek / Kopenhagen,,,,imgs/1600_PER__548.jpg,m.griesse
553,Finson / Louis,Les quatre éléments,1611-01-01,1611-12-31,4/29/2014,2,1,6,,http://www.wga.hu/frames-e.html?/html/f/finson/4element.html,,FRA,Naples,Private Collection,,,,imgs/1611_FRA__553.jpg,m.griesse
554,Thurneysser / Leonhard,Von dem Sal Solis,1570-01-01,1570-12-31,4/29/2014,12,5,2,,http://wiki.astro.com/imwiki/de/4TemperamenteThurneysser3.jpg,,DEU,Quinta Essentia: d.i. die Höchste Subtilität / Kraft und Wirkung – der Medicina und Alchemia / Münster 1570, Leipzig 1574,,,,imgs/1570_DEU__554.jpg,m.griesse
555,unknown,Die betrangte Stadt Augsburg,1629-01-01,1632-12-31,4/29/2014,12,1,2,,http://www.britishmuseum.org/research/collection_online/collection_object_details/collection_image_gallery.aspx?assetId=165838&objectId=1497661&partId=1,,DEU,,British Museum / number 1875 /0710.4372,,,,imgs/1629_DEU__555.jpg,m.griesse
556,unknown,The kingdom's monster.,1643-01-01,1643-12-31,4/29/2014,12,1,5,,Helen Pierce: Unseemly Pictures. Graphic Satire and Politics in Early Modern England / Yale Univ. Press / New Haven and London / 2008 / p.151,,GBR,,London / British Library,,,The print is also published in George: English Political Caricatures to 1792. A study of opinion and propaganda / Oxford 1959 / PLATE 9.,imgs/1643_GBR__556.jpg,m.griesse
557,BOOK,BOOK-plate1,01.01.2014,12/31/2014,4/30/2014,12,1,2,,,,DEU,,,,,,imgs/2014_DEU__557.jpg,monika
558,BOOK,BOOK-plate2,01.01.2014,12/31/2014,4/30/2014,12,1,2,,,,DEU,,,,,,imgs/2014_DEU__558.jpg,monika
559,BOOK,BOOK-plate3,01.01.2014,12/31/2014,4/30/2014,12,1,2,,,,DEU,,,,,,imgs/2014_DEU__559.jpg,monika
560,BOOK,BOOK-plate4,01.01.2014,12/31/2014,4/30/2014,12,1,2,,,,DEU,,,,,,imgs/2014_DEU__560.jpg,monika
561,unknown,BOOK-plate6,01.01.2014,12/31/2014,4/30/2014,12,1,2,,,,AFG,,,,,,imgs/2014_AFG__561.jpg,monika
562,unknown,BOOK-plate5,01.01.2014,12/31/2014,4/30/2014,12,1,2,,,,AFG,,,,,,imgs/2014_AFG__562.jpg,monika
563,unknown,BOOK-plate7,01.01.2014,12/31/2014,4/30/2014,12,1,2,,,,AFG,,,,,,imgs/2014_AFG__563.jpg,monika
564,unknown,BOOK-plate8,01.01.2014,12/31/2014,4/30/2014,12,1,2,,,,AFG,,,,,,imgs/2014_AFG__564.jpg,monika
565,anonymous,Ravaillac parricide of the French King Henry IV,1610-01-01,1610-12-31,05.02.2014,12,1,1,,Haerter from Paas 1985-2007 / vol I: 250,,NLD,,,,,,imgs/1610_NLD__565.jpg,m.griesse
566,M. S. Freeman,Prince Charles Edward Stuart,1849-01-01,1849-12-31,05.02.2014,12,1,5,,www.bridgemanart.com,Image number XJF486399,GBR,Glasgow / Scotland,Private Collection,private,Bridgeman Art Library,,imgs/1849_GBR__566.jpg,monika
567,unknown,Daniel Defoe in the pillory,1700-01-01,1750-12-31,05.02.2014,12,1,13,,www.bridgemanart.com,Image number 475400,GBR,Great Britain,,,Bridgeman Art Library,,imgs/1700_GBR__567.jpg,monika
568,unknown,The printing press,1600-01-01,1700-12-31,05.02.2014,12,1,13,,www.bridgemanart.com,Image number 79286,GBR,Great Britain,,,Bridgeman Art Library,,imgs/1600_GBR__568.jpg,monika
569,unknown,Chartist Meetings for the Ensuing Week,1700-01-01,1800-12-31,05.02.2014,12,1,13,,www.bridgemanart.com,Image number 79286,GBR,Great Britain,,,Bridgeman Art Library,,imgs/1700_GBR__569.jpg,monika
570,unknown,The Quakers Dream,1685-01-01,1700-12-31,05.02.2014,12,1,13,,www.bridgemanart.com,Image number 107405,GBR,Great Britain,,,Bridgeman Art Library,,imgs/1685_GBR__570.jpg,monika
571,unknown,The printing press,1685-01-01,1700-12-31,05.02.2014,12,1,13,,www.bridgemanart.com,Image number,GBR,Great Britain,,,Bridgeman Art Library,,imgs/1685_GBR__571.jpg,monika
572,unknown,The Church of England against the Papacy,1685-01-01,1700-12-31,05.02.2014,12,1,13,,www.bridgemanart.com,Image number,GBR,Great Britain,,,Bridgeman Art Library,,imgs/1685_GBR__572.jpg,monika
573,unknown,A present for a papist,1685-01-01,1700-12-31,05.02.2014,12,1,13,,www.bridgemanart.com,Image number,GBR,Great Britain,,,Bridgeman Art Library,,imgs/1685_GBR__573.jpg,monika
574,unknown,The printing press,1685-01-01,1700-12-31,05.02.2014,12,1,13,,www.bridgemanart.com,Image number,GBR,Great Britain,,,Bridgeman Art Library,,imgs/1685_GBR__574.jpg,monika
575,unknown,A duel between two sisters near Bordeaux,1685-01-01,1700-12-31,05.02.2014,12,1,13,,www.bridgemanart.com,Image number,GBR,Great Britain,,,Bridgeman Art Library,,imgs/1685_GBR__575.jpg,monika
576,unknown,Poll Tax 1709,1685-01-01,1700-12-31,05.02.2014,12,1,13,,www.bridgemanart.com,Image number,GBR,Great Britain,,,Bridgeman Art Library,,imgs/1685_GBR__576.jpg,monika
577,unknown,The Freedom of the Press,1797-01-01,1797-12-31,05.02.2014,12,1,13,,www.bridgemanart.com,Image number,GBR,Great Britain,,,Bridgeman Art Library,,imgs/1797_GBR__577.jpg,monika
578,unknown,The Daily Advertiser,1797-01-01,1797-12-31,05.02.2014,12,1,13,,www.bridgemanart.com,Image number,GBR,Great Britain,,,Bridgeman Art Library,,imgs/1797_GBR__578.jpg,monika
579,unknown,The Coffee House Politicians,1797-01-01,1797-12-31,05.02.2014,12,1,13,,www.bridgemanart.com,Image number,GBR,Great Britain,,,Bridgeman Art Library,,imgs/1797_GBR__579.jpg,monika
580,unknown,Three witches burned alive,1500-01-01,1600-12-31,05.02.2014,12,1,13,,www.bridgemanart.com,Image number,GBR,Great Britain,,,Bridgeman Art Library,,imgs/1500_GBR__580.jpg,monika
581,unknown,A proclamation by the King / for the suppression of Coffee-Houses,1500-01-01,1600-12-31,05.02.2014,12,1,13,,www.bridgemanart.com,Image number,GBR,Great Britain,,,Bridgeman Art Library,,imgs/1500_GBR__581.jpg,monika
582,unknown,The Parliament of Women,1656-01-01,1656-12-31,05.02.2014,12,1,13,,www.bridgemanart.com,Image number,GBR,Great Britain,,,Bridgeman Art Library,,imgs/1656_GBR__582.jpg,monika
583,unknown,The full view of Canterburies fall / from POP deliver us,1656-01-01,1656-12-31,05.02.2014,12,1,13,,www.bridgemanart.com,Image number,GBR,Great Britain,,,Bridgeman Art Library,,imgs/1656_GBR__583.jpg,monika
584,unknown,Palatinischer Catechismus (satire),1656-01-01,1656-12-31,05.02.2014,12,1,13,,www.bridgemanart.com,Image number,GBR,Great Britain,,,Bridgeman Art Library,,imgs/1656_GBR__584.jpg,monika
585,unknown,Catholic caricature depicting the Protestant reformers as heretics,1656-01-01,1656-12-31,05.02.2014,12,1,13,,www.bridgemanart.com,Image number,GBR,Great Britain,,,Bridgeman Art Library,,imgs/1656_GBR__585.jpg,monika
586,unknown,Martin Luther (satire),1656-01-01,1656-12-31,05.02.2014,12,1,13,,www.bridgemanart.com,Image number,GBR,Great Britain,,,Bridgeman Art Library,,imgs/1656_GBR__586.jpg,monika
587,John Taylor,A cluster of coxcombes,1656-01-01,1656-12-31,05.02.2014,12,1,13,,www.bridgemanart.com,Image number,GBR,Great Britain,,,Bridgeman Art Library,,imgs/1656_GBR__587.jpg,monika
588,John Taylor,The Brownist Conventicle,1656-01-01,1656-12-31,05.02.2014,12,1,13,,www.bridgemanart.com,Image number,GBR,Great Britain,,,Bridgeman Art Library,,imgs/1656_GBR__588.jpg,monika
589,John Taylor,A Looking-Glass for a Christian Family,1656-01-01,1656-12-31,05.02.2014,12,1,13,,www.bridgemanart.com,Image number,GBR,Great Britain,,,Bridgeman Art Library,,imgs/1656_GBR__589.jpg,monika
590,unknown,Adam von Herberstorff,1626-01-01,1626-12-31,05.03.2014,1,1,2,,http://steyrerpioniere.wordpress.com/2012/02/26/wolf-madlseder/#jp-carousel-3783,,AUT,,,,,,imgs/1626_AUT__590.jpg,m.griesse
591,unknown,The Rebells in a Panick,1745-01-01,1745-12-31,05.03.2014,12,1,5,,http://digital.nls.uk/jacobite-prints-and-broadsides/pageturner.cfm?mode=gallery&id=74466725,,GBR,Great Britain,National Library of Scotland / Walter Biggar Blaikie Collection of Jacobite Prints and Broadsides,National Library of Scotland,National Library of Scotland,,imgs/1745_GBR__591.jpg,monika
592,unknown,Slavery in Miniature: A Fable,1745-01-01,1745-12-31,05.03.2014,12,1,1,,http://digital.nls.uk/jacobite-prints-and-broadsides/pageturner.cfm?mode=gallery&id=74466725,,GBR,Great Britain,National Library of Scotland / Walter Biggar Blaikie Collection of Jacobite Prints and Broadsides,National Library of Scotland,National Library of Scotland,,imgs/1745_GBR__592.jpg,monika
593,unknown,Briton's Association against the Pope's Bulls,1715-01-01,1750-12-31,05.03.2014,12,1,5,,http://digital.nls.uk/jacobite-prints-and-broadsides/pageturner.cfm?mode=gallery&id=74466725,,GBR,Great Britain,National Library of Scotland / Walter Biggar Blaikie Collection of Jacobite Prints and Broadsides,National Library of Scotland,National Library of Scotland,The print is described in George: English Political Caricatures to 1792. A study of opinion and propaganda / Oxford 1959 / p. 96.,imgs/1715_GBR__593.jpg,monika
594,unknown,Court and Country United against the Popish Invasion,1744-01-01,1744-12-31,05.03.2014,12,1,1,,http://digital.nls.uk/jacobite-prints-and-broadsides/pageturner.cfm?mode=gallery&id=74466725,,GBR,Great Britain,National Library of Scotland / Walter Biggar Blaikie Collection of Jacobite Prints and Broadsides,National Library of Scotland,National Library of Scotland,,imgs/1744_GBR__594.jpg,monika
595,unknown,The Court Fright,1715-01-01,1750-12-31,05.03.2014,12,1,5,,http://digital.nls.uk/jacobite-prints-and-broadsides/pageturner.cfm?mode=gallery&id=74466725,,GBR,Great Britain,National Library of Scotland / Walter Biggar Blaikie Collection of Jacobite Prints and Broadsides,National Library of Scotland,National Library of Scotland,,imgs/1715_GBR__595.jpg,monika
596,unknown,Lying in State (caricature on the death of the Duke of Cumberland),1756-01-01,1756-12-31,05.03.2014,12,1,1,,http://digital.nls.uk/jacobite-prints-and-broadsides/pageturner.cfm?mode=gallery&id=74466725,,GBR,Great Britain,National Library of Scotland / Walter Biggar Blaikie Collection of Jacobite Prints and Broadsides,National Library of Scotland,National Library of Scotland,,imgs/1756_GBR__596.jpg,monika
597,unknown,Frontispiece to the Jacobites Journal (satire),1715-01-01,1750-12-31,05.03.2014,12,1,1,,http://digital.nls.uk/jacobite-prints-and-broadsides/pageturner.cfm?mode=gallery&id=74466725,,GBR,Great Britain,National Library of Scotland / Walter Biggar Blaikie Collection of Jacobite Prints and Broadsides,National Library of Scotland,National Library of Scotland,,imgs/1715_GBR__597.jpg,monika
598,unknown,The Highlanders Medley or the Duke Triumphant,1746-01-01,1746-12-31,05.03.2014,12,1,5,,http://digital.nls.uk/jacobite-prints-and-broadsides/pageturner.cfm?mode=gallery&id=74466725,,GBR,Great Britain,National Library of Scotland / Walter Biggar Blaikie Collection of Jacobite Prints and Broadsides,National Library of Scotland,National Library of Scotland,,imgs/1746_GBR__598.jpg,monika
599,unknown,A Hint to the Wise of the Surest way with the Pretender,1715-01-01,1750-12-31,05.03.2014,12,1,1,,http://digital.nls.uk/jacobite-prints-and-broadsides/pageturner.cfm?mode=gallery&id=74466725,,GBR,Great Britain,National Library of Scotland / Walter Biggar Blaikie Collection of Jacobite Prints and Broadsides,National Library of Scotland,National Library of Scotland,,imgs/1715_GBR__599.jpg,monika
600,unknown,The Jiltmegant,1745-01-01,1750-12-31,05.03.2014,12,1,5,,http://digital.nls.uk/jacobite-prints-and-broadsides/pageturner.cfm?mode=gallery&id=74466725,,GBR,Great Britain,National Library of Scotland / Walter Biggar Blaikie Collection of Jacobite Prints and Broadsides,National Library of Scotland,National Library of Scotland,,imgs/1745_GBR__600.jpg,monika
601,unknown,see file names!,1715-01-01,1750-12-31,05.03.2014,12,1,1,,http://digital.nls.uk/jacobite-prints-and-broadsides/pageturner.cfm?mode=gallery&id=74466725,,GBR,Great Britain,National Library of Scotland / Walter Biggar Blaikie Collection of Jacobite Prints and Broadsides,National Library of Scotland,National Library of Scotland,,imgs/1715_GBR__601.jpg,monika
602,unknown,see file names!,1715-01-01,1750-12-31,05.03.2014,12,1,1,,http://digital.nls.uk/jacobite-prints-and-broadsides/pageturner.cfm?mode=gallery&id=74466725,,GBR,Great Britain,National Library of Scotland / Walter Biggar Blaikie Collection of Jacobite Prints and Broadsides,National Library of Scotland,National Library of Scotland,,imgs/1715_GBR__602.jpg,monika
603,unknown,see file names!,1715-01-01,1750-12-31,05.03.2014,12,1,1,,http://digital.nls.uk/jacobite-prints-and-broadsides/pageturner.cfm?mode=gallery&id=74466725,,GBR,Great Britain,National Library of Scotland / Walter Biggar Blaikie Collection of Jacobite Prints and Broadsides,National Library of Scotland,National Library of Scotland,,imgs/1715_GBR__603.jpg,monika
604,unknown,The Pope's scourge / or an exact Portraiture of a POPISH PRETENDER,1745-01-01,1745-12-31,05.03.2014,12,1,1,,http://digital.nls.uk/jacobite-prints-and-broadsides/pageturner.cfm?mode=gallery&id=74466725,,GBR,Great Britain,National Library of Scotland / Walter Biggar Blaikie Collection of Jacobite Prints and Broadsides,National Library of Scotland,National Library of Scotland,,imgs/1745_GBR__604.jpg,monika
605,unknown,A Race from Preston Pans to Berwick,1746-01-01,1750-12-31,05.03.2014,12,1,1,,http://digital.nls.uk/jacobite-prints-and-broadsides/pageturner.cfm?mode=gallery&id=74466725,,GBR,Great Britain,National Library of Scotland / Walter Biggar Blaikie Collection of Jacobite Prints and Broadsides,National Library of Scotland,National Library of Scotland,,imgs/1746_GBR__605.jpg,monika
606,unknown,Rebellion Displayed,1715-01-01,1750-12-31,05.03.2014,12,1,5,,http://digital.nls.uk/jacobite-prints-and-broadsides/pageturner.cfm?mode=gallery&id=74466725,,GBR,Great Britain,National Library of Scotland / Walter Biggar Blaikie Collection of Jacobite Prints and Broadsides,National Library of Scotland,National Library of Scotland,,imgs/1715_GBR__606.jpg,monika
607,unknown,Rebellion Rewarded,1715-01-01,1750-12-31,05.03.2014,12,1,1,,http://digital.nls.uk/jacobite-prints-and-broadsides/pageturner.cfm?mode=gallery&id=74466725,,GBR,Great Britain,National Library of Scotland / Walter Biggar Blaikie Collection of Jacobite Prints and Broadsides,National Library of Scotland,National Library of Scotland,,imgs/1715_GBR__607.jpg,monika
608,unknown,Tandem Triumphans,1746-01-01,1750-12-31,05.03.2014,12,1,1,,http://digital.nls.uk/jacobite-prints-and-broadsides/pageturner.cfm?mode=gallery&id=74466725,,GBR,Great Britain,National Library of Scotland / Walter Biggar Blaikie Collection of Jacobite Prints and Broadsides,National Library of Scotland,National Library of Scotland,,imgs/1746_GBR__608.jpg,monika
609,unknown,Tempora Mutantur,1745-01-01,1750-12-31,05.03.2014,12,1,1,,http://digital.nls.uk/jacobite-prints-and-broadsides/pageturner.cfm?mode=gallery&id=74466725,,GBR,Great Britain,National Library of Scotland / Walter Biggar Blaikie Collection of Jacobite Prints and Broadsides,National Library of Scotland,National Library of Scotland,,imgs/1745_GBR__609.jpg,monika
610,unknown,The Jacobites Hopes / or Perkin Riding in Triumph,1715-01-01,1715-12-31,05.03.2014,12,1,5,,http://digital.nls.uk/jacobite-prints-and-broadsides/pageturner.cfm?mode=gallery&id=74466725,,GBR,Great Britain,National Library of Scotland / Walter Biggar Blaikie Collection of Jacobite Prints and Broadsides,National Library of Scotland,National Library of Scotland,A later reproduction of this print with slight alterations is discussed in George: English Political Caricature To 1792. A Study Of Opinion And Propaganda / Oxford 1959 / p.95.,imgs/1715_GBR__610.jpg,monika
611,unknown,The Three Roads to John Bull's Farm,1762-01-01,1762-12-31,05.03.2014,12,1,5,,http://digital.nls.uk/jacobite-prints-and-broadsides/pageturner.cfm?mode=gallery&id=74466725,,GBR,Great Britain,National Library of Scotland / Walter Biggar Blaikie Collection of Jacobite Prints and Broadsides,National Library of Scotland,National Library of Scotland,,imgs/1762_GBR__611.jpg,monika
612,unknown,A token for runaways London,1625-01-01,1625-12-31,05.04.2014,12,1,5,,www.bridgemanart.com,,GBR,London / Great Britain,,,Bridgeman Art Library,,imgs/1625_GBR__612.jpg,monika
613,unknown,De vlugtende jonge pretendent,1746-01-01,1746-12-31,05.04.2014,12,1,3,,,,NLD,Netherlands,Königliche Bibliothek der Niederlande,,Königliche Bibliothek der Niederlande,,imgs/1746_NLD__613.jpg,monika
614,anonymous,Warhafftige von allen Conjecturen und Muhtmassungen entfernte Juden=Zeitung aus Aleppo einen neuentstandenen grossen Wunder=Propheten betreffend der die verlohrne zehen Stämme Israelis wieder versamlen/ und selbigen ingesamt das Land Canaan einräumen soll,1671-01-01,1680-12-31,05.04.2014,12,1,2,HAB Wolfenbüttel Stadtbibliothek Frankfurt am Main. BSB München: Signatur: &lt,http://prometheus.uni-koeln.de/pandora/image/show/stabi-4f015a2a0933f04538d5795f09b29ff11764c1dd,,DEU,,,,"Andere Ausgabe: Scholem / Gershom: Sabbatai Zwi. Der mystische Messias. Frankfurt a. M. 1992. Abb. S. 1020 und S. 
1056 f.Parallele: Deutsche illustrierte Flugblätter des 16. und 17. Jahrhunderts . Hrsg. von Wolfgang Harms. Bd. 3: Die Sammlung 	
der Herzog August Bibliothek in Wolfenbüttel. Teil 3: Theologica / Quodlibetica. Hrsg. von Wolfgang Harms / Michael Schilling u.a. 	
Tübingen 1989. Nr. III / 147 / 148 / 149 / 150	 Stadtbibliothek Frankfurt am
 Main. Katalog der Judaica und Hebraica. Bd. 1: Judaica. 	
Frankfurt am Main 1932. S. 400.",,imgs/1671_DEU__614.jpeg,m.griesse
615,unknown,Assassination of Henry Duke of Guise,1588-01-01,1588-12-31,05.04.2014,12,1,6,,www.bridgemanart.com,,FRA,France,,,Bridgeman Art Library,,imgs/1588_FRA__615.jpg,monika
616,unknown,Fettmilchaufstand in Frankfurt am Main,1614-01-01,1614-12-31,05.04.2014,12,1,2,,www.bridgemanart.com,,DEU,Germany,,,Bridgeman Art Library,,imgs/1614_DEU__616.jpg,monika
617,unknown,Het Buskruitverraad (The Gunpowder Plot),1605-01-01,1605-12-31,05.04.2014,12,2,3,,,,NLD,Netherlands,Rijksmuseum,Rijksmuseum,Rijksmuseum,,imgs/1605_NLD__617.jpg,monika
618,unknown,Het Buskruitverraad (The Gunpowder Plot) - detail,1605-01-01,1605-12-31,05.04.2014,12,2,3,,,,NLD,Netherlands,Rijksmuseum,Rijksmuseum,Rijksmuseum,,imgs/1605_NLD__618.jpg,monika
619,unknown,The Times Past / Present / and to Come,1765-01-01,1765-12-31,05.04.2014,12,1,5,,http://www.britishmuseum.org/research/collection_online/,Museum number  1868 /0808.4359,GBR,London / Great Britain,British Museum London,British Museum London,British Museum London,,imgs/1765_GBR__619.jpg,monika
620,unknown,Carlton House junto in fear and trembling,1770-01-01,1771-12-31,05.04.2014,12,1,5,,http://www.britishmuseum.org/research/collection_online/,Museum number  1868 /0808.9965,GBR,London or Oxford / Great Britain,British Museum London,British Museum London,British Museum London,,imgs/1770_GBR__620.jpg,monika
621,unknown,The Triumph of Liberty: A Hieroglyphical / Congratulatory Epistle from John [bust of Wilkes],1765-01-01,1765-12-31,05.04.2014,12,1,5,,http://www.britishmuseum.org/research/collection_online/,Museum number,GBR,London or Oxford / Great Britain,British Museum London,British Museum London,British Museum London,,imgs/1765_GBR__621.jpg,monika
622,unknown,Unpopular actions of Bute / Grenville / Lord Mansfield / North / Grafton and others,1771-01-01,1771-12-31,05.04.2014,12,1,5,,http://www.britishmuseum.org/research/collection_online/,Museum number,GBR,London or Oxford / Great Britain,British Museum London,British Museum London,British Museum London,,imgs/1771_GBR__622.jpg,monika
623,unknown,Watkin Lewes Esqr presenting the addresses from the counties,1771-01-01,1771-12-31,05.04.2014,12,1,5,,http://www.britishmuseum.org/research/collection_online/,Museum number,GBR,London or Oxford / Great Britain,British Museum London,British Museum London,British Museum London,,imgs/1771_GBR__623.jpg,monika
624,unknown,A deputation from Jonathan's and the Free-Masons,1771-01-01,1771-12-31,05.04.2014,12,1,5,,http://www.britishmuseum.org/research/collection_online/,Museum number,GBR,Great Britain,British Museum London,British Museum London,British Museum London,,imgs/1771_GBR__624.jpg,monika
625,unknown,Now Jacky & Georgee together is joind,1784-01-01,1784-12-31,05.04.2014,12,1,5,,http://www.britishmuseum.org/research/collection_online/,Museum number,GBR,Great Britain,British Museum London,British Museum London,British Museum London,Similar prints are described in George: English Political Caricatures to 1792. A study of opinion and propaganda / Oxford 1959 / p. 168 and 186 / PLATE 72.,imgs/1784_GBR__625.jpg,monika
626,unknown,Wilkite Badge' in form of numerals '45' linked at top by crown motif,1763-01-01,1763-12-31,05.04.2014,9,4,5,,http://www.britishmuseum.org/research/collection_online/,Museum number,GBR,Great Britain,British Museum London,British Museum London,British Museum London,,imgs/1763_GBR__626.jpg,monika
627,unknown,Wilkes and Liberty - No Bute,1763-01-01,1770-12-31,05.04.2014,7,4,5,,http://www.britishmuseum.org/research/collection_online/,Museum number,GBR,Great Britain,British Museum London,British Museum London,British Museum London,,imgs/1763_GBR__627.jpg,monika
628,unknown,Mr Serjeant Glyn / John Wilkes Esqr / The Revd Mr John Horne,1769-01-01,1769-12-31,05.04.2014,12,1,5,,http://www.britishmuseum.org/research/collection_online/,Museum number,GBR,Great Britain,British Museum London,British Museum London,British Museum London,,imgs/1769_GBR__628.jpg,monika
629,unknown,A Satire on 'Scotch' and 'English' (Lord Bute and John Wilkes),1764-01-01,1764-12-31,05.04.2014,12,1,5,,http://www.britishmuseum.org/research/collection_online/,Museum number,GBR,Great Britain,British Museum London,British Museum London,British Museum London,,imgs/1764_GBR__629.jpg,monika
630,George Bickham the Younger,Satire of John Wilkes looking through a prison window,1763-01-01,1763-12-31,05.04.2014,12,1,5,,http://www.britishmuseum.org/research/collection_online/,Museum number,GBR,Great Britain,British Museum London,British Museum London,British Museum London,,imgs/1763_GBR__630.jpg,monika
631,unknown,John Wilkes Esq before the Court of King's Bench,1768-01-01,1768-12-31,05.04.2014,12,1,5,,http://www.britishmuseum.org/research/collection_online/,Museum number,GBR,London / Great Britain,British Museum London,British Museum London,British Museum London,,imgs/1768_GBR__631.jpg,monika
632,unknown,Wilkes on Lord Bute's knees (satire),1768-01-01,1768-12-31,05.04.2014,12,1,5,,http://www.britishmuseum.org/research/collection_online/,Museum number,GBR,London / Great Britain,British Museum London,British Museum London,British Museum London,,imgs/1768_GBR__632.jpg,monika
633,unknown,When Court Gallants with Honours swell / it is a Sign of Kissing Well,1762-01-01,1762-12-31,05.04.2014,12,1,5,,http://www.britishmuseum.org/research/collection_online/,Museum number,GBR,London / Great Britain,British Museum London,British Museum London,British Museum London,,imgs/1762_GBR__633.jpg,monika
634,unknown / after drawing by William Hogarth,Caricatural portrait of John Wilkes holding the cap of Liberty,1770-01-01,1770-12-31,05.04.2014,12,1,5,,http://www.britishmuseum.org/research/collection_online/,Museum number,GBR,London / Great Britain,British Museum London,British Museum London,British Museum London,The print is described in George: English Political Caricatures to 1792. A study of opinion and propaganda / Oxford 1959 / pp. 130-131 (PLATE 36),imgs/1770_GBR__634.jpg,monika
635,Christian Benjamin Glassbach,German caricature of John Wilkes,1763-01-01,1763-12-31,05.04.2014,12,1,6,,http://www.britishmuseum.org/research/collection_online/,Museum number,GBR,Berlin / Germany,British Museum London,The Trustees of the British Museum,British Museum London,,imgs/1763_GBR__635.jpg,monika
636,unknown,Hopkins triumphant or Wilkes in the Dumps,1776-01-01,1776-12-31,05.04.2014,12,1,5,,,Museum number,GBR,Great Britain,British Museum London,The Trustees of the British Museum,Great Caricatures Online,,imgs/1776_GBR__636.jpg,monika
637,unknown,John Wilkes / Lord Bute / William Hogarth,1762-01-01,1763-12-31,05.04.2014,12,1,5,,http://www.britishmuseum.org/research/collection_online/,Museum number 1868 /0808.4331,GBR,London / Great Britain,British Museum London,British Museum London,British Museum London,,imgs/1762_GBR__637.jpg,monika
638,unknown,Liberty Revived,1768-01-01,1768-12-31,05.04.2014,12,1,5,,http://www.britishmuseum.org/research/collection_online/,Museum number,GBR,London / Great Britain,British Museum London,British Museum London,British Museum London,,imgs/1768_GBR__638.jpg,monika
639,unknown,The state of the nation,1778-01-01,1778-12-31,05.04.2014,12,1,5,,http://www.britishmuseum.org/research/collection_online/,Museum number,GBR,London / Great Britain,British Museum London,British Museum London,British Museum London,,imgs/1778_GBR__639.jpg,monika
640,unknown,The Westminster Election,1780-01-01,1780-12-31,05.04.2014,12,1,5,,http://www.britishmuseum.org/research/collection_online/,Museum number,GBR,London / Great Britain,British Museum London,British Museum London,British Museum London,,imgs/1780_GBR__640.jpg,monika
641,unknown,The dissolution of P-t [Parliament],1774-01-01,1774-12-31,05.04.2014,12,1,5,,http://www.britishmuseum.org/research/collection_online/,Museum number,GBR,London / Great Britain,British Museum London,British Museum London,British Museum London,,imgs/1774_GBR__641.jpg,monika
642,unknown,The political mirror or an exhibition of ministers for April 1782,1782-01-01,1782-12-31,05.04.2014,12,1,5,,http://www.britishmuseum.org/research/collection_online/,Museum number,GBR,London / Great Britain,British Museum London,British Museum London,British Museum London,,imgs/1782_GBR__642.jpg,monika
643,unknown,Britania's assassination or the Republicans' amusement,1782-01-01,1782-12-31,05.04.2014,12,1,5,,http://www.britishmuseum.org/research/collection_online/,Museum number,GBR,London / Great Britain,British Museum London,British Museum London,British Museum London,,imgs/1782_GBR__643.jpg,monika
644,unknown,Patriotic soup for poor old England,1780-01-01,1780-12-31,05.04.2014,12,1,5,,http://www.britishmuseum.org/research/collection_online/,Museum number,GBR,London / Great Britain,British Museum London,British Museum London,British Museum London,,imgs/1780_GBR__644.jpg,monika
645,unknown,The council of the rulers / & the elders against the tribe of ye Americanites,1775-01-01,1775-12-31,05.04.2014,12,1,5,,http://www.britishmuseum.org/research/collection_online/,Museum number,GBR,London / Great Britain,British Museum London,British Museum London,British Museum London,,imgs/1775_GBR__645.jpg,monika
646,unknown,The parricide. A sketch of modern patriotism,1776-01-01,1776-12-31,05.04.2014,12,1,5,,http://www.britishmuseum.org/research/collection_online/,Museum number,GBR,London / Great Britain,British Museum London,British Museum London,British Museum London,,imgs/1776_GBR__646.jpg,monika
647,unknown,The Patriotic barber of New York / or the Captain in the suds,1775-01-01,1775-12-31,05.04.2014,12,1,5,,http://www.britishmuseum.org/research/collection_online/,Museum number,GBR,London / Great Britain,British Museum London,British Museum London,British Museum London,,imgs/1775_GBR__647.jpg,monika
648,unknown,To the Glorious Sons of Freedom / at the London-Tavern,1769-01-01,1769-12-31,05.04.2014,12,1,5,,http://www.britishmuseum.org/research/collection_online/,Museum number,GBR,London / Great Britain,British Museum London,British Museum London,British Museum London,,imgs/1769_GBR__648.jpg,monika
649,unknown,The Revolution Pillar,1789-01-01,1789-12-31,05.04.2014,12,5,5,,http://www.britishmuseum.org/research/collection_online/,Museum number,GBR,Great Britain,British Museum London,The Trustees of the British Museum,British Museum London,,imgs/1789_GBR__649.jpg,monika
650,unknown,The tree of liberty must be planted immediately,1797-01-01,1797-12-31,05.04.2014,12,5,5,,http://www.britishmuseum.org/research/collection_online/,Museum number,GBR,Great Britain,British Museum London,The Trustees of the British Museum,British Museum London,,imgs/1797_GBR__650.jpg,monika
651,unknown,A sacrifice to slavery / dedicated without permission to the puppet player in Downing Street,1787-01-01,1787-12-31,05.04.2014,12,1,5,,http://www.britishmuseum.org/research/collection_online/,Museum number 1861 /0808.5601,GBR,Great Britain,British Museum London,British Museum London,British Museum London,,imgs/1787_GBR__651.jpg,monika
652,unknown,The Rising of Parliament,1784-01-01,1784-12-31,05.04.2014,12,1,5,,http://www.britishmuseum.org/research/collection_online/,Museum number 1861 /0808.5601,GBR,Great Britain,British Museum London,British Museum London,British Museum London,,imgs/1784_GBR__652.jpg,monika
653,unknown,The grand coalition medal / struck in base metal gilt,1784-01-01,1784-12-31,05.04.2014,12,1,5,,http://www.britishmuseum.org/research/collection_online/,Museum number 1861 /0808.5601,GBR,Great Britain,British Museum London,British Museum London,British Museum London,,imgs/1784_GBR__653.jpg,monika
654,unknown,The new coalition,1784-01-01,1784-12-31,05.04.2014,12,1,5,,http://www.britishmuseum.org/research/collection_online/,Museum number 1861 /0808.5601,GBR,Great Britain,British Museum London,British Museum London,British Museum London,,imgs/1784_GBR__654.jpg,monika
655,unknown,The Patriotick Meteor (satirical print),1771-01-01,1771-12-31,05.04.2014,12,1,5,,http://www.britishmuseum.org/research/collection_online/,Museum number 1861 /0808.5601,GBR,Great Britain,British Museum London,British Museum London,British Museum London,,imgs/1771_GBR__655.jpg,monika
656,unknown,Reformation or / the wonderful effects of a proclamation (satirical print),1771-01-01,1771-12-31,05.04.2014,12,1,5,,http://www.britishmuseum.org/research/collection_online/,Museum number 1861 /0808.5601,GBR,Great Britain,British Museum London,British Museum London,British Museum London,,imgs/1771_GBR__656.jpg,monika
657,unknown,Alderman Bull treads on the back of John Wilkes,1773-01-01,1773-12-31,05.04.2014,12,1,5,,http://www.britishmuseum.org/research/collection_online/,Museum number 1861 /0808.5601,GBR,London / Great Britain,British Museum London,British Museum London,British Museum London,,imgs/1773_GBR__657.jpg,monika
658,unknown,A part of the new commity of inquiry,1771-01-01,1771-12-31,05.04.2014,12,1,5,,http://www.britishmuseum.org/research/collection_online/,Museum number 1861 /0808.5601,GBR,London / Great Britain,British Museum London,British Museum London,British Museum London,,imgs/1771_GBR__658.jpg,monika
659,unknown,Arms of Liberty and Slavery,1768-01-01,1768-12-31,05.04.2014,12,1,5,,http://www.britishmuseum.org/research/collection_online/,Museum number 1861 /0808.5601,GBR,London / Great Britain,British Museum London,British Museum London,British Museum London,,imgs/1768_GBR__659.jpg,monika
660,unknown,The fate of favourites (execution of Struensee seen as a political allegory),1772-01-01,1772-12-31,05.04.2014,12,1,5,,http://www.britishmuseum.org/research/collection_online/,Museum number,GBR,London / Great Britain,British Museum London,British Museum London,British Museum London,,imgs/1772_GBR__660.jpg,monika
661,unknown,clash between supporters and opposers of impressment,1776-01-01,1776-12-31,05.04.2014,12,1,5,,http://www.britishmuseum.org/research/collection_online/,Museum number,GBR,London / Great Britain,British Museum London,British Museum London,British Museum London,,imgs/1776_GBR__661.jpg,monika
662,unknown,The city patriots / or a picture of the times,1773-01-01,1773-12-31,05.04.2014,12,1,5,,http://www.britishmuseum.org/research/collection_online/,Museum number 1861 /0808.5601,GBR,London / Great Britain,British Museum London,British Museum London,British Museum London,,imgs/1773_GBR__662.jpg,monika
663,Franz Heissig,German portrait of John Wilkes,1770-01-01,1770-12-31,05.04.2014,12,1,2,,http://www.britishmuseum.org/research/collection_online/,Museum number,GBR,Augsburg / Germany,British Museum London,The Trustees of the British Museum,British Museum London,,imgs/1770_GBR__663.jpg,monika
664,unknown,English Civil War,1641-01-01,1660-12-31,05.05.2014,12,1,5,,http://www.bridgemanart.com,465187,GBR,Great Britain,British Museum London,The Trustees of the British Museum,Bridgeman Art Library,,imgs/1641_GBR__664.jpg,monika
665,unknown,English Civil War,1641-01-01,1660-12-31,05.05.2014,12,1,5,,http://www.bridgemanart.com,330514,GBR,Great Britain,British Museum London,The Trustees of the British Museum,Bridgeman Art Library,,imgs/1641_GBR__665.jpg,monika
666,unknown,English Civil War,1641-01-01,1660-12-31,05.05.2014,12,1,13,,http://www.bridgemanart.com,341889,GBR,Great Britain,British Museum London,The Trustees of the British Museum,Bridgeman Art Library,,imgs/1641_GBR__666.jpg,monika
667,unknown,English Civil War,1641-01-01,1660-12-31,05.05.2014,12,1,5,,http://www.bridgemanart.com,347906,GBR,Great Britain,British Museum London,The Trustees of the British Museum,Bridgeman Art Library,,imgs/1641_GBR__667.jpg,monika
668,unknown,English Civil War,1641-01-01,1660-12-31,05.05.2014,12,1,5,,http://www.bridgemanart.com,347911,GBR,Great Britain,British Museum London,The Trustees of the British Museum,Bridgeman Art Library,,imgs/1641_GBR__668.jpg,monika
669,unknown,English Civil War,1641-01-01,1660-12-31,05.05.2014,12,1,5,,http://www.bridgemanart.com,347913,GBR,Great Britain,British Museum London,The Trustees of the British Museum,Bridgeman Art Library,,imgs/1641_GBR__669.jpg,monika
670,unknown,English Civil War,1641-01-01,1660-12-31,05.05.2014,12,1,5,,http://www.bridgemanart.com,347914,GBR,Great Britain,British Museum London,The Trustees of the British Museum,Bridgeman Art Library,,imgs/1641_GBR__670.jpg,monika
671,unknown,English Civil War,1641-01-01,1660-12-31,05.05.2014,12,1,5,,http://www.bridgemanart.com,347916,GBR,Great Britain,British Museum London,The Trustees of the British Museum,Bridgeman Art Library,,imgs/1641_GBR__671.jpg,monika
672,unknown,English Civil War,1641-01-01,1660-12-31,05.05.2014,12,1,5,,http://www.bridgemanart.com,347920,GBR,Great Britain,British Museum London,The Trustees of the British Museum,Bridgeman Art Library,,imgs/1641_GBR__672.jpg,monika
673,unknown,English Civil War,1641-01-01,1660-12-31,05.05.2014,12,1,5,,http://www.bridgemanart.com,347921,GBR,Great Britain,British Museum London,The Trustees of the British Museum,Bridgeman Art Library,,imgs/1641_GBR__673.jpg,monika
674,unknown,English Civil War,1641-01-01,1660-12-31,05.05.2014,12,1,5,,http://www.bridgemanart.com,347923,GBR,Great Britain,British Museum London,The Trustees of the British Museum,Bridgeman Art Library,,imgs/1641_GBR__674.jpg,monika
675,unknown,English Civil War,1641-01-01,1660-12-31,05.05.2014,12,1,13,,http://www.bridgemanart.com,354286,GBR,Great Britain,British Museum London,The Trustees of the British Museum,Bridgeman Art Library,,imgs/1641_GBR__675.jpg,monika
676,unknown,English Civil War,1641-01-01,1660-12-31,05.05.2014,12,1,5,,http://www.bridgemanart.com,380469,GBR,Great Britain,British Museum London,The Trustees of the British Museum,Bridgeman Art Library,,imgs/1641_GBR__676.jpg,monika
677,unknown,English Civil War,1641-01-01,1660-12-31,05.05.2014,12,1,5,,http://www.bridgemanart.com,384011,GBR,Great Britain,British Museum London,The Trustees of the British Museum,Bridgeman Art Library,,imgs/1641_GBR__677.jpg,monika
678,unknown,English Civil War,1641-01-01,1660-12-31,05.05.2014,12,1,5,,http://www.bridgemanart.com,387011,GBR,Great Britain,British Museum London,The Trustees of the British Museum,Bridgeman Art Library,,imgs/1641_GBR__678.jpg,monika
679,unknown,English Civil War,1641-01-01,1660-12-31,05.05.2014,12,1,5,,http://www.bridgemanart.com,406261,GBR,Great Britain,British Museum London,The Trustees of the British Museum,Bridgeman Art Library,,imgs/1641_GBR__679.jpg,monika
680,unknown,,1641-01-01,1660-12-31,05.05.2014,12,1,5,,http://www.bridgemanart.com,439982,GBR,Great Britain,British Museum London,The Trustees of the British Museum,Bridgeman Art Library,,imgs/1641_GBR__680.jpg,monika
681,unknown,English Civil War,1641-01-01,1660-12-31,05.05.2014,12,1,5,,http://www.bridgemanart.com,488922,GBR,Great Britain,British Museum London,The Trustees of the British Museum,Bridgeman Art Library,,imgs/1641_GBR__681.jpg,monika
682,unknown,English Civil War,1641-01-01,1660-12-31,05.05.2014,12,1,5,,http://www.bridgemanart.com,488980,GBR,Great Britain,British Museum London,The Trustees of the British Museum,Bridgeman Art Library,,imgs/1641_GBR__682.jpg,monika
683,unknown,English Civil War,1641-01-01,1660-12-31,05.05.2014,12,1,5,,http://www.bridgemanart.com,488986,GBR,Great Britain,British Museum London,The Trustees of the British Museum,Bridgeman Art Library,,imgs/1641_GBR__683.jpg,monika
684,unknown,English Civil War,1641-01-01,1660-12-31,05.05.2014,12,1,5,,http://www.bridgemanart.com,488987,GBR,Great Britain,British Museum London,The Trustees of the British Museum,Bridgeman Art Library,,imgs/1641_GBR__684.jpg,monika
685,unknown,The Beheading of King Charles I,1641-01-01,1660-12-31,05.05.2014,2,1,5,,http://www.bridgemanart.com,20537,GBR,Great Britain,British Museum London,The Trustees of the British Museum,Bridgeman Art Library,,imgs/1641_GBR__685.jpg,monika
686,unknown,The World turn'd upside down,1641-01-01,1660-12-31,05.05.2014,12,1,5,A similar print with different title is described in George: English Political Caricatures to 1792. A study of opinion and propaganda / Oxford 1959 / PLATE 6.,http://www.bridgemanart.com,97563,GBR,Great Britain,British Museum London,The Trustees of the British Museum,Bridgeman Art Library,,imgs/1641_GBR__686.jpg,monika
687,unknown,English Civil War,1641-01-01,1660-12-31,05.05.2014,12,1,5,,http://www.bridgemanart.com,153372,GBR,Great Britain,British Museum London,The Trustees of the British Museum,Bridgeman Art Library,,imgs/1641_GBR__687.jpg,monika
688,unknown,To him pudel / bite him peper,1641-01-01,1660-12-31,05.05.2014,12,1,5,,http://www.bridgemanart.com,153374,GBR,Great Britain,Private Collection,private,Bridgeman Art Library,,imgs/1641_GBR__688.jpg,monika
689,unknown,English Civil War,1641-01-01,1660-12-31,05.05.2014,12,1,5,,http://www.bridgemanart.com,153398,GBR,Great Britain,British Museum London,The Trustees of the British Museum,Bridgeman Art Library,,imgs/1641_GBR__689.jpg,monika
690,unknown,English Civil War,1641-01-01,1660-12-31,05.05.2014,12,1,5,,http://www.bridgemanart.com,206127,GBR,Great Britain,British Museum London,The Trustees of the British Museum,Bridgeman Art Library,,imgs/1641_GBR__690.jpg,monika
691,unknown,English Civil War,1641-01-01,1660-12-31,05.05.2014,12,1,5,,http://www.bridgemanart.com,206129,GBR,Great Britain,British Museum London,The Trustees of the British Museum,Bridgeman Art Library,,imgs/1641_GBR__691.jpg,monika
692,unknown,English Civil War,1641-01-01,1660-12-31,05.05.2014,12,1,5,,http://www.bridgemanart.com,250711,GBR,Great Britain,British Museum London,The Trustees of the British Museum,Bridgeman Art Library,,imgs/1641_GBR__692.jpg,monika
693,unknown,English Civil War,1641-01-01,1660-12-31,05.05.2014,12,1,5,,http://www.bridgemanart.com,294092,GBR,Great Britain,British Museum London,The Trustees of the British Museum,Bridgeman Art Library,,imgs/1641_GBR__693.jpg,monika
694,unknown,Anon The VVelshmans postures or The Wing,1641-01-01,1660-12-31,05.06.2014,12,1,5,,http://www.bridgemanart.com,Anon The VVelshmans postures or The Wing W1332-243_E_89_3,GBR,Great Britain,British Museum London,The Trustees of the British Museum,Bridgeman Art Library,,imgs/1641_GBR__694.jpg,monika
695,unknown,Anon VVhat will you have A calfe with Wing,1641-01-01,1660-12-31,05.06.2014,12,1,5,,http://www.bridgemanart.com,Anon VVhat will you have A calfe with Wing W1582,GBR,Great Britain,British Museum London,The Trustees of the British Museum,Bridgeman Art Library,,imgs/1641_GBR__695.jpg,monika
696,unknown,Ryves Bruno Angliae ruina or Englands illustration,1641-01-01,1660-12-31,05.06.2014,12,1,5,,http://www.bridgemanart.com,Ryves Bruno Angliae ruina or Englands illustration,GBR,Great Britain,British Museum London,The Trustees of the British Museum,Bridgeman Art Library,,imgs/1641_GBR__696.jpg,monika
697,unknown,THE BEHEADING OF KING CHARELS I BRIDGEMAN ART LIBRARY,1641-01-01,1660-12-31,05.06.2014,12,1,5,,http://www.bridgemanart.com,THE BEHEADING OF KING CHARELS I BRIDGEMAN ART LIBRARY,GBR,Great Britain,British Museum London,The Trustees of the British Museum,Bridgeman Art Library,,imgs/1641_GBR__697.jpg,monika
698,unknown,Children Cut in Pieces from the Fundament,1651-01-01,1651-12-31,05.06.2014,12,5,5,Great Britain and Ireland,http://www.bpi1700.org.uk,Order Ref.: AN427464001,GBR,London / Great Britain,,,Arts and Humanities Research Council of the United Kingdom,,imgs/1651_GBR__698.jpg,monika
699,William Simpson,ALLEGORY on the WATERFORD PEACE TREATY,1646-01-01,1646-12-31,05.06.2014,12,1,5,Great Britain and Ireland,http://www.bpi1700.org.uk OR www.britishmuseum.org,Order Ref.: AN121059001,GBR,London / Great Britain,British Museum London / British XVIIc Mounted Roy,,Copyright The Trustees of The British Museum,,imgs/1646_GBR__699.jpg,monika
701,unknown,Som' were torne in peeces by horses,1651-01-01,1651-12-31,05.06.2014,12,5,5,Great Britain and Ireland,http://www.bpi1700.org.uk,Order Ref.: AN427465001,GBR,London / Great Britain,,,Copyright The Trustees of The British Museum,Martyrologium,imgs/1651_GBR__701.jpg,monika
702,unknown,Som' had their armes cut of (sic),1651-01-01,1651-12-31,05.06.2014,12,5,5,Great Britain and Ireland,http://www.bpi1700.org.uk,,GBR,London / Great Britain,,,Copyright The Trustees of The British Museum / Order Ref.: AN427463001,,imgs/1651_GBR__702.jpg,monika
703,Paulus Fürst (?),Stepan Razin's portrait,1670-01-01,1671-12-31,05.07.2014,1,1,2,,,,DEU,Hamburg,собрание графики Константиновского дворца,,,Стенька Разин в гравюрах его современников. ,imgs/1670_DEU__703.jpg,gleb
704,Unknown (after the engraving by Paulus Fürst),Portrait of Stepan Razin / published in a supplement to a Hamburg periodical,1671-01-01,1671-12-31,05.07.2014,1,1,13,,Wikipedia http://commons.wikimedia.org/wiki/File:Raz_Hamburg.jpg?uselang=ru,,DEU,Hamburg periodical «Nordischer Mercurius»,,,,,imgs/1671_DEU__704.jpg,gleb
705,anonymous,Стенька Разин,1667-01-01,1667-12-31,05.07.2014,12,1,9,,Лозанова,,NLD,,,,,,imgs/1667_NLD__705.jpg,m.griesse
706,Unknown,Execution of Stepan Razin and his brother,1672-01-01,1672-12-31,05.08.2014,1,5,5,,Wikipedia http://commons.wikimedia.org/wiki/File:Razin2.jpg,,GBR,,,,"Иконографическая заметка Н. Постникова // Живописная Россия. — СПб. М.: Издание Т-ва М.О. Вольф / 1904. Т. IV. № 173. С. 211. Ровинский Д. А. Подробный словарь русских гравированных портретов. T. III СПб. / 1888. С. 1852—1853. Лобин А. Н. Гравюры XVII века из собрания Константиновского дворца // Константиновский&nbsp	дворцово-парковый ансамбль и его 
художественные коллекции.&nbsp	— СПб. / 2009.	
	",,imgs/1672_GBR__706.jpg,gleb
707,Jan Struys,Stenka Razin throws persian princess in Volga-river,1681-01-01,1681-12-31,05.08.2014,1,5,6,,http://commons.wikimedia.org/wiki/File:Astrakhan-Razin_throws_persian_princess.jpg,,NLD,Les voyages de Jean Struys / en Moscovie / en Tartarie / en Perse / aux Indes / & en plusieurs Autres païs étrangers. Amsterdam / La veuve J. van Meurs / 1681,,,,<span class=etrace>Стрейс / Ян Янсен. Три путешествия / Пер. Э.&nbsp, Ред. А.&nbsp,Морозова.&nbsp
,,,,,,,,,,,,,,,,,1,imgs/1681_NLD__707.jpg,gleb
708,Jan Struys,The capture of Astrachan by Stenka Razin,1681-01-01,1681-12-31,05.09.2014,12,5,6,,http://commons.wikimedia.org/wiki/File:Astrachan2.jpg,,NLD,Les voyages de Jean Struys / en Moscovie / en Tartarie / en Perse / aux Indes / & en plusieurs Autres païs étrangers. Amsterdam / La veuve J. van Meurs / 1681,,,Стрейс / Ян Янсен. Три путешествия / Пер. Э.&nbsp,Бородиной /  Ред. А. / Морозова,imgs/1681_NLD__708.jpg,gleb
709,Loggan,Triumphal arch marking the Restoration of Charles II,1662-01-01,1662-12-31,5/15/2014,12,1,13,Great Britain and Ireland,www.bpi1700.org,Order Ref.: AN216575001,GBR,London / Great Britain,British Museum London,The Trustees of the British Museum,The Trustees of The British Museum,,imgs/1662_GBR__709.jpg,monika
710,Gaywood,Boscobel House and Park / with Charles II hiding in the Royal Oak,1660-01-01,1670-12-31,5/15/2014,12,1,13,Great Britain and Ireland,www.bpi1700.org,Order Ref.: AN53536001,GBR,London / Great Britain,British Museum London,The Trustees of the British Museum,The Trustees of The British Museum,,imgs/1660_GBR__710.jpg,monika
711,Rogers,Sir Thomas Docwra as a Knight of St John of Jerusalem,1590-01-01,1600-12-31,5/15/2014,12,1,13,Great Britain and Ireland,www.bpi1700.org,Order Ref.: AN118214001,GBR,London / Great Britain,British Museum London,The Trustees of the British Museum,The Trustees of The British Museum,,imgs/1590_GBR__711.jpg,monika
712,unknown,James Hind / the Robber who died for Treason,1652-01-01,1652-12-31,5/15/2014,12,1,13,Great Britain and Ireland,www.bpi1700.org,Order Ref.: AN49532001,GBR,London / Great Britain,British Museum London,The Trustees of the British Museum,The Trustees of The British Museum,A further portrait is kept in the National Portrait Gallery London / England: cf. http://en.wikipedia.org/wiki/File:James_Hind.jpg,imgs/1652_GBR__712.jpg,monika
713,unknown,Ansicht der Hinrichtung von Johann Friedrich Struensee und Enevold Brandt,1772-01-01,1772-12-31,5/15/2014,12,1,2,Germany / Denmark,Ausstellungskatalog zu Ehren von Königin Mathilde / Bomann Museum Celle,,DEU,Celle or Hanover / Germany,Bomann-Museum Celle,Bomann-Museum Celle,Museumsverlag,,imgs/1772_DEU__713.jpg,monika
714,unknown,Bronze medal commemorating the Battle of Culloden,1746-01-01,1746-12-31,5/15/2014,9,4,1,Great Britain and Ireland,http://www.nam.ac.uk/online-collection/,UNITED KINGDOM,AFG,Great Britain,National Army Museum London,National Army Museum London,National Army Museum London,,imgs/1746_AFG__714.jpg,gleb
715,unknown,Bronze medal commemorating the Battle of Sheriffmuir,1715-01-01,1715-12-31,5/15/2014,9,4,1,Great Britain and Ireland,http://www.nam.ac.uk/online-collection/,UNITED KINGDOM,AFG,Great Britain,National Army Museum London,National Army Museum London,National Army Museum London,,imgs/1715_AFG__715.jpg,gleb
716,unknown,Bronze medal commemorating the Battle of Sheriffmuir,1715-01-01,1715-12-31,5/15/2014,9,4,1,Great Britain and Ireland,http://www.nam.ac.uk/online-collection/,UNITED KINGDOM,AFG,Great Britain,National Army Museum London,National Army Museum London,National Army Museum London,,imgs/1715_AFG__716.jpg,monika
717,unknown,Commission to Archibald Campbell of Glenlyon as Lieutenant in Fraser's Highlanders,1757-01-01,1757-12-31,5/15/2014,1,1,5,Great Britain and Ireland,http://www.nam.ac.uk/online-collection/detail.php?acc=1971-12-3-1,NAM. 1971-12-3-1,GBR,Great Britain,National Army Museum London,National Army Museum London,National Army Museum London,,imgs/1757_GBR__717.jpg,monika
718,unknown,Medal commemorating the Battle of Aughrim,1691-01-01,1691-12-31,5/15/2014,9,4,1,Great Britain and Ireland,http://www.nam.ac.uk/online-collection/detail.php?acc=1976-12-8-1,NAM. 1976-12-8-1,GBR,Great Britain,National Army Museum London,National Army Museum London,National Army Museum London,,imgs/1691_GBR__718.jpg,monika
719,unknown,Regimental medal Cork True Blues,1645-01-01,1645-12-31,5/15/2014,9,4,1,Great Britain and Ireland,http://www.nam.ac.uk/online-collection/,UNITED KINGDOM,AFG,Great Britain,National Army Museum London,National Army Museum London,National Army Museum London,,imgs/1645_AFG__719.jpg,monika
720,unknown,Regimental medal Cork True Blues,1745-01-01,1745-12-31,5/15/2014,9,4,1,Great Britain and Ireland,http://www.nam.ac.uk/online-collection/,UNITED KINGDOM,AFG,Great Britain,National Army Museum London,National Army Museum London,National Army Museum London,,imgs/1745_AFG__720.jpg,monika
721,unknown,Regimental Shooting,1798-01-01,1798-12-31,5/15/2014,9,4,1,Great Britain and Ireland,http://www.nam.ac.uk/online-collection/,UNITED KINGDOM,AFG,Great Britain,National Army Museum London,National Army Museum London,National Army Museum London,,imgs/1798_AFG__721.jpg,monika
722,unknown,Silver gilt medal commemorating James II 1685_Military and Naval Reward_back side_made by John Roett,1685-01-01,1685-12-31,5/15/2014,9,4,1,Great Britain and Ireland,http://www.nam.ac.uk/online-collection/,UNITED KINGDOM,AFG,Great Britain,National Army Museum London,National Army Museum London,National Army Museum London,,imgs/1685_AFG__722.jpg,monika
723,unknown,Silver gilt medal commemorating James II 1685_Military and Naval Reward_front side_made by John Roet,1685-01-01,1685-12-31,5/15/2014,9,4,1,Great Britain and Ireland,http://www.nam.ac.uk/online-collection/,UNITED KINGDOM,AFG,Great Britain,National Army Museum London,National Army Museum London,National Army Museum London,,imgs/1685_AFG__723.jpg,monika
724,unknown,Silver medal commemorating the capture of Preston,1715-01-01,1715-12-31,5/15/2014,9,4,1,Great Britain and Ireland,http://www.nam.ac.uk/online-collection/,NAM Image Number 83547,GBR,Great Britain,National Army Museum London,National Army Museum London,National Army Museum London,,imgs/1715_GBR__724.jpg,monika
725,unknown,Silver medal commemorating the defeat of the Duke of Monmouth and Battle of Sedgemoor,1685-01-01,1685-12-31,5/15/2014,9,4,1,Great Britain and Ireland,http://www.nam.ac.uk/online-collection/,UNITED KINGDOM,AFG,Great Britain,National Army Museum London,National Army Museum London,National Army Museum London,,imgs/1685_AFG__725.jpg,monika
726,unknown,Silver medal commemorating the defeat of the Duke of Monmouth and Battle of Sedgemoor,1685-01-01,1685-12-31,5/15/2014,9,4,1,Great Britain and Ireland,http://www.nam.ac.uk/online-collection/,UNITED KINGDOM,AFG,Great Britain,National Army Museum London,National Army Museum London,National Army Museum London,,imgs/1685_AFG__726.jpg,monika
727,unknown,Silver medal commemorating the recapture of Carlisle,1745-01-01,1745-12-31,5/15/2014,9,4,1,Great Britain and Ireland,http://www.nam.ac.uk/online-collection/detail.php?acc=1980-12-54-1,NAM Image Number 83561,GBR,Great Britain,National Army Museum London,National Army Museum London,National Army Museum London,,imgs/1745_GBR__727.jpg,monika
728,unknown,Silver medal commemorating the recapture of Carlisle,1745-01-01,1745-12-31,5/15/2014,9,4,1,Great Britain and Ireland,http://www.nam.ac.uk/online-collection/,UNITED KINGDOM,AFG,Great Britain,National Army Museum London,National Army Museum London,National Army Museum London,,imgs/1745_AFG__728.jpg,monika
729,unknown,Silvered electrotype copy of a medal commemorating King William III at the Battle of the Boyne,1690-01-01,1690-12-31,5/15/2014,9,4,1,Great Britain and Ireland,http://www.nam.ac.uk/online-collection/,UNITED KINGDOM,AFG,Great Britain,National Army Museum London,National Army Museum London,National Army Museum London,,imgs/1690_AFG__729.jpg,monika
730,Gabriel Sleath,The Cumberland Tankard,1746-01-01,1747-12-31,5/15/2014,9,4,5,Great Britain and Ireland,http://www.nam.ac.uk/online-collection/detail.php?acc=1970-11-12-1,NAM. 1970-11-12-1,GBR,Great Britain,National Army Museum London,National Army Museum London,National Army Museum London,,imgs/1746_GBR__730.jpg,monika
732,unknown,George Gordon and Protestant citizens of London hand over a petition to the Parliament,1781-01-01,1781-12-31,5/15/2014,12,1,5,,http://www.britishmuseum.org/research/collection_online/,,GBR,London / Great Britain,British Museum London,The Trustees of the British Museum,The Trustees of The British Museum,,imgs/1781_GBR__732.jpg,monika
733,unknown,Portrait of Lord George Gordon (with long beard),1781-01-01,1781-12-31,5/15/2014,12,1,5,,http://www.britishmuseum.org/research/collection_online/,,GBR,London / Great Britain,British Museum London,The Trustees of the British Museum,The Trustees of The British Museum,,imgs/1781_GBR__733.jpg,monika
734,unknown,Lord George Riot made a Jew,1781-01-01,1781-12-31,5/15/2014,7,4,5,,http://www.britishmuseum.org/research/collection_online/,,GBR,London / Great Britain,British Museum London,The Trustees of the British Museum,The Trustees of The British Museum,,imgs/1781_GBR__734.jpg,monika
735,unknown,Portrait of Lord George Gordon (with Protestant petition),1780-01-01,1780-12-31,5/16/2014,12,1,5,,http://www.britishmuseum.org/research/collection_online/,,GBR,London / Great Britain,British Museum London,The Trustees of the British Museum,The Trustees of The British Museum,,imgs/1780_GBR__735.jpg,monika
736,unknown,Portrait of Lord George Gordon (printed for the Universal Magazine),1780-01-01,1780-12-31,5/16/2014,12,5,5,,http://www.britishmuseum.org/research/collection_online/,,GBR,London / Great Britain,British Museum London,The Trustees of the British Museum,The Trustees of The British Museum,,imgs/1780_GBR__736.jpg,monika
737,unknown,Copia d'vna lettera venvta di Londra dalla Corte della Regina d'Inghilterra,1554-01-01,1554-12-31,5/16/2014,12,5,7,Italy / Great Britain,http://www.bridgemanart.com/,Image number 406261,GBR,Italy,British Museum London,The Trustees of the British Museum,Bridgeman Art Library,,imgs/1554_GBR__737.jpg,monika
738,unknown,Pro Lege / Rege / et Grege. Cum priuilegio Regiae Maiestatis (Coat of Arms),1570-01-01,1570-12-31,5/16/2014,12,5,5,Great Britain and Ireland,,Anonymus: An homilieagaynst disobedience / 1570,GBR,Great Britain,British Library London,The Trustees of the British Museum,Eighteenth Century Collection Online / Cengage Learning,,imgs/1570_GBR__738.jpg,monika
739,unknown,Irish Cattle Raid on an English Plantation,1581-01-01,1581-12-31,5/16/2014,12,1,5,Great Britain and Ireland,http://www.bridgemanart.com/,XJF 206122,GBR,Great Britain,Private Collection,private,Bridgeman Art Library,,imgs/1581_GBR__739.png,monika
740,John Derricke,Sidney and the English army,1581-01-01,1581-12-31,5/16/2014,12,5,5,Great Britain and Ireland,http://www.bridgemanart.com/,XJF 105468,GBR,Great Britain,British Museum London,The Trustees of the British Museum,Bridgeman Art Library,,imgs/1581_GBR__740.png,monika
741,Friedrich van Hulsen,The Irish chieftain receives the priest's blessing,1580-01-01,1660-12-31,5/16/2014,12,5,5,Great Britain and Ireland,http://www.bridgemanart.com/,XJF 120799,GBR,Great Britain,British Museum London,The Trustees of the British Museum,Bridgeman Art Library,,imgs/1580_GBR__741.png,monika
742,unknown,Rebellion / the effect of monasteries,Rebellion / the effect of monasteries, Somerville's haste to kill the Queen,1656-12-31,5/16/2014 20:05,5/16/2014,12,1,5,Great Britain and Ireland,http://www.bridgemanart.com/,406261,GBR,Great Britain,British Museum London,The Trustees of the British Museum,,monika
743,unknown,The Rebellion of Northumberland and Westmoreland,1500-01-01,1699-12-31,5/16/2014,12,1,5,Great Britain and Ireland,http://www.bridgemanart.com/,406261,GBR,Great Britain,British Museum London,The Trustees of the British Museum,Bridgeman Art Library,,imgs/1500_GBR__743.png,monika
744,anonymus,Repulsion of peasant troops trying to storm Linz / 21 July 1626,1626-01-01,1626-12-31,5/18/2014,12,1,2,,Paas / John Roger: The German political broadsheet / 1600-1700 / v.4 / p.237 (P-1104),,DEU,Augsburg / Wilhelm Peter Zimmermann (Printer),Stadtarchiv Ulm / Orte im Ausland Nr.85 (?? nach Paas),,,,imgs/1626_DEU__744.jpg,m.griesse
745,anonymous,Peasant siege of Enns thwarted by Colonel Hans Christoph von Löbl / end of July 1626,1626-01-01,1626-12-31,5/22/2014,12,1,2,,Paas / John Roger: The German political broadsheet / 1600-1700 / v.4 / p.239 (P-1106),,DEU,? printing place not visible,,,,Text below picture is reproduced in Hartmann / Historische Volkslieder und Zeitgedichte... / vol 1 / no.47.,imgs/1626_DEU__745.jpg,m.griesse
747,unknown,A Jesuit Displayed,1682-01-01,1682-12-31,5/26/2014,12,1,5,Great Britain,,,GBR,Great Britain,,,Bridgeman Art Library,,imgs/1682_GBR__747.jpg,monika
748,unknown,The Papist Powder Treason,1605-01-01,1660-12-31,5/26/2014,12,1,5,Great Britain,,,GBR,Great Britain,,,Bridgeman Art Library,,imgs/1605_GBR__748.gif,monika
749,unknown,Female figure personifying Portugal,1645-01-01,1645-12-31,5/27/2014,12,5,5,Great Britain and Ireland,http://www.bpi1700.org.uk OR http://www.britishmuseum.org,Order Ref.: AN121059001,GBR,Great Britain,British Museum London,,Copyright The Trustees of The British Museum,,imgs/1645_GBR__749.jpg,monika
750,Payne,Title-page to Wither: Britain's Remembrancer,1628-01-01,1628-12-31,5/27/2014,12,5,5,Great Britain and Ireland,http://www.bpi1700.org.uk,bpi7241,GBR,Great Britain,Victoria and Albert Museum,Victoria and Albert Museum,Victoria and Albert Museum,,imgs/1628_GBR__750.jpg,monika
751,Elstrack,Title-page to Marc Antonio de Dominis / De Republica Ecclesiastica,1617-01-01,1617-12-31,5/27/2014,12,5,5,Great Britain and Ireland,http://www.bpi1700.org.uk OR http://www.britishmuseum.org,Order Ref.: AN118361001,GBR,Great Britain,British Museum London,The Trustees of The British Museum,The Trustees of The British Museum,,imgs/1617_GBR__751.jpg,monika
752,Elstrack,Title-page to d'Avity: The Estates / Empires and Principallities of the World,1615-01-01,1615-12-31,5/27/2014,12,5,5,Great Britain and Ireland,http://www.bpi1700.org.uk,bpi302,GBR,London / Great Britain,British Museum London,The Trustees of The British Museum,The Trustees of The British Museum,,imgs/1615_GBR__752.jpg,monika
753,Sturt,Title-page to Bohun: Geographical dictionary,1688-01-01,1688-12-31,5/27/2014,12,5,5,Great Britain and Ireland,http://www.bpi1700.org.uk OR http://www.britishmuseum.org,bpi3887,GBR,London / Great Britain,British Museum London,The Trustees of the British Museum,The Trustees of The British Museum,,imgs/1688_GBR__753.jpg,monika
754,Somer,Massacre of the Innocents,1674-01-01,1694-12-31,5/27/2014,12,5,5,Great Britain and Ireland,http://www.bpi1700.org.uk OR http://www.britishmuseum.org,bpi2037,GBR,Great Britain,British Museum London,The Trustees of the British Museum,The Trustees of The British Museum,,imgs/1674_GBR__754.jpg,monika
755,Sturt,Title-page to Miege: The new state of England,1691-01-01,1691-12-31,5/27/2014,12,5,5,Great Britain and Ireland,http://www.bpi1700.org.uk OR http://www.britishmuseum.org,bpi1865,GBR,Great Britain,British Museum London,The Trustees of the British Museum,The Trustees of The British Museum,,imgs/1691_GBR__755.jpg,monika
756,White,The Royal Gift of Healing,1684-01-01,1684-12-31,5/27/2014,12,5,5,Great Britain and Ireland,http://www.bpi1700.org.uk OR http://www.britishmuseum.org,bpi1949,GBR,Great Britain,British Museum London,The Trustees of the British Museum,The Trustees of The British Museum,,imgs/1684_GBR__756.jpg,monika
757,William Hogarth,Sarah Malcolm Executed in Fleet street / March ye 7th 1732,1733-01-01,1733-12-31,5/27/2014,12,1,5,,Museum catalogue on William Hogarth / p. 183,Museum catalogue on William Hogarth / p. 183,GBR,London / Great Britain,London,,,,imgs/1733_GBR__757.jpg,monika
758,James Thornhill,A murderer,1724-01-01,1724-12-31,5/27/2014,1,1,5,,Museum catalogue on William Hogarth / p. 183,Museum catalogue on William Hogarth / p. 183,GBR,London / Great Britain,,,,,imgs/1724_GBR__758.jpg,monika
759,William Ward,The age of sensitibility,1766-01-01,1826-12-31,5/27/2014,12,1,13,,,,GBR,Great Britain,,,,,imgs/1766_GBR__759.jpg,monika
760,anonymus,Bellum Austriacorum Rusticorum supra Anasum Anno 1626,1626-01-01,1626-12-31,5/29/2014,12,1,2,Bibliothèque Mazarine,Paas / John Roger: The German political broadsheet / 1600-1700 / v.4 / p.249 (P-1116).,,AUT,,,,,,imgs/1626_AUT__760.jpg,m.griesse
761,Unknown,Stepan Razin,1671-01-01,1671-12-31,5/29/2014,12,1,1,,http://historydoc.edu.ru/catalog.asp?cat_ob_no=12193&ob_no=14101,,RUS,,A. Pushkin Memorial Museum / St. Petersburg,,,,imgs/1671_RUS__761.jpg,gleb
762,Lucas Kilian,False Dmitriy,1606-01-01,1607-12-31,5/29/2014,12,1,1,,,,RUS,Augsburg,,,,,imgs/1606_RUS__762.jpg,gleb
763,unknown,Razin's execution,1671-01-01,1673-12-31,6/13/2014,1,1,9,,RA / Livonica II / Band 180 (Briefe von Simon Grundel Helmfelt an Königl. Maj. / 1671-73),,RUS,,,,,,imgs/1671_RUS__763.jpg,m.griesse
764,Olearius / Adam,Das Moscovitische Schloß von hinten,1663-01-01,1663-12-31,07.05.2014,12,1,2,,http://ids.lib.harvard.edu/ids/view/44067992?buttons=y,Adam Olearii Auszführliche Beschreibung der kundbaren Reyse nach Muscow und Persien: so durch Gelegenheit einer Holsteinischen Gesandschafft von Gottorff ausz an Michael Fedorowitz den grossen Zaar,DEU,,,,,,imgs/1663_DEU__764.jpg,m.griesse
765,Weissenbruch / Johann Benjamin / Dr. jur.,Ausführliche Relation von der famosen Ziegeuner-Diebs- Mord- und Rauberbande,1727-01-01,1727-12-31,07.07.2014,12,1,2,,M.G. Schmitz: Der Justiz-Skandal am Peinlichen Gericht zu Giessen: „Ausführliche Relation von der famosen Ziegeuner-Diebs- Mord- und Rauber-Bande“ (1727) von Dr. jur. Johann Benjamin Weissenbruch.,,DEU,,,,,,imgs/1727_DEU__765.jpg,m.griesse
766,Gaspar Bouttats,Assassination of Henry IV,1660-01-01,1696-12-31,07.09.2014,12,1,3,,http://www.npg.org.uk/collections/search/portrait.php?search=ap&npgno=D16394&eDate=&lDate=,,NLD,,National Portrait Gallery / London: NPG D16394,,,,imgs/1660_NLD__766.jpg,m.griesse
767,Gaspar Bouttats,Maria Stuart Coningnine van Schotlandt wordt ... onthalst,1675-01-01,1685-12-31,07.09.2014,12,1,3,,http://www.britishmuseum.org/research/collection_online/collection_object_details.aspx?objectId=3098376&partId=1,,AFG,published in London,British Museum  (Museum Number 1889 /0517.16),,,,imgs/1675_AFG__767.jpg,m.griesse
768,William Hogarth,The execution of the idle apprentice at Tyburn,1795-01-01,1795-12-31,07.09.2014,12,2,5,Great Britain,Museum catalogue on William Hogarth / p. 188,Museum catalogue on William Hogarth / p. 188,GBR,Great Britain,London,,,,imgs/1795_GBR__768.jpeg,monika
769,W. Wilde (printer),Title-page to 'Defenders of the Protestant Faith',1689-01-01,1689-12-31,07.09.2014,12,5,5,Great Britain,Eighteenth Century Books Online,,GBR,London / Great Britain,,,Eighteenth Century Books Online,,imgs/1689_GBR__769.gif,monika
770,Sir Robert Strange,Currency notes for Charles Edward Stuart,1746-01-01,1746-12-31,07.09.2014,12,1,13,,,,GBR,Scotland,National Library of Scotland,National Library of Scotland,National Library of Scotland,,imgs/1746_GBR__770.jpg,monika
771,unknown,Monument for James II errected at Scotch College in Paris,1703-01-01,1703-12-31,07.09.2014,12,1,13,,,,GBR,Scotland,National Library of Scotland,National Library of Scotland,National Library of Scotland,,imgs/1703_GBR__771.jpg,monika
772,unknown,Royal Arms of Scotland (Jacobite or anti-unionist),1700-01-01,1750-12-31,07.09.2014,12,1,1,,,,GBR,Scotland,National Library of Scotland,National Library of Scotland,National Library of Scotland,,imgs/1700_GBR__772.jpg,monika
773,unknown,Arms of James / Duke of Monmouth and Buccleuch / as designed in 1663,1685-01-01,1700-12-31,07.09.2014,1,1,6,,,,GBR,Scotland,National Library of Scotland,National Library of Scotland,National Library of Scotland,,imgs/1685_GBR__773.jpg,monika
774,Luke Sullivan after Augustin Heckel,Battle of Culloden,1746-01-01,1746-12-31,07.09.2014,12,1,5,Great Britain,,,GBR,Great Britain,National Library of Scotland,National Library of Scotland,National Library of Scotland,,imgs/1746_GBR__774.jpg,monika
775,unknown,An Exact View of the Battle of Culloden,1746-01-01,1746-12-31,07.09.2014,12,1,5,Great Britain,,,GBR,Great Britain,National Library of Scotland,National Library of Scotland,National Library of Scotland,,imgs/1746_GBR__775.jpg,monika
776,unknown,William Augustus / Duke of Cumberland / as victorious general,1747-01-01,1747-12-31,07.09.2014,12,1,6,Great Britain,,,GBR,Great Britain,National Library of Scotland,National Library of Scotland,National Library of Scotland,,imgs/1747_GBR__776.jpg,monika
777,unknown,An exact view of Glorious Victory obtained over the rebels,1746-01-01,1746-12-31,07.09.2014,12,1,5,Great Britain,,,GBR,Great Britain,National Library of Scotland,National Library of Scotland,National Library of Scotland,,imgs/1746_GBR__777.jpg,monika
778,unknown,Prince Charles Edward Stuart surrounded by figures depicting the hopelessness of his cause,1745-01-01,1750-12-31,07.09.2014,12,1,1,,,,GBR,Edinburgh,National Library of Scotland,Jacobite Prints and Broadsides Online (NLS),National Library of Scotland,,imgs/1745_GBR__778.jpg,monika
779,unknown,A Remonstrance concerning the Present Troubles,1640-01-01,1640-12-31,07.09.2014,12,6,5,Great Britain,www.bridgemanart.com,Image number 465186,GBR,Great Britain,British Library London,,Bridgeman Art Library,,imgs/1640_GBR__779.jpg,monika
780,unknown,Whereunto is added by his CHARACTER,1678-01-01,1678-12-31,07.09.2014,12,1,5,Great Britain,www.bridgemanart.com,Image number 380469,GBR,Great Britain,British Library London,,Bridgeman Art Library,,imgs/1678_GBR__780.jpg,monika
781,unknown,The Scots Act of Parliament / Settling the Succession on Her Majesty Queen Anne,1689-01-01,1689-12-31,07.09.2014,12,6,5,Great Britain,www.bridgemanart.com,Image number 354291,GBR,Great Britain,British Library London,,Bridgeman Art Library,,imgs/1689_GBR__781.jpg,monika
782,unknown,How the Calvinist spirit attacks the Holy Roman Empire and the Catholic Church,1550-01-01,1600-12-31,07.09.2014,12,1,2,,www.bridgemanart.com,Image number 330511,DEU,Germany,,,Bridgeman Art Library,,imgs/1550_DEU__782.jpg,monika
783,unknown,The Sucklington Faction: or (Sucklings) Roaring Boyes,1641-01-01,1641-12-31,07.09.2014,12,1,5,Great Britain,www.bridgemanart.com,Image number 752191,GBR,Great Britain,British Library London,,Bridgeman Art Library,,imgs/1641_GBR__783.jpg,monika
784,unknown,A Hymn to the Pillory (Daniel Defoe),1703-01-01,1703-12-31,07.09.2014,12,6,13,,www.bridgemanart.com,Image number 440665,GBR,Great Britain,,,Bridgeman Art Library,,imgs/1703_GBR__784.jpg,monika
785,unknown,Daniel Defoe in the pillory,01.01.1923,12/31/1923,07.09.2014,12,5,13,Great Britain,www.bridgemanart.com,Image number 373536,GBR,Great Britain,,,Bridgeman Art Library,,imgs/1923_GBR__785.jpg,monika
786,unknown,Stubbs has his hand cut off in 1521,01.01.1923,12/31/1923,07.09.2014,12,5,13,Great Britain,www.bridgemanart.com,Image number 373536,GBR,Great Britain,,,Bridgeman Art Library,,imgs/1923_GBR__786.jpg,monika
787,unknown,The burning of Blount's pamphlet by the hangman in 1693,01.01.1923,12/31/1923,07.09.2014,12,5,13,Great Britain,www.bridgemanart.com,Image number 373532,GBR,Great Britain,,,Bridgeman Art Library,,imgs/1923_GBR__787.jpg,monika
788,unknown,Pillory at Charlestown,1767-01-01,1767-12-31,07.09.2014,12,1,5,New England,www.bridgemanart.com,Image number 367752,GBR,Boston / United States,,,Bridgeman Art Library,,imgs/1767_GBR__788.jpg,monika
789,unknown,The Divine and Infernal Carriage of Andreas Karlstadt,1519-01-01,1600-12-31,07.09.2014,12,1,2,Germany,www.bridgemanart.com,Image number 330541,GBR,Germany,,,Bridgeman Art Library,,imgs/1519_GBR__789.jpg,monika
790,unknown,Handbill on the occasion of the release of Munich's hostages from the Swedish,1635-01-01,1637-12-31,07.09.2014,12,1,2,Germany,www.bridgemanart.com,Image number 294387,DEU,Germany,,,Bridgeman Art Library,,imgs/1635_DEU__790.jpg,monika
791,unknown,Battle of Dessau Bridge on 25th April / 1626,1627-01-01,1627-12-31,07.09.2014,12,1,2,Germany,www.bridgemanart.com,Image number 294376,DEU,Germany,Deutsches Historisches Museum / Berlin / Germany,Deutsches Historisches Museum / Berlin / Germany,Bridgeman Art Library,,imgs/1627_DEU__791.jpg,monika
792,unknown,The Prague Execution,1621-01-01,1621-12-31,07.09.2014,12,1,2,Germany,www.bridgemanart.com,Image number 294375,GBR,Germany,Deutsches Historisches Museum / Berlin / Germany,Deutsches Historisches Museum / Berlin / Germany,Bridgeman Art Library,,imgs/1621_GBR__792.jpg,monika
793,unknown,The Prague Execution,1621-01-01,1621-12-31,07.09.2014,12,1,2,Germany,www.bridgemanart.com,Image number 294347,DEU,Germany,Deutsches Historisches Museum / Berlin / Germany,Deutsches Historisches Museum / Berlin / Germany,Bridgeman Art Library,,imgs/1621_DEU__793.jpg,monika
794,unknown,Title page of a pamphlet calling for the emancipation of African slaves,1776-01-01,1776-12-31,07.09.2014,12,6,5,New England,www.bridgemanart.com,Image number 248864,GBR,United States,Private Collection,private,Bridgeman Art Library,,imgs/1776_GBR__794.jpg,monika
795,unknown,Notices for Chartist Meetings in the 'Midland Counties Illuminator' / 15 May 1841,1841-01-01,1841-12-31,07.09.2014,12,6,5,,www.bridgemanart.com,Image number 105420,GBR,Great Britain,Private Collection,private,Bridgeman Art Library,,imgs/1841_GBR__795.jpg,monika
796,unknown,a mock procession through London of the Pope / the Devil / the Old Pretender,1717-01-01,1717-12-31,07.09.2014,12,5,5,,www.bridgemanart.com,Image Number 465183,GBR,Great Britain,Private Collection,private,Bridgeman Art Library,,imgs/1717_GBR__796.jpg,monika
797,William Hogarth,The Battle of the Pictures,1745-01-01,1745-12-31,07.09.2014,12,1,13,,www.bridgemanart.com,Image Number 451208,GBR,London / Great Britain,The Stapleton Collection,The Stapleton Collection,,,imgs/1745_GBR__797.jpg,monika
798,unknown,Marie Stuard French,1625-01-01,1695-12-31,07.10.2014,1,1,13,,,,DEU,,,,,,imgs/1625_DEU__798.jpg,monika
799,unknown,Marie Stuard French,1525-01-01,1525-12-31,07.10.2014,1,1,13,,,,DEU,,,,,,imgs/1525_DEU__799.jpg,monika
800,unknown,An allegory of the events surrounding King Charles I,1625-01-01,1692-12-31,07.10.2014,12,1,5,,,,GBR,,,,,,imgs/1625_GBR__800.png,monika
801,unknown,Arrest of Guy Fawkes,1500-01-01,1699-12-31,07.10.2014,12,1,5,,,,GBR,,,,,,imgs/1500_GBR__801.png,monika
802,Gaspar Boutatts,Execution of the Jacobite Lords,1746-01-01,1746-12-31,07.10.2014,12,1,5,,,,GBR,,,,,,imgs/1746_GBR__802.png,monika
803,Gaspar Boutatts,EnglIsh Protestants being drowned by Irish Catholics during the Irish Rebellion,1865-01-01,1865-12-31,07.10.2014,12,1,5,,,,GBR,,,,,,imgs/1865_GBR__803.png,monika
804,unknown,Illustrations on the English Civil War,1641-01-01,1642-12-31,07.10.2014,12,1,5,,,,GBR,,,,,,imgs/1641_GBR__804.png,monika
805,unknown,Elizabethan Revolts,1500-01-01,1699-12-31,07.10.2014,12,1,5,,,,GBR,,,,,,imgs/1500_GBR__805.png,monika
806,unknown,Tomb of Maria Clementina Sobieska,01.01.1978,12/31/1978,07.10.2014,12,1,5,,,,GBR,,,,,,imgs/1978_GBR__806.jpg,monika
807,unknown,The last stand of the Gunpowder Conpirators,1606-01-01,1606-12-31,07.10.2014,12,1,5,,,,GBR,,,,,,imgs/1606_GBR__807.png,monika
808,unknown,The Rebellion of Northumberland and Westmoreland,1500-01-01,1699-12-31,07.10.2014,12,1,3,,,,NLD,,,,,,imgs/1500_NLD__808.png,monika
809,unknown,The History of the Mongols,1501-01-01,1501-12-31,07.11.2014,1,5,13,,www.bridgemanart.com,,MNG,,,,Bridgeman Art Library,,imgs/1501_MNG__809.jpg,monika
810,unknown,Brunhild Enters Worms,1401-12-31,07.11.2014 23:11,07.11.2014,1,5,13,,www.bridgemanart.com,,DEU,,,,Bridgeman Art Library,,imgs/1401_DEU__810.jpg,monika
811,Heinrich Steiner,Page of Martin Luther's translation of the Bible,1535-01-01,1535-12-31,07.11.2014,1,5,13,,www.bridgemanart.com,,DEU,,,,Bridgeman Art Library,,imgs/1535_DEU__811.jpg,monika
812,unknown,Decrees of Kings of Anglo-Saxon and Norman England,1301-01-01,1301-12-31,07.11.2014,1,5,13,,www.bridgemanart.com,,GBR,,,,Bridgeman Art Library,,imgs/1301_GBR__812.jpg,monika
813,Golden Fleece,Duke Charles le Temeraire in the midst of his court with the Knights,1473-01-01,1473-12-31,07.11.2014,1,5,13,,www.bridgemanart.com,,GBR,,,,Bridgeman Art Library,,imgs/1473_GBR__813.jpg,monika
814,Breviarium Grimani,Month of October Sowing,1515-01-01,1515-12-31,07.11.2014,1,5,13,,www.bridgemanart.com,,GBR,,,,Bridgeman Art Library,,imgs/1515_GBR__814.jpg,monika
815,Graefin Dorothea,The Feeding of the Five Thousand_Prayerbook,1551-01-01,1551-12-31,07.11.2014,1,5,13,,www.bridgemanart.com,,DEU,,,,Bridgeman Art Library,,imgs/1551_DEU__815.jpg,monika
816,unknown,Folios from the Rothschild Book of Hours,1505-01-01,1505-12-31,07.11.2014,1,5,13,,www.bridgemanart.com,,GBR,,,,Bridgeman Art Library,,imgs/1505_GBR__816.jpg,monika
817,unknown,Emperor of the West in combat with his brothers Louis,1301-01-01,1301-12-31,07.11.2014,1,5,13,,www.bridgemanart.com,,DEU,,,,Bridgeman Art Library,,imgs/1301_DEU__817.jpg,monika
818,unknown,Persian History of Genghis Khan,1596-01-01,1596-12-31,07.11.2014,1,5,13,,www.bridgemanart.com,,DEU,,,,Bridgeman Art Library,,imgs/1596_DEU__818.jpg,monika
820,unknown,Manuscript illumination of the Hanse Port of Hamburg,1570-01-01,1570-12-31,07.11.2014,1,5,13,,www.bridgemanart.com,,DEU,,,,Bridgeman Art Library,,imgs/1570_DEU__820.jpg,monika
821,unknown,The Death of Charlemagne,1401-01-01,1401-12-31,07.11.2014,1,5,13,,www.bridgemanart.com,,FRA,,,,Bridgeman Art Library,,imgs/1401_FRA__821.jpg,monika
822,Peter Lombard,The Coronation of Frederick I,1155-01-01,1155-12-31,07.11.2014,1,5,13,,www.bridgemanart.com,,DEU,,,,Bridgeman Art Library,,imgs/1155_DEU__822.jpg,monika
823,Renaud de Montauban,Renaud de Montauban and Charlemagne,1401-01-01,1401-12-31,07.11.2014,1,5,13,,www.bridgemanart.com,,FRA,,,,Bridgeman Art Library,,imgs/1401_FRA__823.jpg,monika
824,Elias Nezami,Khosro before Shirin's Palace,1176-01-01,1176-12-31,07.11.2014,1,5,13,,www.bridgemanart.com,,FRA,,,,Bridgeman Art Library,,imgs/1176_FRA__824.jpg,monika
825,Salomon Trismosin,Alchemists searching for gold / the First Parable,1582-01-01,1582-12-31,07.11.2014,1,5,13,,www.bridgemanart.com,,DEU,,,,Bridgeman Art Library,,imgs/1582_DEU__825.jpg,monika
826,Salomon Trismosin,Young king in a flask / the Fourth Treatise,1582-01-01,1582-12-31,07.11.2014,1,5,13,,www.bridgemanart.com,,DEU,,,,Bridgeman Art Library,,imgs/1582_DEU__826.jpg,monika
827,Salomon Trismosin,Women engaged in laundry / the Fifth Treatise,1582-01-01,1582-12-31,07.11.2014,1,5,13,,www.bridgemanart.com,,DEU,,,,Bridgeman Art Library,,imgs/1582_DEU__827.jpg,monika
828,unknown,Crusaders Besieging Damascus,1490-01-01,1490-12-31,07.11.2014,1,5,13,,www.bridgemanart.com,,NLD,,,,Bridgeman Art Library,,imgs/1490_NLD__828.jpg,monika
829,unknown,Notitia Utraque / Basle / Froben,1501-01-01,1501-12-31,07.11.2014,1,5,13,,www.bridgemanart.com,,DEU,,,,Bridgeman Art Library,,imgs/1501_DEU__829.jpg,monika
830,unknown,a breviary with an illumination of St. Andreas,1501-01-01,1525-12-31,07.11.2014,1,5,13,,www.bridgemanart.com,,DEU,,,,Bridgeman Art Library,,imgs/1501_DEU__830.jpg,monika
831,unknown,a breviary,1501-01-01,1525-12-31,07.11.2014,1,5,13,,www.bridgemanart.com,,DEU,,,,Bridgeman Art Library,,imgs/1501_DEU__831.jpg,monika
832,unknown,Plaque Aeneas and Sybil in the Underworld,1530-01-01,1530-12-31,07.11.2014,1,5,13,,www.bridgemanart.com,,FRA,,,,Bridgeman Art Library,,imgs/1530_FRA__832.jpg,monika
833,unknown,The Arrival of Vasco da Gama,1498-05-20,1498-05-20,07.11.2014,1,5,13,,www.bridgemanart.com,,IND,,,,Bridgeman Art Library,,imgs/1498_IND__833.jpg,monika
834,unknown,The Capture of Calais,1558-01-01,1558-12-31,07.11.2014,1,5,13,,www.bridgemanart.com,,FRA,,,,Bridgeman Art Library,,imgs/1558_FRA__834.jpg,monika
835,Elias Nezami,The Death of Shirin,1504-01-01,1504-12-31,07.11.2014,1,5,13,,www.bridgemanart.com,,FRA,,,,Bridgeman Art Library,,imgs/1504_FRA__835.jpg,monika
836,unknown,page of the second,1401-01-01,1401-12-31,07.11.2014,1,5,13,,www.bridgemanart.com,,DEU,,,,Bridgeman Art Library,,imgs/1401_DEU__836.jpg,monika
837,unknown,Johann Friedrich Struensee and Enevold Brandt are beheaded in Copenhagen on 4/28 1772,1772-01-01,1772-12-31,7/14/2014,12,1,12,,http://upload.wikimedia.org/wikipedia/commons/9/90/Henrettelsen_af_de_tvende_Grever_Struensee_og_Brandt_object189.jpg,,DNK,,,,,,imgs/1772_DNK__837.jpg,m.griesse
838,unknown,The Beheading of Queen Anne Bullen [Boleyn],1536-01-01,1600-12-31,7/14/2014,1,1,5,,http://www.luminarium.org/encyclopedia/anne-boleyn-execution.jpg,,GBR,,,,,,imgs/1536_GBR__838.jpg,m.griesse
839,Joen Petri Klint.,Nils Dacke's severed head (1543),1543-01-01,1560-12-31,08.05.2014,12,1,4,,http://en.wikipedia.org/wiki/Nils_Dacke#mediaviewer/File:NilsDackeshuvud.JPG,,SWE,In 16th century chronicle by Joen Petri Klint,,,,,imgs/1543_SWE__839.jpg,m.griesse
840,unknown,Pettycoat Influence,1760-01-01,1763-12-31,10.09.2014,12,4,5,,,,GBR,from: The British Antidote,,,,,imgs/1760_GBR__840.jpg,monika
841,unknown,[Scot burnt at the stake],1760-01-01,1763-12-31,10.09.2014,12,4,5,,,,GBR,from: The British Antidote,,,,,imgs/1760_GBR__841.jpg,monika
842,unknown,untitled (Tyburn Interview),1760-01-01,1763-12-31,10.09.2014,12,4,5,,,,GBR,from: The British Antidote,,,,,imgs/1760_GBR__842.jpg,monika
843,unknown,We are all come (Scotch Coal),1760-01-01,1763-12-31,10.09.2014,12,4,5,,,,GBR,from: The British Antidote,,,,,imgs/1760_GBR__843.jpg,monika
844,unknown,The Scotch Hurdy Gurdy,1760-01-01,1763-12-31,10.09.2014,12,4,5,,,,GBR,from: The British Antidote,,,,,imgs/1760_GBR__844.jpg,monika
845,unknown,Within,1760-01-01,1763-12-31,10.09.2014,12,4,5,,,,GBR,from: The British Antidote,,,,,imgs/1760_GBR__845.jpg,monika
846,unknown,The Highland Seer / or Political Vision,1760-01-01,1763-12-31,10.09.2014,12,4,5,,,,GBR,from: The British Antidote,,,,,imgs/1760_GBR__846.jpg,monika
847,unknown,The Scotch Idol,1760-01-01,1763-12-31,10.09.2014,12,4,5,,,,GBR,from: The British Antidote,,,,,imgs/1760_GBR__847.jpg,monika
848,unknown,Patriotism Triumphant,1760-01-01,1763-12-31,10.09.2014,12,4,5,,,,GBR,from: The British Antidote,,,,,imgs/1760_GBR__848.jpg,monika
849,unknown,The Congress,1760-01-01,1763-12-31,10.09.2014,12,4,5,,,,GBR,from: The British Antidote,,,,,imgs/1760_GBR__849.jpg,monika
850,unknown,Abbildung was die Quacker Wiedertauffer / Schwärmer / Freygeister und Rebellen / den 6. Januar Anno 166,1660-01-01,1660-12-31,11.08.2014,1,1,2,,Johann Friedrich Corvinus: Anabaptisticum Et Enthusiasticum Pantheon / Und Geistliches Rüst-Hauß Wider die Alten Quacker / Und Neuen Frey-Geister / Welche die Kirche Gottes zeithero verunruhiget / und bes,,AFG,,,,,Johann Friedrich Corvinus: Anabaptisticum Et Enthusiasticum,,
851,unknown,Abbildung was die Quacker Wiedertauffer / Schwärmer / Freygeister und Rebellen / den 6. Januar Anno 166,1660-01-01,1702-12-31,11.08.2014,12,1,2,,,,AFG,,,,,,imgs/1660_AFG__851.jpg,m.griesse
852,unknown,Abbildung was die Quacker Wiedertauffer / Schwärmer / Freygeister und Rebellen / den 6. Januar Anno 166,1660-01-01,1660-12-31,11.08.2014,1,1,2,,Johann Friedrich Corvinus: Anabaptisticum Et Enthusiasticum Pantheon / Und Geistliches Rüst-Hauß Wider die Alten Quacker / Und Neuen Frey-Geister / Welche die Kirche Gottes zeithero verunruhiget / und bes,,AFG,,,,,Johann Friedrich Corvinus: Anabaptisticum Et Enthusiasticum,,
852,?,    Pantheon / Und Geistliches Rüst-Hauß Wider die Alten Quacker /,,,,,,,,"  Pantheon / Und Geistliches Rüst-Hauß Wider die Alten Quacker / Und
    Neuen Frey-Geister / Welche die Kirche Gottes zeithero verunruhiget /
    und bestürmet / auch treue Lehrer und Prediger Göttlichen Worts /
    verachtet / verleumdet / gelästert und verfolget haben / mit vielen zur
    Sache dienlichen und nützlichen Kupffern / bloß zu Gottes Ehre.
    [Cöthen] 1701-1702.",,,,,,,,imgs/1660_AFG__852.jpg,m.griesse
853,unknown,Abbildung was die Quacker Wiedertauffer / Schwärmer / Freygeister und Rebellen / den 6. Januar Anno 166,1660-01-01,1660-12-31,11.08.2014,1,1,2,,Johann Friedrich Corvinus: Anabaptisticum Et Enthusiasticum Pantheon / Und Geistliches Rüst-Hauß Wider die Alten Quacker / Und Neuen Frey-Geister / Welche die Kirche Gottes zeithero verunruhiget / und bes,,AFG,,,,,Johann Friedrich Corvinus: Anabaptisticum Et Enthusiasticum,imgs/1660_AFG__853.jpg,m.griesse
854,unknown,Abbildung was die Quacker Wiedertauffer / Schwärmer / Freygeister und Rebellen / den 6. Januar Anno 166,1660-01-01,1660-12-31,11.08.2014,1,1,2,,Johann Friedrich Corvinus: Anabaptisticum Et Enthusiasticum Pantheon / Und Geistliches Rüst-Hauß Wider die Alten Quacker / Und Neuen Frey-Geister / Welche die Kirche Gottes zeithero verunruhiget / und bes,,AFG,,,,,Johann Friedrich Corvinus: Anabaptisticum Et Enthusiasticum,imgs/1660_AFG__854.jpg,m.griesse
855,unknown,Abbildung was die Quacker Wiedertauffer / Schwärmer / Freygeister und Rebellen / den 6. Januar Anno 166,1660-01-01,1660-12-31,11.08.2014,1,1,2,,Johann Friedrich Corvinus: Anabaptisticum Et Enthusiasticum Pantheon / Und Geistliches Rüst-Hauß Wider die Alten Quacker / Und Neuen Frey-Geister / Welche die Kirche Gottes zeithero verunruhiget / und bes,,AFG,,,,,Johann Friedrich Corvinus: Anabaptisticum Et Enthusiasticum,imgs/1660_AFG__855.jpg,m.griesse
856,unknown,Abbildung was die Quacker Wiedertauffer / Schwärmer / Freygeister und Rebellen / den 6. Januar Anno 166,1660-01-01,1660-12-31,11.08.2014,1,1,2,,Johann Friedrich Corvinus: Anabaptisticum Et Enthusiasticum Pantheon / Und Geistliches Rüst-Hauß Wider die Alten Quacker / Und Neuen Frey-Geister / Welche die Kirche Gottes zeithero verunruhiget / und bes,,AFG,,,,,Johann Friedrich Corvinus: Anabaptisticum Et Enthusiasticum,imgs/1660_AFG__856.jpg,m.griesse
857,unknown,Abbildung was die Quacker Wiedertauffer / Schwärmer / Freygeister und Rebellen / den 6. Januar Anno 166,1660-01-01,1660-12-31,11.08.2014,1,1,2,,Johann Friedrich Corvinus: Anabaptisticum Et Enthusiasticum Pantheon / Und Geistliches Rüst-Hauß Wider die Alten Quacker / Und Neuen Frey-Geister / Welche die Kirche Gottes zeithero verunruhiget / und bes,,AFG,,,,,Johann Friedrich Corvinus: Anabaptisticum Et Enthusiasticum,imgs/1660_AFG__857.jpg,m.griesse
858,unknown,Abbildung was die Quacker Wiedertauffer / Schwärmer / Freygeister und Rebellen / den 6. Januar Anno 166,1660-01-01,1660-12-31,11.08.2014,1,1,2,,Johann Friedrich Corvinus: Anabaptisticum Et Enthusiasticum Pantheon / Und Geistliches Rüst-Hauß Wider die Alten Quacker / Und Neuen Frey-Geister / Welche die Kirche Gottes zeithero verunruhiget / und bes,,DEU,Holy Roman Empire,,,,Johann Friedrich Corvinus: Anabaptisticum Et Enthusiasticum,imgs/1660_DEU__858.jpg,m.griesse
859,unknown,[no title: comic strip showing the misdeeds of the Quakers],1660-01-01,1660-12-31,11.08.2014,1,1,2,,Johann Friedrich Corvinus: Anabaptisticum Et Enthusiasticum Pantheon / Und Geistliches Rüst-Hauß Wider die Alten Quacker / Und Neuen Frey-Geister / Welche die Kirche Gottes zeithero verunruhiget / und bes,,AFG,,,,,Johann Friedrich Corvinus: Anabaptisticum Et Enthusiasticum,imgs/1660_AFG__859.jpg,m.griesse
860,unknown,Verderben die Kirche zu St. Moritz vor Münster,1660-01-01,1660-12-31,11.08.2014,1,1,2,,Johann Friedrich Corvinus: Anabaptisticum Et Enthusiasticum Pantheon / Und Geistliches Rüst-Hauß Wider die Alten Quacker / Und Neuen Frey-Geister / Welche die Kirche Gottes zeithero verunruhiget / und bes,,AFG,,,,,Johann Friedrich Corvinus: Anabaptisticum Et Enthusiasticum,imgs/1660_AFG__860.jpg,m.griesse
861,unknown,Laufen und Schreyen auf öffentlicher Strasen thut Buße und laßet euch widertauffen den der König von,1660-01-01,1660-12-31,11.08.2014,1,1,2,,Johann Friedrich Corvinus: Anabaptisticum Et Enthusiasticum Pantheon / Und Geistliches Rüst-Hauß Wider die Alten Quacker / Und Neuen Frey-Geister / Welche die Kirche Gottes zeithero verunruhiget / und bes,,AFG,,,,,Johann Friedrich Corvinus: Anabaptisticum Et Enthusiasticum,imgs/1660_AFG__861.jpg,m.griesse
862,unknown,Widertauffer ermorden fromme Christen und mitbürcher,1660-01-01,1660-12-31,11.08.2014,1,1,2,,Johann Friedrich Corvinus: Anabaptisticum Et Enthusiasticum Pantheon / Und Geistliches Rüst-Hauß Wider die Alten Quacker / Und Neuen Frey-Geister / Welche die Kirche Gottes zeithero verunruhiget / und bes,,AFG,,,,,Johann Friedrich Corvinus: Anabaptisticum Et Enthusiasticum,imgs/1660_AFG__862.jpg,m.griesse
863,unknown,Widertauffer toben und wüten ferner,1660-01-01,1660-12-31,11.08.2014,1,1,2,,Johann Friedrich Corvinus: Anabaptisticum Et Enthusiasticum Pantheon / Und Geistliches Rüst-Hauß Wider die Alten Quacker / Und Neuen Frey-Geister / Welche die Kirche Gottes zeithero verunruhiget / und bes,,AFG,,,,,Johann Friedrich Corvinus: Anabaptisticum Et Enthusiasticum,imgs/1660_AFG__863.jpg,m.griesse
864,unknown,Quaker zwingen frommen Christen ihr Silber und Geschmeide ab,1660-01-01,1660-12-31,11.08.2014,1,1,2,,Johann Friedrich Corvinus: Anabaptisticum Et Enthusiasticum Pantheon / Und Geistliches Rüst-Hauß Wider die Alten Quacker / Und Neuen Frey-Geister / Welche die Kirche Gottes zeithero verunruhiget / und bes,,AFG,,,,,Johann Friedrich Corvinus: Anabaptisticum Et Enthusiasticum,imgs/1660_AFG__864.jpg,m.griesse
865,unknown,Wiedertaufferische Grausame Hinrichtung,1660-01-01,1660-12-31,11.08.2014,1,1,2,,Johann Friedrich Corvinus: Anabaptisticum Et Enthusiasticum Pantheon / Und Geistliches Rüst-Hauß Wider die Alten Quacker / Und Neuen Frey-Geister / Welche die Kirche Gottes zeithero verunruhiget / und bes,,DEU,,,,,Johann Friedrich Corvinus: Anabaptisticum Et Enthusiasticum,imgs/1660_DEU__865.jpg,m.griesse
866,unknown,Bloody Butchery of the British Troops,1765-01-01,1783-12-31,11.10.2014,12,1,5,,www.bridgemanart.com,,AFG,,,,Bridgeman Art Library,,imgs/1765_AFG__866.jpg,monika
867,unknown,The Providential Detection,1765-01-01,1783-12-31,11.10.2014,12,1,5,,www.bridgemanart.com,,AFG,,,,Bridgeman Art Library,,imgs/1765_AFG__867.jpg,monika
869,unknown,An American reply to the British imposed Stamp Act / pub,1765-01-01,1783-12-31,11.10.2014,12,1,5,,www.bridgemanart.com,,GBR,,,,Bridgeman Art Library,,imgs/1765_GBR__869.jpg,monika
870,unknown,Benjamin Franklin Presenting his Opposition to the Taxes in 1766,1765-01-01,1783-12-31,11.10.2014,12,1,5,,www.bridgemanart.com,,FRA,,,,Bridgeman Art Library,,imgs/1765_FRA__870.jpg,monika
871,Benjamin Wilson,The Repeal / or the Funeral Procession of Miss Americ.Stamp,1765-01-01,1765-12-31,11.10.2014,12,1,5,North America,www.bridgemanart.com,,FRA,North America,,,Bridgeman Art Library,,imgs/1765_FRA__871.jpg,monika
872,unknown,Chastisement of John Malcom by the Boston populace on January 25th 1774,1765-01-01,1783-12-31,11.10.2014,12,1,5,,www.bridgemanart.com,,USA,,,,Bridgeman Art Library,,imgs/1765_USA__872.jpg,monika
874,unknown,Collection of engravings depicting the American War of Independence,1765-01-01,1783-12-31,11.10.2014,12,1,5,,www.bridgemanart.com,,USA,,,,Bridgeman Art Library,,imgs/1765_USA__874.jpg,monika
875,unknown,Death of Crispus Attucks at the Boston Massacre,1765-01-01,1783-12-31,11.10.2014,12,1,5,,www.bridgemanart.com,,USA,,,,Bridgeman Art Library,,imgs/1765_USA__875.jpg,monika
876,unknown,Franz Xavier Habermann_General Howe's Redcoats,1765-01-01,1783-12-31,11.10.2014,12,1,5,,www.bridgemanart.com,,DEU,,,,Bridgeman Art Library,,imgs/1765_DEU__876.jpg,monika
878,unknown,General Eliott and his officers observing the destruction of the Floating batteries,1765-01-01,1783-12-31,11.10.2014,12,1,5,,www.bridgemanart.com,,GBR,,,,Bridgeman Art Library,,imgs/1765_GBR__878.jpg,monika
879,unknown,Hessian soldiers on the march / during the American Revolutionary War,1765-01-01,1783-12-31,11.10.2014,12,1,5,,www.bridgemanart.com,,USA,,,,Bridgeman Art Library,,imgs/1765_USA__879.jpg,monika
880,unknown,Jean Jacques Francois Le Barbier_The Surrender of Yorktown,1765-01-01,1783-12-31,11.10.2014,12,1,5,,www.bridgemanart.com,,FRA,,,,Bridgeman Art Library,,imgs/1765_FRA__880.jpg,monika
881,unknown,Johannes Adam Simon Oertel_Pulling Down the Statue of King George III,1765-01-01,1783-12-31,11.10.2014,12,1,5,,www.bridgemanart.com,,FRA,,,,Bridgeman Art Library,,imgs/1765_FRA__881.jpg,monika
882,unknown,John Trumbell_Signing the Declaration of Independence,1765-01-01,1783-12-31,11.10.2014,12,1,5,,www.bridgemanart.com,,USA,,,,Bridgeman Art Library,,imgs/1765_USA__882.jpg,monika
883,unknown,Lord Howe organizes the British evacuation of Boston,1765-01-01,1783-12-31,11.10.2014,12,1,5,,www.bridgemanart.com,,USA,,,,Bridgeman Art Library,,imgs/1765_USA__883.jpg,monika
884,unknown,Loyalists cut the Liberty Tree down in 1775_Probably showing the events,1765-01-01,1783-12-31,11.10.2014,12,1,5,,www.bridgemanart.com,,USA,,,,Bridgeman Art Library,,imgs/1765_USA__884.jpg,monika
885,unknown,Major John Andre / the British officer hanged for spying,1765-01-01,1783-12-31,11.10.2014,12,1,5,,www.bridgemanart.com,,USA,,,,Bridgeman Art Library,,imgs/1765_USA__885.jpg,monika
886,Paul Revere,The Bloody Massacre,1765-01-01,1783-12-31,11.10.2014,12,1,5,,www.bridgemanart.com,,USA,Boston,Commonwealth Museum of Massachusetts / Boston,Commonwealth Museum of Massachusetts / Boston,Bridgeman Art Library,,imgs/1765_USA__886.jpg,monika
887,unknown,Generall Historie of Virginia / New England & the Summer Isles,1765-01-01,1783-12-31,11.10.2014,12,1,5,,www.bridgemanart.com,,USA,,,,Bridgeman Art Library,,imgs/1765_USA__887.jpg,monika
888,unknown,Public execution of murderers Joseph Hetherington and Philander Brace,1850-01-01,12/31/1900,11.10.2014,1,1,5,,www.bridgemanart.com,,USA,,,,Bridgeman Art Library,,imgs/1850_USA__888.jpg,monika
889,unknown,Richard Simkin_Bunker Hill,1765-01-01,1783-12-31,11.10.2014,12,1,5,,www.bridgemanart.com,,GBR,,,,Bridgeman Art Library,,imgs/1765_GBR__889.jpg,monika
890,unknown,Rochambeau reviewing french troops in America,1765-01-01,1783-12-31,11.10.2014,12,1,5,,www.bridgemanart.com,,GBR,,,,Bridgeman Art Library,,imgs/1765_GBR__890.jpg,monika
891,unknown,The American Independence / a French frigate bringing the treaty to Boston,1788-01-01,1788-12-31,11.10.2014,1,1,5,,www.bridgemanart.com,,USA,,,,Bridgeman Art Library,,imgs/1788_USA__891.jpg,monika
892,unknown,The Battle of Lexington,1765-01-01,1783-12-31,11.10.2014,12,1,5,,www.bridgemanart.com,,USA,,,,Bridgeman Art Library,,imgs/1765_USA__892.jpg,monika
893,unknown,The British surrendering to George Washington after Battle of Yorktown,1765-01-01,1783-12-31,11.10.2014,12,1,5,,www.bridgemanart.com,,GBR,,,,Bridgeman Art Library,,imgs/1765_GBR__893.jpg,monika
894,unknown,The execution of Sioux indians by the US authorities,1800-01-01,12/31/1900,11.10.2014,1,5,5,,www.bridgemanart.com,,USA,United States,,expired,Bridgeman Art Library,,imgs/1800_USA__894.jpg,monika
895,unknown,The Inhabitants of Boston Throw English-East Indian Tea in the Sea,1765-01-01,1783-12-31,11.10.2014,12,1,5,,www.bridgemanart.com,,DEU,,,,Bridgeman Art Library,,imgs/1765_DEU__895.jpg,monika
896,unknown,The Landing of a French Auxiliary Army at Rhode Island in America,1765-01-01,1783-12-31,11.10.2014,12,1,5,,www.bridgemanart.com,,DEU,,,,Bridgeman Art Library,,imgs/1765_DEU__896.jpg,monika
897,unknown,The Stamp Act Riots at Boston,1765-01-01,1783-12-31,11.10.2014,12,1,5,,www.bridgemanart.com,,USA,,,,Bridgeman Art Library,,imgs/1765_USA__897.jpg,monika
898,unknown,The Surrender of General John Burgoyne at the Battle of Saratoga,1765-01-01,1783-12-31,11.10.2014,12,1,5,,www.bridgemanart.com,,FRA,,,,Bridgeman Art Library,,imgs/1765_FRA__898.jpg,monika
899,unknown,Woman in a Day Dress with a hairstyle 'a la Belle Poule',1765-01-01,1783-12-31,11.10.2014,12,1,5,,www.bridgemanart.com,,FRA,,,,Bridgeman Art Library,,imgs/1765_FRA__899.jpg,monika
900,unknown,The slanderer and the snake quarrel about the first place in hell,1700-01-01,12/31/1900,11.11.2014,1,1,9,,http://enc.vkarp.com/wp-content/uploads/2014/05/%D0%B0%D0%B41592.jpg,,RUS,Russia,,,,,imgs/1700_RUS__900.jpg,m.griesse
901,unknown,Лубок иллюстрация о наказании Каина,1825-01-01,1875-12-31,11.11.2014,1,1,9,,http://bibliotekar.ru/rusLubok/15.htm,,RUS,Государственный исторический музей / Инв.  №  52789  И   Ш   61108,,,,,imgs/1825_RUS__901.png,m.griesse
902,Григорьев / Михаил В.,Расправа воеводы Мещеринова с участниками Соловецкого восстания 1668—1676 гг.,1780-01-01,1860-12-31,11.11.2014,1,1,9,,http://bibliotekar.ru/rusLubok/11.htm,,RUS,,,,,,imgs/1780_RUS__902.jpg,m.griesse
903,unknown,Лубок иллюстрация о наказании Каина (detail),1825-01-01,1875-12-31,11.11.2014,1,1,9,,http://bibliotekar.ru/rusLubok/15.htm,,RUS,Государственный исторический музей / Инв.  №  52789  И   Ш   61108,,,,,imgs/1825_RUS__903.jpg,m.griesse
904,unknown,Жертвоприношение Авраама (Adam's sacrifice),1790-01-01,1810-12-31,11.11.2014,1,1,9,,http://bibliotekar.ru/rusLubok/16.htm,,AFG,,Государственный исторический музей / Инв.  № 40137,,,,imgs/1790_AFG__904.jpg,m.griesse
905,Johann Bensheimer,Wunderlicher Anfang und Schmählicher Außgang Des Jüdischen Königes SABETHA SEBI,1666-01-01,1666-12-31,12.07.2014,1,2,2,,Maier / Ingrid. „Acht anonyme deutsche und polnische Sabetha Sebi-Drucke aus dem Jahre 1666: Auf der Spur nach dem Drucker“. Gutenberg-Jahrbuch 83 (2008): 141-160.Maier / Ingrid / und Wouter F. Pilger. „Polnische Fabelzeitung über Sabbatai Zwi übersetzt für den russischen Zaren (1666)“. Zeitschrift für slavische Philologie 62 / 2003 / S. 1–39. / Nr. 1 (2003): 1–39.,,POL,David Friedrich Rhete in Danzig,,,,,imgs/1666_POL__905.jpg,m.griesse
906,unknown,Sabathai Sevi ein falscher Massias/ Jacobus Melstinius ein falscher Messias,1700-01-01,1800-12-31,12/15/2014,12,1,2,,Shachar / Isaiah. The “Judensau”: A Medieval Anti-Jewish Motif and Its History. Warburg Institute Surveys & Texts 5. London: The Warburg Institute / University of London / 1974 / plate 40,,DEU,,Jerusalem / Israel Museum / 177/49. (Israel Museum) / vgl. Shachar / Judensau / p. xiv (on pl. 40),,,,imgs/1700_DEU__906.jpg,m.griesse
907,unknown,Fasten und Buße der Juden zu Salanick,1666-01-01,1666-12-31,12/15/2014,1,1,2,,http://sammlungen.ub.uni-frankfurt.de/judaicaffm/content/titleinfo/1098516,,DEU,,,,,,imgs/1666_DEU__907.jpg,m.griesse
908,unknown,Der Quacker und Freÿ-Geister Unhöffigkeit gegen den König in Engelland Karln den Andern,1660-01-01,1702-12-31,12/27/2014,1,5,2,,Corvinus / Anabaptisticum et Enthusiasticum (pdf S.724),,DEU,,,,,,imgs/1660_DEU__908.jpg,m.griesse
909,unknown,Neue Schwarm geister-Brut,1702-01-01,1702-12-31,12/27/2014,12,6,1,,Corvinus / Anabaptisticum et Enthusiasticum (pdf S.698),,DEU,,,,,,,
910,unknown,Schilo Sabothoj (German title / illegible in reproduction),1671-01-01,1671-12-31,12/31/2014,12,3,2,,http://www.jewishmuseum.org.uk/?unique_name=search-our-collections-new&adlibid=7330,,DEU,,Jewish Museum London Catalogue Number: AR 2242,,,reproduced in Scholem / The Mystical Messiah (check exact referece),imgs/1671_DEU__910.jpg,m.griesse
911,unknown,Die großen Ertz-Betrieger. Der falsche Messias Sabatai Sevi. König der Juden. Im 1666 Jahr,1666-01-01,,12/31/2014,1,1,2,,http://www.aic.pt/imagedetails/42930652_extInt0/akg_00813430-AKGimages-Sabbatai-Zevi-and-Jacob-Naylor-Portrait-1TK-100-F1.html  b/w version: https://www.flickr.com/photos/63794459@N07/6147222133/,,DEU,,Germanisches Nationalmuseum Nürnberg: Inv.Nr. HB9640,,,,imgs/1666_DEU__911.jpg,
912,sometimes attributed to Johann Martin Will,George Washington,1775-01-01,1775-12-31,02.11.2015,1,1,5,London / Great Britain / North America,http://www.loc.gov/pictures/item/2004666670/,,USA,possibly London / Great Britain,Library of Congress / Washington D.C. / USA,No known restrictions on publication,Library of Congress / Washington D.C. / USA,A hand-coloured copy is also held at the Winterthur Museum: http://museumcollection.winterthur.org/single-record.php?resultsperpage=40&view=gallery&srchtype=advanced&hasImage=&ObjObjectName=&CreOrigin=&Earliest=&Latest=&CreCreatorLocal_tab=C.%20&materialsearch=&ObjObjectID=&ObjCategory=Prints%20and%20Maps&DesMaterial_tab=&DesTechnique_tab=&AccCreditLineLocal=&CreMarkSignature=&recid=1959.1582%20A&srchfld=&srchtxt=&id=570a&rownum=1&version=100&src=results-imagelink-only#.VPnr7C6KIhRAnd another version is kept at Harvard University:http://oasis.lib.harvard.edu/oasis/deliver/~hou00166,imgs/1775_USA__912.jpg,monika
913,Johann Martin Will,George Washington,1775-01-01,1775-12-31,02.11.2015,1,1,5,London / Great Britain,http://www.loc.gov/pictures/resource/cph.3a07102/,,USA,Augsburg / Germany (engraved plate), London / Great Britain (printed copies),Library of Congress / Washington D.C. / USA,No known restrictions on publication,Library of Congress / Washington D.C. / USA,imgs/1775_USA__913.jpg,
914,Noel Le Mire,Le Général Washington,1780-01-01,1783-12-31,02.11.2015,12,1,6,North America / France,http://www.loc.gov/pictures/item/91720123/,,USA,France,Library of Congress / Washington D.C. / USA,No known restrictions on publication in the U.S. Use elsewhere may be restricted by other countries' laws.,Library of Congress / Washington D.C. / USA,Hart / 31Baker / 21Published in: The American Revolution in drawings and ,,
915,,Death of John André,,,,,,,,,Library of Congress,,,,,"Another copy available in: LOT 4412NA.Published in: The American Revolution in drawings and 					
prints	 a checklist of 1765-1790 graphics in the Library of Congress / 				
Compiled by Donald H. Cresswell / with a foreword by Sinclair H. 					
Hitchings. Washington : [For sale by the Supt. of Docs. / U.S. Govt. 					
Print. Off.] / 1975 / no. 317.Original engraving NOS 4/23/2004	",,,
916,Israel Putnam,Israel Putnam / Esq'r. - major general of the Connecticut forces,1775-01-01,1775-12-31,02.11.2015,12,1,5,Title from item.Catalogue of prints and drawings in the British Museum. Division I / political and personal satires / v. 5 / no. 5292Forms part of: British Cartoon  Prints Collection (Library of Congress).Published in: The American Revolution in drawings and ,http://www.loc.gov/pictures/item/2004666600/,,USA,London / Great Britain,Library of Congress / Washington D.C. / USA,,No known restrictions on publication.,,imgs/1775_USA__916.jpg,monika
917,unknown,The honble. John Hancock of Boston in New-England / president of the American congress,1775-01-01,1775-12-31,02.11.2015,12,1,5,London / Great Britain / North America,http://www.loc.gov/pictures/item/2003675601/,,USA,London / Great Britain,Library of Congress / Washington D.C. / USA,,No known restrictions on publication,"Published in: The American Revolution in drawings and prints checklist of 1765-1790 graphics in the Library of Congress / Compiled 	
by Donald H. Cresswell / with a foreword by Sinclair H. Hitchings. 	
Washington : [For sale by the Supt. of Docs. / U.S. Govt. Print. Off.] / 	
1975 / no. 102.Exhibited in: Creating the U.S. Library of Congress / Washington / D.C. / 2008.",imgs/1775_USA__917.jpg,monika
918,unknown,George Washington on horseback,1775-01-01,1775-12-31,02.12.2015,12,1,5,London / Great Britain / North America,British Museum Online Collection,British Museum Online Collection,GBR,London / Great Britain,The British Museum / London,The Trustees of the British Museum,The Trustees of The British Museum,,imgs/1775_GBR__918.jpg,monika
919,John Singleton Copley,Portrait of H. R. H. the Prince of Wales at a Review, Col. Quinton in the Distance,1809-01-01,2/16/2015 19:58,2/16/2015,2,1,13,London / Boston,,,USA,London / Great Britain,Museum of Fine Arts / Boston / MA / USA,Museum of Fine Arts / Boston / MA / USA,Museum of Fine Arts / Boston / MA / USA,imgs/1809_USA__919.jpg,
920,Olaus Magnus,Carta marina,1539-01-01,1539-12-31,2/20/2015,1,1,1,In production for 12 years / the first copies were printed in 1539 in Venice. A faithful reproduction of the map was printed in Rome.,http://en.wikipedia.org/wiki/Carta_marina#mediaviewer/File:Carta_Marina.jpeg,,ITA,Rome (produced) / Venice (published),,,Bayerische Staatsbibliothek (BSB),"Wikipedia / March 2009: ""All of the original map's copies passed out of public knowledge after 1574 / and the map was largely forgotten – perhaps because few copies were printed and Pope Paul III asserted a 10-year copyright. It was later widely questioned whether the map had ever existed."" (Source check necessary!)",imgs/1539_ITA__920.jpeg,m.griesse
921,Nicolas Sanson d'Abbéville,La Curlande duché et Semigalle autrefois de la Livonie. La Samogitie Duché en Lituanie,1659-01-01,1659-12-31,2/25/2015,1,4,6,,http://de.wikipedia.org/wiki/Samogitien#mediaviewer/File:En_Samogitia,_be_%D0%96%D0%B0%D0%BC%D0%BE%D0%B9%D1%86%D1%8C,_ru_%D0%96%D0%BC%D1%83%D0%B4%D1%8C_%281659%29.jpg,,LTU,France,,,,
922,Nicolas Sanson d'Abbéville, Joannes van Luchtenburgh / fl.,Téatre de la guerre des couronnes du Nord: Carte Nouvelle pour servir a l'intelligence des affairs des couronnes du Nord ou sont les Estats de Suede / de Dannemarq / et de Pologne / L'Empire D'Allemagne / et Les XVII Provinces de Pays-Bas,1705-01-01,2/27/2015 13:24,2/27/2015,1,4,6,Former owner: Ordem dos Eremitas de Santo Agostinho. Convento de Nossa Senhora da Graça (Lisboa) see: http://catalogo.bnportugal.pt/ipac20/ipac.jsp?profile=bn&source=~!bnp&view=subscriptionsummary&uri=full=3100024~!269428~!2&ri=1&aspect=subtab13&menu=search&ipp=20&spp=20&staffonly=&term=lus%C3%83%C2%ADadas&index=.TW&uindex=&aspect=subtab13&menu=search&ri=1,http://purl.pt/1296,,FRA,,,,,imgs/1705_FRA__922.jpg,
923,Nicolas Sanson d'Abbéville,New Map of the entire Kingdom of Pologne,1643-01-01,1667-12-31,2/27/2015,1,4,1,,,,FRA,,,,,,imgs/1643_FRA__923.jpg,m.griesse
924,Johann Martin Will,George Washington Esqr,1775-01-01,1775-12-31,03.06.2015,1,1,5,London / first published by C. Shepherd,http://www.britishmuseum.org/research/collection_online/collection_object_details.aspx?objectId=1660385&partId=1&searchText=johann+martin+will+George+Washington&page=1,BM Satires 5291,GBR,Augsburg / Germany,The British Museum / London,The Trustees of the British Museum,"copy / probably by Will / see BMSat 6034 / of a plate apparently belonging to the same series as BMSat 5290. C. H. Hart / No. 730 a. (Supplementary information)See 1902 /1011.7084 (BMSat 5290) for more information on the series to which this print is related.Chaloner Smith notes that this print is listed in W.S. Baker's 'Engraved Portraits of Washington' / no. 49.	2",Description and comment from M.Dorothy George / 'Catalogue of Political and Personal Satires in the British Museum' / V / 1935)A,imgs/1775_GBR__924.jpg,monika
925,Johann Ludwig Gottfried Matthäus Merian / the Elder,Weiberaufruhr in Holland,1616-01-01,1616-12-31,3/18/2015,1,1,1,<span class=Lbl id=a1.2.1.1.1.4:CaptionLong_Lbl>Reprinted in: Johann Ludwig Gottfried / Historische Chronica / Frankfurt a. M. (M.Merian) 1630 / S. 1178.,http://www.akg-images.co.uk/archive/Weiberaufruhr%20in%20Holland-2UMDHUJMX0BL.html,,NLD,,,,,,imgs/1616_NLD__925.jpg,m.griesse
926,Unknown,Hora und Klotschka die Anführer Wallachischer Rebellen,1785-01-01,1800-12-31,5/20/2015,1,1,2,,http://commons.wikimedia.org/wiki/File:Closca.jpg,,ROM,,Romanian Academy Library,PD,,,imgs/1785_ROM__926.jpg,m.griesse
927,Abraham Bosse,[David et Goliath],1651-01-01,1651-12-31,6/27/2015,1,1,6,,http://www.metmuseum.org/collection/the-collection-online/search/385962,,FRA,France,Metropolitain Museum of Art / New York (Accession Number: 17.50.15-144),,,,imgs/1651_FRA__927.jpg,m.griesse
928,Unknown,Hinrichtung von Magnaten,1650-01-01,1700-12-31,08.12.2015,1,1,2,,,,DEU,,,,,,imgs/1650_DEU__928.jpg,monika
929,Unknown,Hinrichtung von Franz III Ná_dasdy (Meyssens),1650-01-01,1700-12-31,08.12.2015,1,1,2,,,,DEU,,,,,,imgs/1650_DEU__929.jpg,monika
930,Unknown,Thököly with Luther,1650-01-01,1700-12-31,08.12.2015,1,1,2,,,,DEU,,,,,,imgs/1650_DEU__930.jpg,monika
931,Unknown,Map with Thököly,1650-01-01,1700-12-31,08.12.2015,1,3,2,,,,DEU,,,,,,imgs/1650_DEU__931.jpg,monika
932,Unknown,Fall of Thököly 1685,1650-01-01,1700-12-31,08.12.2015,1,1,2,,,,DEU,,,,,,imgs/1650_DEU__932.jpg,monika
933,Unknown,Warhafftiger Bericht/ Welcher massen die OberOsterreichschen Bauren des Hertzogs von Hollstein Regiment/ welches ihnen grossen schaden gethan/ bey Neunkirchen unvorsehens uberfallen und geschlagen,1626-01-01,1626-12-31,8/26/2015,1,1,2,,Paas / J.R.: German Political Broadsheet / vol. 4 (P-1115),,DEU,,GW-Hamburg / UB: Scrin. C/22 / 167.,,,,imgs/1626_DEU__933.jpg,m.griesse
934,Unknown,Het Groote Stookhuis Der Princen dezes Tijds / in Europe. (The Great Laboratory of the Princes of these Times in Europe) / Labouratoire dece [sic] Temps,1689-01-01,1689-12-31,8/26/2015,1,1,3,,http://www.britishmuseum.org/research/collection_online/collection_object_details.aspx?objectId=1559922&partId=1&searchText=Stookhuis&page=1,,NLD,,,Prints & Drawings,,BM Satires 1154 ((dated as 1688)),Muller 1863-1882 2770,
935,Unknown,Labouratoire dece [sic] Temps / Het Groote Stookhuis Der Princen dezes Tijds / in Europe.,1689-01-01,1689-12-31,8/26/2015,1,1,3,,http://www.britishmuseum.org/research/collection_online/collection_object_details.aspx?objectId=1514070&partId=1&searchText=Stookhuis&page=1,,NLD,,,Prints & Drawings,,BM Satires 1154 ((dated as 1688))&nbsp,Muller 1863-1882 2770 ,
936,Unknown,Den Franschen Algemist / Den Franssen Algemist,1674-01-01,1674-12-31,8/26/2015,1,1,3,,http://www.britishmuseum.org/research/collection_online/collection_object_details.aspx?objectId=1559529&partId=1&searchText=Stookhuis&page=1,,NLD,,,Prints & Drawings,,BM Satires 1154 ((dated as 1688))&nbsp,Muller 1863-1882 2770 ,
937,Johann Martin Will,Fridericus der Zweyte,1750-01-01,1770-12-31,09.01.2015,1,1,2,Europe,,published in company chronicle edited by Heinz Walch,DEU,Augsburg / Germany,Druckerei Heinz Walch / Augsburg / Germany,Heinz Walch / Augsburg,Heinz Walch / Augsburg,,imgs/1750_DEU__937.jpg,monika
939,Maya,untitled (?),1735-01-01,1795-12-31,09.03.2015,13,9,12,,,,TWN,,Fu Ssu-nien Library / Institute of History and Philology / Academia Sinica / Taipei / Taiwan,none (the Rijksmuseum Amsterdam offers a free high resolution copy for professional use),,,imgs/1735_TWN__939.jpg,monika
940,Maya,untitled (?),1774-01-01,1774-12-31,09.03.2015,10,9,12,,,,CHN,,Palace Museum / Beijing / People Republic of China,© Palace Museum / Beijing,,,imgs/1774_CHN__940.jpg,monika
941,Maya,untitled (?),1601-01-01,1700-12-31,09.03.2015,10,9,12,,,,JPN,,National Archives of Japan / Tokyo / Japan,© National Archives of Japan / Tokyo / Japan,,,imgs/1601_JPN__941.jpg,monika
942,Maya,untitled (?),1601-01-01,1700-12-31,09.03.2015,10,9,12,,,,CHN,,© Shanghai Library / Shanghai / People Republic of China,© Shanghai Library / Shanghai / People Republic of China,,,imgs/1601_CHN__942.jpg,monika
943,David,Wreede Vervolginge 1,1501-01-01,1800-12-31,09.03.2015,13,9,3,,,,NLD,Europe,,UB Leiden,,,imgs/1501_NLD__943.jpg,monika
944,David,Historie der Martelaren,1501-01-01,1800-12-31,09.03.2015,13,9,3,,,,NLD,Europe,,Koninklijke Bibliotheek,,,imgs/1501_NLD__944.jpg,monika
945,Nancy,Strappado,1656-01-01,1656-12-31,09.04.2015,13,9,5,,,,USA,,© Dartmouth College Library,,,,imgs/1656_USA__945.jpg,monika
946,Nancy,Debtor's punishment,1656-01-01,1656-12-31,09.04.2015,13,9,5,,,,USA,,© Dartmouth College Library,,,,imgs/1656_USA__946.jpg,monika
947,Nancy,Beating a servant,1656-01-01,1656-12-31,09.04.2015,13,9,5,,,,USA,,© Dartmouth College Library,,,,imgs/1656_USA__947.jpg,monika
948,Nancy,Knouting,1656-01-01,1656-12-31,09.04.2015,13,9,5,,,,USA,,© Dartmouth College Library,,,,imgs/1656_USA__948.jpg,monika
949,Nancy,Marketplace,1656-01-01,1656-12-31,09.04.2015,13,9,5,,,,USA,,© Dartmouth College Library,,,,imgs/1656_USA__949.jpg,monika
950,Nancy,Brueghel / Iusticia,1559-01-01,1559-12-31,09.04.2015,13,1,3,,,,NLD,,Rijksmuseum / Amsterdam,,,,imgs/1559_NLD__950.jpg,monika
951,Nancy,The Rebellious Peasant Parliament of Braunau,1705-01-01,1705-12-31,09.04.2015,13,1,3,,,,NLD,,Rijksmuseum / Amsterdam,,,,imgs/1705_NLD__951.jpg,monika
956,Monika,Frederic II,1763-01-01,1770-12-31,09.04.2015,1,1,2,,,,DEU,,© Druckerei Walch / Augsburg / private collection,© Druckerei Walch / Augsburg / private collection: the permission to use this image was granted by Heinz Walch / the owner / via E-Mail,,,imgs/1763_DEU__956.jpg,monika
957,Fabian,Nette Abbildung Nicolai,1758-01-01,1758-12-31,09.04.2015,13,9,7,,,,ITA,,,,,,imgs/1758_ITA__957.jpg,monika
958,Fabian,Effegies Nicolai I,1758-01-01,1758-12-31,09.04.2015,1,1,2,,,,DEU,Europe,,,,,imgs/1758_DEU__958.jpg,monika
959,Fabian,Abolition of the Slave Trade,1789-01-01,1789-12-31,09.04.2015,1,1,5,,,,USA,,Library of Congress / Washington D.C. / USA,© Library of Congress / Washington D.C. / USA / The British Museum / London / UK: according to American Copyright Law / this image can be reproduced free of charge,,,imgs/1789_USA__959.jpg,monika
960,Fabian,The insurrection of the negroes,1601-01-01,1800-12-31,09.04.2015,1,1,3,,,,NLD,Europe,,,,,imgs/1601_NLD__960.jpg,monika
961,Fabian,Revenge taken by the Black Army,1805-01-01,1805-12-31,09.04.2015,1,1,5,,,,USA,,Library of Congress / Washington D.C. / USA,© Library of Congress / Washington D.C. / USA / The British Museum / London / UK: according to American Copyright Law / this image can be reproduced free of charge,,,imgs/1805_USA__961.jpg,monika
962,Jan Goerée / Jan Van Vianen / Ottmar Elliger / Jacobus Baptist,Le Grand theatre historique de Nicolas Gueudeville,1703-01-01,1703-12-31,10/14/2015,1,5,1,,2° 5008 / p. 17-18,,FXX,Leyde,Paris / Bibliothèque Mazarine,,T Gaumy,,imgs/1703_FXX__962.jpg,gaumy
963,Jan Goerée / Jan Van Vianen / Ottmar Elliger / Jacobus Baptist,Le Grand theatre historique de Nicolas Gueudeville,1703-01-01,1703-12-31,10/14/2015,1,5,1,,2° 5008 / p. 5-6,,FXX,Leyde,Paris / Bibliothèque Mazarine,,T Gaumy,,imgs/1703_FXX__963.jpg,
964,Jan Goerée / Jan Van Vianen / Ottmar Elliger / Jacobus Baptist,Le Grand theatre historique de Nicolas Gueudeville,1703-01-01,1703-12-31,10/14/2015,1,5,1,,2° 5008 / p. 41-42,,FXX,Leyde,Paris / Bibliothèque Mazarine,,T Gaumy,,imgs/1703_FXX__964.jpg,gaumy
965,Jan Goerée / Jan Van Vianen / Ottmar Elliger / Jacobus Baptist,Le Grand theatre historique de Nicolas Gueudeville,1703-01-01,1703-12-31,10/14/2015,1,5,1,,2° 5008 / p. 105-106,,FXX,Leyde,Paris / Bibliothèque Mazarine,,T Gaumy,,imgs/1703_FXX__965.jpg,gaumy
966,Jan Goerée / Jan Van Vianen / Ottmar Elliger / Jacobus Baptist,Le Grand theatre historique de Nicolas Gueudeville,1703-01-01,1703-12-31,10/14/2015,1,5,1,,2° 5008 / p. 173-174,,FXX,Leyde,Paris / Bibliothèque Mazarine,,T Gaumy,,imgs/1703_FXX__966.jpg,gaumy
967,Jan Goerée / Jan Van Vianen / Ottmar Elliger / Jacobus Baptist,Le Grand theatre historique de Nicolas Gueudeville,1703-01-01,1703-12-31,10/14/2015,1,5,1,,2° 5007 / p. 367-368,,FXX,Leyde,Paris / Bibliothèque Mazarine,,T Gaumy,,imgs/1703_FXX__967.jpg,gaumy
968,Jan Goerée / Jan Van Vianen / Ottmar Elliger / Jacobus Baptist,Le Grand theatre historique de Nicolas Gueudeville,1703-01-01,1703-12-31,10/14/2015,1,5,1,,2° 5007 / p. 39-40,,FXX,Leyde,Paris / Bibliothèque Mazarine,,T Gaumy,,imgs/1703_FXX__968.jpg,gaumy
969,Jan Goerée / Jan Van Vianen / Ottmar Elliger / Jacobus Baptist,Le Grand theatre historique de Nicolas Gueudeville,1703-01-01,1703-12-31,10/14/2015,1,5,1,,2° 5007 / p. 57-58,,FXX,Leyde,Paris / Bibliothèque Mazarine,,T Gaumy,,imgs/1703_FXX__969.jpg,gaumy
970,Jan Goerée / Jan Van Vianen / Ottmar Elliger / Jacobus Baptist,Le Grand theatre historique de Nicolas Gueudeville,1703-01-01,1703-12-31,10/15/2015,1,5,1,,2° 5007 / p. 211-212,,FXX,Leyde,Paris / Bibliothèque Mazarine,,T Gaumy,,imgs/1703_FXX__970.jpg,gaumy
971,Jan Goerée / Jan Van Vianen / Ottmar Elliger / Jacobus Baptist,Le Grand theatre historique de Nicolas Gueudeville,1703-01-01,1703-12-31,10/15/2015,1,5,1,,2° 5007 / p. 213-214,,FXX,Leyde,Paris / Bibliothèque Mazarine,,T Gaumy,[1523] François de Sikingen brûla plusieurs villages de l'archevêché de Trèves / les deux parties en vinrent aux mains / et le fils de François eut le malheur d'être fait prisonnier par les troupes de l'Electeur [de Trèves]. Les alliés non contens d'avoir le fils / résolurent de prendre le père / ils allèrent pour cet effet l'assieger dans son chateau de Landstall / où ils sçavoient qu'il s'étoit retiré,imgs/1703_FXX__971.jpg,
972,Jan Goerée / Jan Van Vianen / Ottmar Elliger / Jacobus Baptist,Le Grand theatre historique de Nicolas Gueudeville,1703-01-01,1703-12-31,10/15/2015,1,5,1,,2° 5007 / p. 217-218,,AFG,Leyde,Paris / Bibliothèque Mazarine,,,,imgs/1703_AFG__972.jpg,gaumy
973,Jan Goerée / Jan Van Vianen / Ottmar Elliger / Jacobus Baptist,Le Grand theatre historique / ou Nouvelle histoire universelle / tant sacrée que profane / depuis la création du monde / jusqu'au commencement du XVIII siecle par Nicolas Gueudeville. Ouvrage divisé en cinq parties / avec des figures en taille douce,1703-01-01,1703-12-31,10/16/2015,1,5,1,,2° 5007 / p. 235-236,,FXX,Leyde,Paris / Bibliothèque Mazarine,,T Gaumy,,imgs/1703_FXX__973.jpg,gaumy
974,Jan Goerée / Jan Van Vianen / Ottmar Elliger / Jacobus Baptist,Le Grand theatre historique de Nicolas Gueudeville,1703-01-01,1703-12-31,10/16/2015,1,5,1,,2° 5007 / p. 263-264,,FXX,Leyde,Paris / Bibliothèque Mazarine,,T Gaumy,,imgs/1703_FXX__974.jpg,gaumy
975,Jan Goerée / Jan Van Vianen / Ottmar Elliger / Jacobus Baptist,Le Grand theatre historique de Nicolas Gueudeville,1703-01-01,1703-12-31,10/16/2015,1,5,1,,2° 5007 / p. 267-268,,FXX,Leyde,Paris / Bibliothèque Mazarine,,T Gaumy,,imgs/1703_FXX__975.jpg,gaumy
976,Jan Goerée / Jan Van Vianen / Ottmar Elliger / Jacobus Baptist,Le Grand theatre historique de Nicolas Gueudeville,1703-01-01,1703-12-31,10/16/2015,1,5,1,,2° 5007 / p. 325-326,,FRA,Leyde,Paris / Bibliothèque Mazarine,,T Gaumy,,imgs/1703_FRA__976.jpg,gaumy
977,Jan Goerée / Jan Van Vianen / Ottmar Elliger / Jacobus Baptist,Le Grand theatre historique de Nicolas Gueudeville,1703-01-01,1703-12-31,10/16/2015,1,5,1,,2° 5007 / p. 315-316,,FXX,Leyde,Paris / Bibliothèque Mazarine,,T Gaumy,,imgs/1703_FXX__977.jpg,gaumy
978,Jan Goerée / Jan Van Vianen / Ottmar Elliger / Jacobus Baptist,Le Grand theatre historique de Nicolas Gueudeville,1703-01-01,1703-12-31,10/16/2015,1,5,1,,2° 5007 / p. 327-328,,FXX,Leyde,Paris / Bibliothèque Mazarine,,T Gaumy,,imgs/1703_FXX__978.jpg,gaumy
979,Giorgio Vasari,la Saint Barthélemy en France,1572-01-01,1573-12-31,10/16/2015,12,1,1,,Utpictura18,,ITA,Rome / Vatican / sala Regia,Rome / Vatican / sala Regia,,http://sites.univ-provence.fr/pictura/GenerateurNotice.php?numnotice=A9565,,imgs/1572_ITA__979.jpg,gaumy
980,Thomas Müntzer,An die Versamlung gemanyner Pawerschaft/to the assembly of the common peasantry,1525-01-01,1525-12-31,10/21/2015,1,6,2,,https://www.historicum.net/purl/1lwzbn/,,DEU,Nuremberg,Munich / Bayerische Staatsbibliothek,Munich / Bayerische Staatsbibliothek,,,imgs/1525_DEU__980.jpg,gaumy
981,Michael Stetler,Chronicon helvetica usque ad annum 1627,1627-01-01,1627-12-31,10/26/2015,1,6,2,,2°6189 / fol. 1,,FRA,,Paris / Bibliothèque Mazarine,,T Gaumy,,imgs/1627_FRA__981.jpg,gaumy
982,Johannes Stumpf,Chronicon helvetica ab anno 1548 ad annum 1587,1606-01-01,1606-12-31,10/26/2015,1,6,2,,2°6191 / fol. 1,,FRA,,Paris / Bibliothèque Mazarine,,T Gaumy,,imgs/1606_FRA__982.jpg,gaumy
983,Johannes Stumpf,Chronicon helvetica ab anno 1548 ad annum 1587,1606-01-01,1606-12-31,10/26/2015,1,5,2,,2°6191 / fol.343v°,,FRA,,Paris / Bibliothèque Mazarine,,T Gaumy,,imgs/1606_FRA__983.jpg,gaumy
984,Jan Goerée / Jan Van Vianen / Ottmar Elliger / Jacobus Baptist,Le Grand theatre historique de Nicolas Gueudeville,1703-01-01,1703-12-31,10/26/2015,1,5,6,,2° 5007 / p. 333-334,,FRA,leyde,Paris / Bibliothèque Mazarine,,T Gaumy,,imgs/1703_FRA__984.jpg,gaumy
985,Jan Goerée / Jan Van Vianen / Ottmar Elliger / Jacobus Baptist,Le Grand theatre historique de Nicolas Gueudeville,1703-01-01,1703-12-31,10/26/2015,1,5,6,,2° 5007 / p. 333-334,,FRA,Leyde,Paris / Bibliothèque Mazarine,,T Gaumy,,imgs/1703_FRA__985.jpg,gaumy
986,M. de Brueys,Histoire du fanatisme,1692-01-01,1692-12-31,10/28/2015,1,5,6,,8° 32316 D,,FRA,Paris,Paris / Bibliothèque Mazarine,,T Gaumy,,imgs/1692_FRA__986.jpg,gaumy
987,Unknown,Courtrai chest,1302-01-01,1400-12-31,10/28/2015,13,9,13,discovered in 1905 in the village of Stanton Saint John / used as a feed bin,,,FRA,Flemish,Oxford University / New College / in deposit at the Ashmolean museum / Oxford,https://www.bridgemanimages.com/fr/asset/179784,,,imgs/1302_FRA__987.jpg,gaumy
988,master of Mary of Burgundy,Chroniques de Jean Froissart,1477-01-01,1477-12-31,10/28/2015,2,5,6,,http://photopower.pl/zoom/BAL0105835/,,FRA,Flemish,Norfolk / Bridgeman art Library,,http://photopower.pl/zoom/BAL0105835/,Ms 659 / fol. 226v,imgs/1477_FRA__988.jpg,gaumy
989,master of Mary of Burgundy,Chroniques de Jean Froissart,1477-01-01,1477-12-31,10/28/2015,2,5,6,Ms 659 / fol. 78r,http://photopower.pl/zoom/BAL0130901/,,FRA,Flemish,Norfolk / Bridgeman art Library,,© Collection of the Earl of Leicester / Holkham Hall / Norfolk / Bridgeman Art Library / FotoChannels,,imgs/1477_FRA__989.jpg,gaumy
990,master of Mary of Burgundy,Chroniques de Jean Froissart,1477-01-01,1477-12-31,10/28/2015,2,5,6,Ms 659 / fol. 221,http://photopower.pl/zoom/BAL0054252/,,FRA,Flemish,Norfolk / Bridgeman art Library,© Collection of the Earl of Leicester / Holkham Hall / Norfolk / Bridgeman Art Library / FotoChannels,http://photopower.pl/zoom/BAL0054252/,,imgs/1477_FRA__990.jpg,gaumy
991,Unknown,destruction fo Colchester,1648-01-01,1648-12-31,10/29/2015,1,1,5,,http://photopower.pl/zoom/BAL0158068/,,GBR,England,Private collection,© Bridgeman Art Library / FotoChannels,http://photopower.pl/zoom/BAL0158068/,,imgs/1648_GBR__991.jpg,gaumy
992,french school,Louis XIV crushing the so-called protestant reformed religion,1685-01-01,1685-12-31,10/30/2015,1,1,6,,https://www.bridgemanimages.com/fr/asset/267169/french-school-17th-century/louis-xiv-1638-1715-crushing-the-so-called-protestant-reformed-religion-with-his-sword-1685-engraving-b-w-photo?context={%22s,,FRA,France,Bibliothèque nationale de France,,Bibliothèque nationale de France,,imgs/1685_FRA__992.jpg,gaumy
993,french school,despair of the so-called protestant Reformed religion,1684-01-01,1684-12-31,10/30/2015,1,1,6,,https://www.bridgemanimages.com/fr/asset/267168,,FRA,France,Bibliothèque nationale de France,The so-called Protestant Reformed religion in desperate straits / 1684 (engraving) (b/w photo) / French School / (17th century) / Bibliotheque Nationale / Paris / France / Archives Charmet / Bridgeman Images,,,imgs/1684_FRA__993.jpg,gaumy
994,English school,burning of Jerome of Prague,1684-01-01,1684-12-31,10/30/2015,1,5,5,,https://www.bridgemanimages.com/fr/asset/469112/english-school-17th-century/the-burning-of-master-jerome-of-prague-illustration-from-acts-and-monuments-by-john-foxe-ninth-edition-pub-1684-litho,,GBR,England,Private collection,The burning of master Jerome of Prague / illustration from 'Acts and Monuments' by John Foxe / ninth edition / pub. 1684 (litho) / English School / (17th century) / Private Collection / The Stapleton Collection / Bridgeman Images,,,imgs/1684_GBR__994.jpg,gaumy
995,Ulrich von Richental,Jan Hus's burning,1483-01-01,1483-12-31,10/30/2015,1,5,2,,www.bridgemanimages.com,,DEU,Germany,France / Paris / Bibliothèque polonaise,Jan Hus burnt at the stake at the Council of Constance / from 'History of the Council of Constance' / published 1483 (engraving) / Richental / Ulrich von (c.1360-1437) / Bibliotheque Polonaise / Paris / France / Archives Charmet / Bridgeman Images,,,imgs/1483_DEU__995.jpg,gaumy
996,Unknown,Jan Hus,1500-01-01,1700-12-31,10/30/2015,1,1,1,,www.bridgemanimages.com,,CZE,Unknown,Unknown,Jan Hus (1369-1415). Engraving. / Photo © Tarker / Bridgeman Images,,,imgs/1500_CZE__996.jpg,gaumy
997,Unknown,Jan Hus,1500-01-01,1700-12-31,10/30/2015,1,1,1,,www.bridgemanimages.com,,CZE,Unknown,Unknown,Jan Hus (1369-1415). Czech priest / philosopher / reformer / and master at Charles University in Prague. Engraving. / Photo © Tarker / Bridgeman Images,,,imgs/1500_CZE__997.jpg,gaumy
998,Joerg Breu the Elder,burning of Jerome of Prague,1536-01-01,1536-12-31,10/30/2015,1,1,2,,www.bridgemanimages.com,,DEU,Germany / Augsburg / by Heinrich Steiner,Germany / Berlin / Deutsches Historisches Museum,The burning of Jerome of Prague / from Chronik des Konstanzer Konzils (Chronicle of the Council of Constance) by Ulrich von Richenthal / printed by Heinrich Steiner / Augsburg / 1536 (coloured woodcut) / Breu / Joerg the Elder (c.1475-1537) / Deutsches Historis,,,imgs/1536_DEU__998.jpg,gaumy
999,English school,Jan Hus's burning,1684-01-01,1684-12-31,10/30/2015,1,5,5,,www.bridgemanimages.com,,GBR,England,Private collection,The description of the burning of John Hus / contrary to the safe conduct granted unto him / illustration from 'Acts and Monuments' by John Foxe / ninth edition / pub. 1684 (litho) / English School / (17th century) / Private Collection / The Stapleton Collectio,,,imgs/1684_GBR__999.jpg,gaumy
1000,Ulrich von Richental,Jan Hus's burning,1400-01-01,1437-12-31,10/30/2015,1,5,2,,www.bridgemanimages.com,,DEU,Germany,Private collection,The execution of Jan Hus or one of his priests at The Council of Constance / / from 'Chronik des Konzils von Konstanz' (pen & ink on paper) / Richental / Ulrich von (c.1360-1437) / Private Collection / Bridgeman Images,,,imgs/1400_DEU__1000.jpg,gaumy
1001,Bernard Picart,Jan Hus / portrait and burning,1712-01-01,1712-12-31,10/30/2015,1,1,6,,www.bridgemanimages.com,,FRA,France,Unknown,Jan Hus (1369-1415) czeck reformer / condemned for heresy / engraving by Bernard Picart / 1712 / Bridgeman Images,,,imgs/1712_FRA__1001.jpg,gaumy
1002,German school,Reformers Martin Luther and Jan Hus administering communion,1500-01-01,1599-12-31,10/30/2015,1,1,1,,www.bridgemanimages.com,,DEU,Germany,France / Paris / Bibliothèque des Arts décoratifs,Reformers Martin Luther and Jan Hus administering Communion (engraving) / German School / (16th century) / Bibliotheque des Arts Decoratifs / Paris / France / De Agostini Picture Library / Bridgeman Images,,,imgs/1500_DEU__1002.jpg,gaumy
1003,Joerg Breu the Elder,degradation of Jan Hus,1536-01-01,1536-12-31,10/30/2015,1,5,2,,www.bridgemanimages.com,,DEU,Germany / Augsburg / by Heinrich Steiner,Germany / Berlin / Deutsches Historisches Museum,The Degradation of Jan Hus / from Chronik des Konstanzer Konzils (Chronicle of the Council of Constance) by Ulrich von Richenthal / printed by Heinrich Steiner / Augsburg / 1536 / Breu / Joerg the Elder (c.1475-1537) / Deutsches Historisches Museum / Berlin / Ger,,,imgs/1536_DEU__1003.jpg,gaumy
1004,Ulrich von Richental,execution of Jan hus in 1416 or one of his priests (Jerome of Praga?),1536-01-01,1536-12-31,10/30/2015,1,5,2,,www.bridgemanimages.com,,DEU,Germany,Private collection,The execution of Jan Hus or one of his priests at the Council of Constance / from 'Chronik des Konzils von Konstanz' (pen & ink on paper) / Richental / Ulrich von (c.1360-1437) / Private Collection / Bridgeman Images,,,imgs/1536_DEU__1004.jpg,gaumy
1005,English school,true plate of Hus and Jerome / among the Bohemians,1684-01-01,1684-12-31,10/30/2015,1,5,5,,www.bridgemanimages.com,,RUS,England,Russia / Sergiyev Posad / history of art Museum,The true plate of Hus and Jerome / among the Bohemians / illustration from 'Acts and Monuments' by John Foxe / ninth edition / pub. 1684 (litho) / English School / (17th century) / History of Art Museum / Sergiyev Posad / Russia / The Stapleton Collection / Bridg,,,imgs/1684_RUS__1005.jpg,gaumy
1006,Francisco Ricci,Auto da Fé in 1656,1656-01-01,1656-12-31,11.03.2015,3,1,13,,www.bridgemanimages.com,,ESP,Spain,Spain / Toledo / Casa y museo del Greco,Auto de Fé in 1656 (oil on canvas) / Rizi or Ricci / Francisco (1608-85) / Casa y Museo del Greco / Toledo / Spain / Index / Bridgeman Images,,,imgs/1656_ESP__1006.jpg,gaumy
1007,English school,Tyrconnel arming the Papists in ireland,1600-01-01,1700-12-31,11.03.2015,1,8,5,,www.bridgemanimages.com,,GBR,England,Private collection,Tyrconnel Arming the Papists in Ireland / anti-catholic playing card commemorating the Glorious Revolution of 1688 (engraving) (see 115649) / English School / (17th century) / Private Collection / Bridgeman Images,,,imgs/1600_GBR__1007.jpg,gaumy
1008,Jean Bernard Chalette,Allégorie de la révolte du Papier timbré (Allegory about the Breton Stamped tax revolt),1676-01-01,1676-12-31,11.03.2015,3,1,6,,www.photo.rmn.fr,,FRA,France,France / Rennes / Musée des Beaux-Arts,Photo (C) MBA / Rennes / Dist. RMN-Grand Palais / Adélaïde Beaudoin,www.photo.rmn.fr,http://www.franceculture.fr/emission-la-fabrique-de-l-histoire-images-de-la-revolte-24-c-est-une-revolte-non-sire-c-est-une-alle (in French),imgs/1676_FRA__1008.jpg,gaumy
1009,french school,royal Almanach for 1671  : mirror of the virtues,1671-01-01,1671-12-31,11.03.2015,1,1,6,,www.photo.rmn.fr,,FRA,France / chez la veuve Regnesson à Paris,Versailles / châteaux de Versailles et de Trianon,Photo (C) RMN-Grand Palais (Château de Versailles) / Franck Raux,,,imgs/1671_FRA__1009.jpg,gaumy
1010,English school (Henry Overton and J. Hoole),the marriage / wars / suffering and death of Charles the First,1600-01-01,1700-12-31,11.03.2015,1,1,5,,www.bridgemanimages.com,,GBR,England,Private collection,The Marriage / Wars / Suffering and Death of the Royal Martyr / King Charles the First / printed by Henry Overton and J. Hoole (engraving) (b&w photo) / English School / (17th century) / Private Collection / Bridgeman Images,,,imgs/1600_GBR__1010.jpg,gaumy
1011,Jacques Callot / Israel Silvestre,la revanche des paysans (peasants revenge),1633-01-01,1633-12-31,11.03.2015,1,1,1,n° inventory 99.RG.35,www.photo.rmn.fr,,FRA,France / Lorraine,Musée d'Unterlinden,Photo (C) Musée d’Unterlinden / Dist. RMN-Grand Palais / Christian Kempf,,,imgs/1633_FRA__1011.jpg,gaumy
1012,Unknown,revolt of Caboche / may 1413,1484-01-01,1484-12-31,11.03.2015,2,5,6,n° inventory Français 5054 folio 8verso,www.photo.rmn.fr,reference ID 13-525652,FRA,Paris,Bibliothèque nationale de France,Photo (C) BnF / Dist. RMN-Grand Palais / image BnF,,,imgs/1484_FRA__1012.jpg,gaumy
1013,french school,murders of peasants,1465-01-01,1465-12-31,11.03.2015,2,5,6,,www.bridgemanimages.com,reference ID CHT370250,FRA,France,,Ms 860/401 f.1 Murders of the villagers and peasants / from the prologue to 'Cas des Nobles Hommes et Femmes' by Giovanni Boccaccio / translated by Laurent de Premierfait / 1465 (vellum) (see also 175018) / French School / (15th century) / Musee Conde / Chantil,,,imgs/1465_FRA__1013.jpg,gaumy
1014,italian school,portrait of tsar Alexei Mikhailovich / 1629-1676,1600-01-01,1700-12-31,11.03.2015,3,1,7,,www.bridgemanimages.com,reference ID DSA 148315,UKR,Italia,Ukraine / Odessa fine arts museum,© Odessa Fine Arts Museum / Ukraine / Bridgeman Images,,,imgs/1600_UKR__1014.jpg,gaumy
1015,English school,oliver cromwell,1659-01-01,1659-12-31,11.03.2015,1,6,5,,www.bridgemanimages.com,reference ID BL748282,GBR,England,London / British library,© British Library Board. All Rights Reserved / Bridgeman Images,,,imgs/1659_GBR__1015.jpg,gaumy
1016,English school (after),Oliver Cromwell preaching to a puritan congregation,01.01.1910,12/31/1910,11.03.2015,1,5,5,,www.bridgemanimages.com,reference ID STC 393405,GBR,England,Private collection,Oliver Cromwell preaching to a puritan congregation / illustration from 'The Church of England: A History for the People' by H.D.M. Spence-Jones / pub. c.1910 (litho) (sepia photo) / English School / (17th century) (after) / Private Collection / The Stapleton,,,imgs/1910_GBR__1016.jpg,gaumy
1017,English school,the army entering the city,1600-01-01,1700-12-31,11.03.2015,1,1,5,,www.bridgemanimages.com,reference ID XJF 265598,GBR,England,Private collection,The Army Entering the City' (engraving) (b/w photo) / English School / (17th century) / Private Collection / Bridgeman Images,,,imgs/1600_GBR__1017.jpg,gaumy
1018,English school,a cluster of coxcombes,1642-01-01,1642-12-31,11.03.2015,1,1,1,from the Thomason collection of civil war tracts,www.bridgemanimages.com,reference ID XJF 347907,GBR,England,London / British library,A Cluster of Coxcombes' by John Taylor / printed in 1642 (woodcut) / English School / (17th century) / British Library / London / UK / Bridgeman Images,,,imgs/1642_GBR__1018.jpg,gaumy
1019,Wenceslaus Hollar,Map of Civil War England and a view of Prague,1632-01-01,1632-12-31,11.03.2015,1,1,5,,www.bridgemanimages.com,reference ID XJF 273150,GBR,England,Private collection,Map of Civil War England and a view of Prague / 1632 (engraving) (b/w photo) / Hollar / Wenceslaus (1607-77) / Private Collection / Bridgeman Images,,,imgs/1632_GBR__1019.jpg,gaumy
1020,Unknown,Stepan Radzin / cossack,1600-01-01,1800-12-31,11.04.2015,1,1,1,Album Louis-Philippe,www.photo.rmn.fr,LP 34.26.4,FRA,Unknown,Versailles / châteaux de Versailles et de Trianon,(C) Château de Versailles / Dist. RMN-Grand Palais / image château de Versailles,,,imgs/1600_FRA__1020.jpg,gaumy
1021,Van Merlen editor,Tomaso Aniello d'Amalfi / Masaniello,1600-01-01,1700-12-31,11.04.2015,1,1,6,album Louis-Philippe,www.photo.rmn.fr,LP 28.124.4,FRA,Unknown,Versailles / châteaux de Versailles et de Trianon,(C) Château de Versailles / Dist. RMN-Grand Palais / image château de Versailles,,,imgs/1600_FRA__1021.jpg,gaumy
1022,Unknown,Tomaso Aniello d'Amalfi / Masaniello,1600-01-01,1700-12-31,11.04.2015,1,1,6,album Louis-Philippe,www.photo.rmn.fr,LP 28.124.3,FRA,Unknown,Versailles / châteaux de Versailles et de Trianon,(C) Château de Versailles / Dist. RMN-Grand Palais / image château de Versailles,,,imgs/1600_FRA__1022.jpg,gaumy
1023,after Jacob Bruynel,execution of the counts Frankopan / Nàdasdy and Zrinski,1600-01-01,1700-12-31,11.04.2015,1,1,12,album Louis-philippe,www.photo.rmn.fr,LP 34.27.3,FRA,Unknown,Versailles / châteaux de Versailles et de Trianon,(C) Château de Versailles / Dist. RMN-Grand Palais / image château de Versailles,,,imgs/1600_FRA__1023.jpg,gaumy
1024,German school,The Spanish Inquisition,1500-01-01,1599-12-31,11.04.2015,1,1,2,,www.bridgemanimages.com,reference ID XIR 163791,DEU,Germany,Bibliothèque nationale de France,The Spanish Inquisition (engraving) (b/w photo) / German School / (16th century) / Bibliotheque Nationale / Paris / France / Bridgeman Images,,,imgs/1500_DEU__1024.jpg,gaumy
1025,Christoffel van Sichem the elder,Portrait of François Ravaillac,1610-01-01,1624-12-31,11.04.2015,1,1,6,,www.bridgemanimages.com,reference ID XIR 158610,FRA,,Bibliothèque nationale de France,Portrait of Francois Ravaillac / the assassin of Henri IV (1553-1610) (engraving) (b/w photo) / Sichem / Christoffel van the Elder (1546-1624) / Bibliotheque Nationale / Paris / France / Bridgeman Images,,,imgs/1610_FRA__1025.jpg,gaumy
1027,Franz Hogenberg,execution of Jean de Poltrot / sieur de Méré / 18th marc / 1563,1500-01-01,1599-12-31,11.04.2015,1,1,12,coloured engraving,www.bridgemanimages.com,reference ID CHT370250,FRA,Netherlands,Bibliothèque nationale de France,Execution of Jean de Poltrot / Sieur de Mere / on 18th March / 1563 (coloured engraving) / Hogenberg / Franz (1540-c.1590) / Bibliotheque Nationale / Paris / France / Archives Charmet / Bridgeman Images,,,imgs/1500_FRA__1027.jpg,gaumy
1028,German school,execution of François Ravaillac,1600-01-01,1700-12-31,11.04.2015,1,1,2,,www.bridgemanimages.com,reference ID CHT 346389,FRA,Germany,France / Paris / Bibliothèque des Arts décoratifs,Execution of Francois Ravaillac / the assassin of King Henri IV / 1610 (engraving) (b/w photo) / German School / (17th century) / Bibliotheque des Arts Decoratifs / Paris / France / Archives Charmet / Bridgeman Images,,,imgs/1600_FRA__1028.jpg,gaumy
1029,English school,Titus Oates in the Pillory / 1687,1687-01-01,1699-12-31,11.04.2015,3,1,13,,www.bridgemanimages.com,5376,GBR,England,UK / Museum of London,© Museum of London / UK / Bridgeman Images,,,imgs/1687_GBR__1029.jpg,gaumy
1030,Unknown,James Scott / duke of Monmouth and Buccleuh,1600-01-01,1700-12-31,11.04.2015,3,1,13,,Wikipedia,,GBR,England,London / National Gallery,,,,imgs/1600_GBR__1030.jpg,gaumy
1031,English school,The martyrdom of Thomas Cranmer,1563-01-01,1563-12-31,11.05.2015,1,5,5,,www.bridgemanimages.com,,GBR,England,,Universal History Archive/UIG / Bridgeman Images,,reference ID : UIG527571,imgs/1563_GBR__1031.jpg,gaumy
1032,English school,execution of a man / probably king Charles I,1600-01-01,1700-12-31,11.05.2015,1,1,13,,www.bridgemanimages.com,,GBR,England,Private collection,© Look and Learn / Bernard Platman Antiquarian Collection / Bridgeman Images,,reference ID : LLP728821,imgs/1600_GBR__1032.jpg,gaumy
1033,Nicolas Claes Jansz Visscher,the Death of the Gunpowder conspirators / 31st january 1606,1606-01-01,1606-12-31,11.05.2015,1,1,13,,www.bridgemanimages.com,,GBR,Dutch,Private collection,The Death of the Gunpowder Conspirators / 31st January 1606 (engraving) (b/w photo) / Visscher / Nicolaes (Claes) Jansz (1586-1652) / Private Collection / Bridgeman Images,,reference ID XJF129870pen and ink on paper,imgs/1606_GBR__1033.jpg,gaumy
1034,Claude Callot,torture on the wheel,1600-01-01,1700-12-31,11.05.2015,3,1,13,after the engraving of Jacques Callot,www.bridgemanimages.com,,FRA,France,France / Clermont-Ferrand / Musée Bargoin,Torture on The Wheel / from the 'Miseries and Misfortunes of War' series / after the original painting by Jacques Callot (1592-1635) (oil on canvas) / Callot / Claude (1620-86) / Musee Bargoin / Clermont-Ferrand / France / Bridgeman Images,,XIR170432,imgs/1600_FRA__1034.jpg,gaumy
1035,Jacques Callot / Israel Henriet,the wheel / plate 14,1633-01-01,1633-12-31,11.05.2015,1,1,6,,www.bridgemanimages.com,,FRA,France,France / Paris / collection Grosjean,The Wheel / plate 14 from 'The Miseries and Misfortunes of War' / engraved by Israel Henriet (c.1590-1661) 1633 (engraving) (b/w photo) / Callot / Jacques (1592-1635) (after) / Grosjean Collection / Paris / France / Bridgeman Images,,reference ID : XIR172410,imgs/1633_FRA__1035.jpg,gaumy
1036,English school,prisoners in the lollards' tower,1563-01-01,1563-12-31,11.05.2015,1,5,5,,www.bridgemanimages.com,,FRA,England,Private collection,Prisoners in the Lollards' Tower / from 'Acts and Monuments' by John Foxe (1516-87) 1563 (woodcut) / English School / (16th century) / Private Collection / Bridgeman Images,,reference IX XJF105821,imgs/1563_FRA__1036.jpg,gaumy
1037,Unknown,death of Wat Tyler,1385-01-01,1400-12-31,11.05.2015,2,5,6,,www.nationalarchives.gov.uk,,GBR,France,London / British library,,(c) British Library,Royal Ms 18.E.i-ii fol. 175,imgs/1385_GBR__1037.jpg,gaumy
1038,Pierre Giffart and Sebastien Le Clerc / after Jacques Callot,the Pyre / palte 13,1600-01-01,1700-12-31,11.05.2015,1,1,6,,www.bridgemanimages.com,,FRA,France,Bibliothèque nationale de France,The Pyre / plate 13 of 'The Miseries and Misfortunes of War' / Fructus Belli / engraved by Pierre Giffart (1638-1723) and Sebastien Le Clerc (1637-1714) (engraving) / Callot / Jacques (1592-1635) (after) / Bibliotheque Nationale / Paris / France / Bridgeman Imag,,reference ID XIR170431,imgs/1600_FRA__1038.jpg,gaumy
1039,Jean Fouquet,supplication of the heretics suppoters of Amaury of Chartres,1400-01-01,1499-12-31,11.05.2015,2,1,6,,www.bridgemanimages.com,,FRA,France,Bibliothèque nationale de France,Fr 6465 f.236 Supplication of the heretics (vellum) (see also 161701) / Fouquet / Jean (c.1420-80) / Bibliotheque Nationale / Paris / France / Bridgeman Images,,reference ID BAL51339manuscrit Fr 6465 fol 236,imgs/1400_FRA__1039.jpg,gaumy
1040,alessandro Magnasco,a court of the Inquisition,1710-01-01,1720-12-31,11.05.2015,3,1,13,,www.bridgemanimages.com,,ITA,italy,Vienna / Kunsthistorisches Museum,A Court of the Inquisition / c.1710-20 / Magnasco / Alessandro (1667-1749) / Kunsthistorisches Museum / Vienna / Austria / Bridgeman Images,,reference ID XAM74839,imgs/1710_ITA__1040.jpg,gaumy
1041,Unknown,spanish soldiers killing Protestants in Haarlem,1500-01-01,1600-12-31,11.05.2015,1,1,3,,www.bridgemanimages.com,,NLD,Unknown,Private collection,Spanish Soldiers killing Protestants in Haarlem / c.1567 (colour engraving) / / Private Collection / Bridgeman Images,,reference ID XCF282098,imgs/1500_NLD__1041.jpg,gaumy
1042,Claude Callot,the hanging,1600-01-01,1700-12-31,11.05.2015,3,1,13,,www.bridgemanimages.com,,FRA,France,France / Clermont-Ferrand / Musée Bargoin,The Hanging / from the 'Miseries and Misfortunes of War' series / after the original painting by Jacques Callot (1592-1635) (oil on canvas) / Callot / Claude (1620-86) / Musee Bargoin / Clermont-Ferrand / France / Bridgeman Images,,reference ID XIR170433,imgs/1600_FRA__1042.jpg,gaumy
1043,English school,a discovery of the most dangerous and damnable tenets that have been spread within this few,1647-01-01,1647-12-31,11.06.2015,1,1,5,,www.bridgemanimages.com,,GBR,England,Private collection,A Discovery of the Most Dangerous and Damnable Tenets that have been spread within this few' / published in 1647 (woodcut) / English School / (17th century) / Private Collection / Bridgeman Images,,XJF347916,imgs/1647_GBR__1043.jpg,gaumy
1044,English school,the house of commons,1648-01-01,1648-12-31,11.06.2015,1,1,1,,www.bridgemanimages.com,,GBR,England,Private collection,The House of Commons / from a 1648 print (litho) / English School / (17th century) (after) / Private Collection / The Stapleton Collection / Bridgeman Images,,stc476882,imgs/1648_GBR__1044.jpg,gaumy
1045,English school (after),true information on the beginning and cause of all our troubles,01.01.1910,12/31/1910,11.06.2015,1,1,5,,www.bridgemanimages.com,,GBR,England,Private collection,True information on the beginning and cause of all our troubles: how hatched and how prevented' / from a puritan pamphlet / 1648 / illustration from 'The Church of England: A History for the People' by H.D.M. Spence-Jones / pub. c.1910 (litho) (sepia photo) / ,,,imgs/1910_GBR__1045.jpg,gaumy
1046,English school,incident during Tyrone's rebellion at Portadown,1641-01-01,1642-12-31,11.06.2015,1,1,5,,www.bridgemanimages.com,,GBR,England,Private collection,Incident During Tyrone's Rebellion at Portadown / in 1641-42 (engraving) / English School / (17th century) / Private Collection / Bridgeman Images,,,imgs/1641_GBR__1046.jpg,gaumy
1047,William Hogarth,Burning ye rumps at temple-barr,1726-01-01,1726-12-31,11.06.2015,1,1,5,,www.bridgemanimages.com,,GBR,England,Private collection,Burning ye Rumps at Temple-Barr / 1726 (engraving) / Hogarth / William (1697-1764) / Private Collection / Bridgeman Images,,reference ID XJF393897,imgs/1726_GBR__1047.jpg,gaumy
1048,English school,Irish Catholics torturing english protestants,1600-01-01,1700-12-31,11.06.2015,1,1,5,reference ID XJF130610,www.bridgemanimages.com,,GBR,England,Private collection,Irish Catholics Torturing English Protestants (engraving) (b/w photo) / English School / (17th century) / Private Collection / Bridgeman Images,,,imgs/1600_GBR__1048.jpg,gaumy
1049,English school (after),The Pulling down of the Cheapside Cross,1809-01-01,1809-12-31,11.06.2015,1,1,5,,www.bridgemanimages.com,,GBR,England,Private collection,The pulling down of the Cheapside Cross by iconoclasts and puritans / and the burning of the Book of Sports at the same sport the following Sunday in May 1643 / 1809 (engraving) / English School / (17th century) (after) / Private Collection / The Stapleton Co,,reference ID STC165915,imgs/1809_GBR__1049.jpg,gaumy
1050,Unknown,battle tree,1461-01-01,1461-12-31,11.12.2015,2,1,6,ms 9079 / fol 10v,http://www.dbnl.org/tekst/prev002prin01_01/,,BEL,France / Burgundy,Bruxelles / Koninklijk bibliotheek van Belgie,,,,imgs/1461_BEL__1050.gif,gaumy
1051,Unknown,execution of men,1460-01-01,1460-12-31,11.12.2015,2,5,13,cod 2771 / fol 176v,http://www.dbnl.org/tekst/prev002prin01_01/,,NLD,Utrecht,Wien / Osterreischische national bibliotheek,,,,imgs/1460_NLD__1051.gif,gaumy
1052,Unknown,execution of the murderers of Darius,1460-01-01,1460-12-31,11.12.2015,2,5,13,cod 2771 fol 332,http://www.dbnl.org/tekst/prev002prin01_01/,,NLD,Utrecht,Wien / Osterreischische national bibliotheek,,,,imgs/1460_NLD__1052.gif,gaumy
1053,Unknown,execution of a man in a city,1450-01-01,1450-12-31,11.12.2015,2,5,6,ms 9231 / fol 90v,http://www.dbnl.org/tekst/prev002prin01_01/,,BEL,,Bruxelles / Koninklijk bibliotheek van Belgie,,,,imgs/1450_BEL__1053.gif,gaumy
1054,Unknown,agression of a man by four others,1479-01-01,1479-12-31,11.12.2015,2,5,1,ms 72 fol 314,http://www.dbnl.org/tekst/prev002prin01_01/,,BEL,Gand,Ghent / universiteitscbibliotheek,,,,imgs/1479_BEL__1054.gif,gaumy
1055,Unknown,Gavere Battle 1453,1453-01-01,1453-12-31,11.12.2015,2,5,1,cod 2583 / fol. 340,http://www.dbnl.org/tekst/prev002prin01_01/,,AUT,France / Burgundy,Wien / Osterreischische national bibliotheek,,,,imgs/1453_AUT__1055.gif,gaumy
1056,master of Mary of Burgundy,massacre in a city,1477-01-01,1477-12-31,11.12.2015,2,5,6,ms 659,,,GBR,France / Burgundy,Wells next the Sea / the Holkham estate trustees,,,,imgs/1477_GBR__1056.gif,gaumy
1057,Unknown,Gavere Battle 1453,1453-01-01,1453-12-31,11.12.2015,2,5,1,cod. 2583 / fol. 349v,http://www.dbnl.org/tekst/prev002prin01_01/,,AUT,France,Wien / Osterreischische national bibliotheek,,,,imgs/1453_AUT__1057.gif,gaumy
1058,Unknown,battle in front of the doors of a Flemish city,1488-01-01,1488-12-31,11.12.2015,2,5,1,ms 9 fol 244v,http://www.dbnl.org/tekst/prev002prin01_01/,,BEL,Brugge,Ghent / cathedral / treasure,,,,imgs/1488_BEL__1058.gif,gaumy
1059,Unknown,comment deux notables bourgois de Gand furent cause que les gantois (se revolterent?),1464-01-01,1464-12-31,11.12.2015,2,5,6,Breslauer Froissart / Band ii / fol. 402,,,DEU,Flemish,Berlijn / Staatsbibliothek smpk / Depot Breslau,,,,imgs/1464_DEU__1059.gif,gaumy
1060,Unknown,Jean de Heyle and the inhabitants of Ghent,1475-01-01,1475-12-31,11/13/2015,2,5,6,fr 2644 / fol. 346,http://expositions.bnf.fr/flamands/grand/fr_2644_346.htm,,FRA,Brugge,Bibliothèque nationale de France,,,,imgs/1475_FRA__1060.jpg,gaumy
1061,Unknown,Louis II of Male and the Ghent people,1475-01-01,1475-12-31,11/13/2015,2,5,6,fr 2644 / fol 81v,http://expositions.bnf.fr/flamands/grand/fr_2644_081v.htm,,FRA,Brugge,Bibliothèque nationale de France,bibliothèque nationale de France,,,imgs/1475_FRA__1061.jpg,gaumy
1062,Unknown,Ghent revolt,1400-01-01,1500-12-31,11/13/2015,2,5,6,,http://www.histoire-fr.com/valois_philippe6_et_jean2_1.htm,,FRA,,,,,,imgs/1400_FRA__1062.gif,gaumy
1063,Unknown,Cassel battle,1400-01-01,1500-12-31,11/16/2015,2,5,1,,http://www.histoire-fr.com/valois_philippe6_et_jean2_1.htm,,FRA,,Bibliothèque nationale de France,,,,imgs/1400_FRA__1063.gif,gaumy
1064,Jean Wavrin,assassination of Jacques Van Artevelde,1400-01-01,1500-12-31,11/16/2015,2,5,6,,http://www.histoire-fr.com/valois_philippe6_et_jean2_1.htm,,BEL,belgium,,,,,imgs/1400_BEL__1064.gif,gaumy
1065,Unknown,assassination of the french marshals,1300-01-01,1400-12-31,11/16/2015,2,5,1,,http://www.histoire-fr.com/valois_philippe6_et_jean2_2.htm,,FRA,France,,,,,imgs/1300_FRA__1065.gif,gaumy
1066,Unknown,defeat of the,1400-01-01,1500-12-31,11/16/2015,2,5,6,ms Fr 2643 / fol. 226v,http://www.histoire-fr.com/valois_philippe6_et_jean2_2.htm,,FRA,France,Bibliothèque nationale de France,,,,imgs/1400_FRA__1066.gif,gaumy
1067,Unknown,assassination of Etienne Marcel in july 1358,1400-01-01,1500-12-31,11/16/2015,2,5,6,fr 2643 / fol. 230,gallica.bnf.fr,,FRA,France,Bibliothèque nationale de France,,,,imgs/1400_FRA__1067.png,gaumy
1068,Jean Fouquet,return and entry of charles V of France in Paris / in 1359,1400-01-01,1500-12-31,11/16/2015,2,5,6,,http://www.histoire-fr.com/valois_philippe6_et_jean2_2.htm,,FRA,France,,,,,imgs/1400_FRA__1068.gif,gaumy
1069,Unknown,Brugge taken by the bourgeois of Ghent in 1382,1400-01-01,1500-12-31,11/16/2015,2,5,6,,http://www.histoire-fr.com/valois_charles6_1.htm,,FRA,France,,,,,imgs/1400_FRA__1069.gif,gaumy
1070,Unknown,Roosebeke battle in 1382,1400-01-01,1500-12-31,11/16/2015,2,5,6,,http://www.histoire-fr.com/valois_charles6_1.htm,,FRA,France,,,,,imgs/1400_FRA__1070.gif,gaumy
1071,Unknown,surrender of Brugge in 1382,1400-01-01,1500-12-31,11/16/2015,2,5,6,,http://www.histoire-fr.com/valois_charles6_1.htm,,FRA,France,,,,,imgs/1400_FRA__1071.gif,gaumy
1072,Unknown,flight of Richard II in front of Wat Tyler in 1381,1400-01-01,1500-12-31,11/16/2015,2,5,6,fr 2644 / fol. 154v,http://www.histoire-fr.com/valois_charles6_1.htm,,FRA,France,Bibliothèque nationale de France,,,,imgs/1400_FRA__1072.gif,gaumy
1073,Unknown,death of Wat Tyler in 1381,1400-01-01,1500-12-31,11/16/2015,2,5,1,fr 2644 / fol. 159,http://www.histoire-fr.com/valois_charles6_1.htm,,FRA,France,Bibliothèque nationale de France,,,,imgs/1400_FRA__1073.gif,gaumy
1074,Unknown,hat badge for the Dauphin's men,1413-01-01,1413-12-31,11/16/2015,10,9,13,,http://www.histoire-fr.com/valois_charles6_2.htm,,FRA,Paris,Paris / musée de Cluny,,,,imgs/1413_FRA__1074.gif,gaumy
1075,unknown,entry of the Bourguignons people in Paris,1400-01-01,1500-12-31,11/16/2015,2,5,6,,http://www.histoire-fr.com/valois_charles6_2.htm,,FRA,France,,,,,imgs/1400_FRA__1075.gif,gaumy
1076,Unknown,massacres of the Armagnacs people by the Bourguignons men in 1418,1400-01-01,1500-12-31,11/16/2015,2,5,6,,http://www.histoire-fr.com/valois_charles6_2.htm,,FRA,France,,,,,imgs/1400_FRA__1076.gif,gaumy
1077,Unknown,assassination of Jean the Bold at Montereau / in 1419,1400-01-01,1500-12-31,11/16/2015,2,5,13,,http://www.histoire-fr.com/valois_charles6_2.htm,,FRA,,,,,,imgs/1400_FRA__1077.gif,gaumy
1078,Unknown,Louis / future Louis XI of France / leading the army against the Swiss people,1400-01-01,1500-12-31,11/16/2015,2,5,6,,http://www.histoire-fr.com/valois_charles7_3.htm,,FRA,,,,,,imgs/1400_FRA__1078.gif,gaumy
1079,Matthieu d'Escouchy,Louis / future Louis XI of France / leading the army against the Swiss people,1400-01-01,1500-12-31,11/16/2015,2,5,6,,http://www.histoire-fr.com/valois_louis11_1.htm,,FRA,Brugge,,,,,imgs/1400_FRA__1079.gif,gaumy
1080,Unknown,Maillotins' revolt / Paris / 1382,1400-01-01,1500-12-31,11/16/2015,2,5,1,,https://www.bridgemanimages.com/fr/asset/190547,,FRA,France,Besançon / bibliothèque municipale,,,,imgs/1400_FRA__1080.jpg,gaumy
1081,Unknown,Maillotins' revolt / Paris / 1382,1400-01-01,1500-12-31,11/16/2015,2,5,6,,Wikipedia,,FRA,,,,,,imgs/1400_FRA__1081.png,gaumy
1082,Unknown,entry of Charles Vi in Paris in 1383 after Roosebeke and the maillotins' revolt,1400-01-01,1500-12-31,11/16/2015,2,5,6,,Wikipedia,,FRA,France,Bibliothèque nationale de France,,,,imgs/1400_FRA__1082.jpg,gaumy
1083,Unknown,Battle of Meaux,1400-01-01,1500-12-31,11/17/2015,2,5,6,,https://commons.wikimedia.org/wiki/File:Battle_of_Meaux.png,,FRA,France,New York / Morgan Library,,,,imgs/1400_FRA__1083.png,gaumy
1084,Unknown,maillotins' revolt / Paris / 1382,1400-01-01,1500-12-31,11/17/2015,2,5,13,,Wikipedia,,FRA,,,,,,imgs/1400_FRA__1084.jpg,gaumy
1085,Unknown,battle of Cassel,1401-01-01,1500-12-31,11/17/2015,2,5,6,Fr 2643 / fol. 28v,gallica.bnf.fr,,FRA,France,Bibliothèque nationale de France,,,,imgs/1401_FRA__1085.png,gaumy
1086,Unknown,journeymen of Ghent plundering the cities of Alost / Tendermonde and Grandmont,1400-01-01,1500-12-31,11/17/2015,2,5,6,fr 2644 / fol. 135,gallica.bnf.fr,,FRA,France,Bibliothèque nationale de France,,,,imgs/1400_FRA__1086.png,gaumy
1087,Unknown,how the white Hoods of Ghent killed Enmy le Marchié / baillif,1400-01-01,1500-12-31,11/17/2015,2,5,6,mss 865 / fol. 15v,http://www.hrionline.ac.uk/onlinefroissart,,FRA,,Besançon / Bibliothèque municipale,bibliothèque municipale de Besançon / scriptura ltd and the university of Sheffield,,,imgs/1400_FRA__1087.jpg,gaumy
1088,Unknown,battle of Beverhoutsveld / 1382,1400-01-01,1500-12-31,11/17/2015,2,5,6,865 / fol. 103,http://www.hrionline.ac.uk/onlinefroissart,,FRA,France,Besançon / Bibliothèque municipale,bibliothèque municipale de Besançon / scriptura ltd and the university of Sheffield,,,imgs/1400_FRA__1088.jpg,gaumy
1089,Unknown,battle of Roosebeke / 1382,1400-01-01,1500-12-31,11/17/2015,2,5,6,865 / fol. 133v,http://www.hrionline.ac.uk/onlinefroissart,,FRA,France,Besançon / Bibliothèque municipale,,,,imgs/1400_FRA__1089.jpg,gaumy
1090,Unknown,defeat of the flemish rebels against French armies,1400-01-01,1500-12-31,11/17/2015,2,5,6,IV 251 / fol. 24v volume I,http://www.hrionline.ac.uk/onlinefroissart,,FRA,France,Bruxelles / Koninklijk bibliotheek van Belgie,bibliothèque royale de Belgique / scriptura ltd and the university of Sheffield,,,imgs/1400_FRA__1090.jpg,gaumy
1091,Unknown,defeat of the Jacques people in june 1358,1400-01-01,1500-12-31,11/17/2015,2,5,6,ms 1 / fol. 180v,http://www.hrionline.ac.uk/onlinefroissart,,FRA,France,Stonyhurst College / Arundel library,Stonyhurst college / scriptura ltd and the University of Sheffield,,,imgs/1400_FRA__1091.jpg,gaumy
1092,Unknown,defeat of the flemish rebels against French armies,1400-01-01,1500-12-31,11/17/2015,2,5,6,ms 72 A 25 / fol. 24,http://www.hrionline.ac.uk/onlinefroissart,,FRA,France,the Hague / Koninklijke bibliotheek,the Hague Library / royal library / Netherlands,,,imgs/1400_FRA__1092.jpg,gaumy
1093,Unknown,defeat of the Jacques people in front of Meaux in june 1358,1400-01-01,1500-12-31,11/17/2015,2,5,6,ms 511 / fol. 140,http://www.hrionline.ac.uk/onlinefroissart,,FRA,France,Toulouse / Bibliothèque d'Etude et du Patrimoine,Toulouse / bibliothèque d'étude et du patrimoine / scriptura ltd and the university of sheffield,,,imgs/1400_FRA__1093.jpg,gaumy
1094,Charles Beaubrun,la Grande Mademoiselle,1600-01-01,1699-12-31,11/23/2015,3,1,13,XIR165591,www.bridgemanimages.com,,FRA,France,Paris / musée de la ville de Paris / musée Carnavalet,,,,imgs/1600_FRA__1094.jpg,gaumy
1095,Ganière,les veux de la France au roy à son retour à Paris,1646-01-01,1649-12-31,11/23/2015,1,1,6,hennin 3558,gallica.bnf.fr,,FRA,France,Bibliothèque nationale de France,bibliothèque nationale de France,,,imgs/1646_FRA__1095.jpeg,gaumy
1096,Unknown,return of Louis XIV in Paris in 1652,1652-01-01,1652-12-31,11/23/2015,1,1,6,hennin 3655,gallica.bnf.fr,,FRA,France,Bibliothèque nationale de France,bibliothèque nationale de France,,,imgs/1652_FRA__1096.jpeg,gaumy
1097,Unknown,portrait of Louis XIV / with the city of Bordeaux, au fond une vue de la ville de Bordeaux,1640-01-01,11/23/2015 10:09,11/23/2015,1,1,6,hennin 3586,gallica.bnf.fr,,FRA,France,Bibliothèque nationale de France,bibliothèque nationale de France,,imgs/1640_FRA__1097.jpeg,
1098,Antoine Coquart,map of the battle of Saint-Antoine / 5 july 1652,1600-01-01,1700-12-31,11/23/2015,1,1,6,département des Cartes et plans / GE D-15462,gallica.bnf.fr,,FRA,France,Bibliothèque nationale de France,bibliothèque nationale de France,,,imgs/1600_FRA__1098.jpeg,gaumy
1099,Unknown,Portrait of Henry Burton / rector of st mathews Fryday-Street, illustration to Edward Ward's 'History of the Grand Rebellion' (1713),1713-01-01,11/23/2015 10:24,11/23/2015,1,5,5,n° 1868 /0808.1378,www.britishmuseum.org,,GBR,England,London / British Museum,,,imgs/1713_GBR__1099.jpg,
1100,Unknown,Portrait of John Coke, illustration to Edward Ward's 'History of the Grand Rebellion' (1713),1713-01-01,11/23/2015 10:27,11/23/2015,1,5,5,19.751.206 /80,www.britishmuseum.org,,GBR,England,London / British Museum,,,imgs/1713_GBR__1100.jpg,
1101,John Sturt after Michiel Jansz. Mierevelt,Portrait of Dudley Carleton / Viscount Dorchester, illustration to Edward Ward's 'History of the Grand Rebellion' (1713),1713-01-01,11/23/2015 10:40,11/23/2015,1,5,5,18.810.611 /33,www.britishmuseum.org,,GBR,England,London / British Museum,,,imgs/1713_GBR__1101.jpg,
1102,Michael van der Gucht after Cornelius Johnson,sr Thomas Coventry, illustration to Edward Ward's 'History of the Grand Rebellion' (1713),1713-01-01,11/23/2015 10:42,11/23/2015,1,5,5,P.3 89,www.britishmuseum.org,,GBR,England,London / British Museum,,,imgs/1713_GBR__1102.jpg,
1103,Unknown,het loos bedrog van engelandt,1652-01-01,1652-12-31,11/23/2015,1,1,3,18.680.808 /32,www.britishmuseum.org,,GBR,Holland,London / British Museum,,,,imgs/1652_GBR__1103.jpg,gaumy
1104,samuel bernard after Louis Testelin,retour de la paix,1648-01-01,1653-12-31,11/23/2015,1,1,6,18.701.008 /29,www.britishmuseum.org,,FRA,France,London / British Museum,,,,imgs/1648_FRA__1104.jpg,gaumy
1105,john Michael Wright,charles II,1600-01-01,1700-12-31,11/24/2015,3,1,13,roc 399127,www.bridgemanimages.com,,GBR,England,Royal Collection / Her majesty Quenn Elizabeth II,Royal Collection / Her majesty Quenn Elizabeth II,,,imgs/1600_GBR__1105.jpg,gaumy
1106,Dirck Stoop,Coronation Procession of Charles II to Westminster from the Tower of London / 22nd April 1661 / 1662,1662-01-01,1662-12-31,11/24/2015,3,1,13,mol 3107,www.bridgemanimages.com,,GBR,England,UK / Museum of London,© Museum of London / UK / Bridgeman Images,,,imgs/1662_GBR__1106.jpg,gaumy
1107,Anthony van Dyck,Charles I in three positions,1635-01-01,1635-12-31,11/24/2015,3,1,13,roc399108,www.bridgemanimages.com,,GBR,England,Royal Collection / Her majesty Quenn Elizabeth II,Royal Collection / Her majesty Quenn Elizabeth II,,,imgs/1635_GBR__1107.jpg,gaumy
1108,English school,Terrible and Bloudy Newes from the disloyall army,1648-01-01,1648-12-31,11/24/2015,1,1,5,BL1190756,www.bridgemanimages.com,,GBR,England,London / British library,© British Library Board. All Rights Reserved / Bridgeman Images,,,imgs/1648_GBR__1108.jpg,gaumy
1109,English school,A Portrayal of Titus Oates (1649-1705) as a Friend of England's Liberties Against Popery,1678-01-01,1700-12-31,11/24/2015,1,1,5,XJF105406,www.bridgemanimages.com,,GBR,England,Private collection,,,,imgs/1678_GBR__1109.jpg,gaumy
1110,Unknown,Battle of Sedgemoor / Westonzoyland / Somerset / England / 6 July 1685.,1685-01-01,1700-12-31,11/24/2015,1,1,13,UIG 527980,www.bridgemanimages.com,,GBR,England,Universal history archive,,,,imgs/1685_GBR__1110.jpg,gaumy
1111,English school,babel and bethel / or / the Pope in his colours,1679-01-01,1679-12-31,11/24/2015,1,1,5,XJF322563,www.bridgemanimages.com,,GBR,England,London / British Museum,,,,imgs/1679_GBR__1111.jpg,gaumy
1112,Joseph Tonneau,the Expulsion of the Fellows,1687-01-01,1687-12-31,11/24/2015,3,1,13,mco155388,www.bridgemanimages.com,,GBR,England,UK / Oxford / Magdalen College,,,,imgs/1687_GBR__1112.jpg,gaumy
1113,Cornelis Danckerts,popish plots and treasons from the beginning of the reign of Queen Elizabeth,1603-01-01,1656-12-31,11/24/2015,1,1,5,xjf108074,www.bridgemanimages.com,,GBR,England,Private collection,,,,imgs/1603_GBR__1113.jpg,gaumy
1114,English school,Playing cards commemorating the Rye House Plot to kill King Charles II in 1683,1683-01-01,1700-12-31,11/24/2015,1,8,5,xjf115656,www.bridgemanimages.com,,GBR,England,Private collection,,,,imgs/1683_GBR__1114.jpg,gaumy
1115,English school,popish plot,1588-01-01,1588-12-31,11/24/2015,1,1,5,sjf271608,www.bridgemanimages.com,,GBR,England,Private collection,,,,imgs/1588_GBR__1115.jpg,gaumy
1116,English school,several jesuits hanged for treason,1600-01-01,1700-12-31,11/24/2015,1,8,5,xjf476177,www.bridgemanimages.com,,GBR,England,London / British Museum,,,,imgs/1600_GBR__1116.jpg,gaumy
1117,English school,Rye house plot,1683-01-01,1700-12-31,11/24/2015,1,1,5,xjf106641,www.bridgemanimages.com,,GBR,England,Private collection,,,,imgs/1683_GBR__1117.jpg,gaumy
1118,R. Thompson after Thomas Hawker,portrait of Titus Oates,1650-01-01,1750-12-31,11/24/2015,1,1,1,xir214894,www.bridgemanimages.com,,GBR,England,Bibliothèque nationale de France,,,,imgs/1650_GBR__1118.jpg,gaumy
1119,English school,the church of England against the papacy,1600-01-01,1700-12-31,11/24/2015,1,1,5,xir131295,www.bridgemanimages.com,,GBR,England,Private collection,,,,imgs/1600_GBR__1119.jpg,gaumy
1120,François Bunel / circle of,procession of the Holy League,1590-01-01,1593-12-31,11/24/2015,3,1,13,xou231533,www.bridgemanimages.com,,FRA,France,Rouen / Musée des Beaux-Arts,,,,imgs/1590_FRA__1120.jpg,gaumy
1121,flemish school,The Persecution of English Catholics by Calvinist Protestants,1500-01-01,1600-12-31,11/24/2015,1,1,1,xir158890,www.bridgemanimages.com,,NLD,Flemish,Bibliothèque nationale de France,,,,imgs/1500_NLD__1121.jpg,gaumy
1122,English school,The Country's Complaint Recounting the Sad Events of the late Unparalleled Rebellion,1685-01-01,1685-12-31,11/25/2015,1,1,5,xjf153371,www.bridgemanimages.com,,GBR,England,Private collection,,,,imgs/1685_GBR__1122.jpg,gaumy
1123,English school,Thirty and Two Extremes of these times discovered and reduced to Sixteene golden meahnes...,1647-01-01,1647-12-31,11/25/2015,1,1,5,Thomason collection of civil war tractsxjf347914,www.bridgemanimages.com,,GBR,England,London / British library,,,,imgs/1647_GBR__1123.jpg,gaumy
1124,English school,gracious sovereign,1631-01-01,1631-12-31,11/25/2015,1,1,5,xjf347919,www.bridgemanimages.com,,GBR,England,Private collection,,,,imgs/1631_GBR__1124.jpg,gaumy
1125,dutch school,Page from a Dutch newspaper 'Hollandsche Mercurius' of 1653 / showing Oliver Cromwell (1599-1658),1653-01-01,1653-12-31,11/25/2015,1,1,3,uig527977,www.bridgemanimages.com,,NLD,Netherlands,,,,,imgs/1653_NLD__1125.jpg,gaumy
1126,English school,England's Ark Secured and the Enemies to the Parliament and Kingdom Overwhelmed,1645-01-01,1646-12-31,11/25/2015,1,1,5,AMO146335,www.bridgemanimages.com,,GBR,England,Oxford / Ashmolean Museum,,,,imgs/1645_GBR__1126.jpg,gaumy
1127,English school,Prince Rupert Hiding in a Bean field at the Battle of Marston Moor,1645-01-01,1645-12-31,11/25/2015,1,1,13,xjf206124,www.bridgemanimages.com,,GBR,England,Private collection,,,,imgs/1645_GBR__1127.jpg,gaumy
1128,English school,religions enemies,1641-01-01,1641-12-31,11/25/2015,1,1,5,xjf250711,www.bridgemanimages.com,,ARE,England,Private collection,,,,imgs/1641_ARE__1128.jpg,gaumy
1129,English school,Battle of Worcester / on 3rd september 1651,1660-01-01,1660-12-31,11/25/2015,1,1,13,xjf214507,www.bridgemanimages.com,,GBR,England,Private collection,,,,imgs/1660_GBR__1129.jpg,gaumy
1130,English school,Roundhead propaganda condemning the cruelties of the Cavaliers: Nehemiah Rides Out / 1644,1644-01-01,1644-12-31,11/25/2015,1,1,5,xjf206127,www.bridgemanimages.com,,GBR,England,Private collection,,,,imgs/1644_GBR__1130.jpg,gaumy
1131,Unknown,battle of Roosebeke / 1382,1400-01-01,1500-12-31,11/27/2015,2,5,6,ms fr 2664 / fol. 140,http://www.hrionline.ac.uk/onlinefroissart,,FRA,France,Bibliothèque nationale de France,,,,imgs/1400_FRA__1131.jpg,gaumy
1132,Unknown,defeat of Louis II of Maele and the Brugge people by the Ghent People / 1380,1400-01-01,1500-12-31,11/27/2015,2,5,6,ms fr 2664 / fl. 109v,http://www.hrionline.ac.uk/onlinefroissart,,FRA,France,Bibliothèque nationale de France,,,,imgs/1400_FRA__1132.jpg,gaumy
1133,Unknown,death of the bailiff by the white hoods of Ghent / 1379,1400-01-01,1500-12-31,11/27/2015,2,5,6,fr 2664 / fol. 16v,,,FRA,France,Bibliothèque nationale de France,,,,imgs/1400_FRA__1133.jpg,gaumy
1134,Unknown,royal cart trampling on rebellion,1662-01-01,1662-12-31,11/29/2015,1,1,6,réserve / FOL VE 53 (F),gallica.bnf.fr,,FRA,France,Bibliothèque nationale de France,,,Référence bibliographique : Destailleur Paris / t. 4 / 557,imgs/1662_FRA__1134.jpeg,gaumy
1135,Caspar Luyken / after Johann David Zunnern,revolt in Barcelona / 1640,1701-01-01,1701-12-31,11/29/2015,1,1,3,Van Eeghen 2766 RP-P-1896-A-19368-1959,www.rijskmuseum.nl,,NLD,Netherlands,Amsterdam / Rijksmuseum,,,,imgs/1701_NLD__1135.jpg,gaumy
1136,Caspar Luyken / after Johann David Zunnern,Martin de Vasconcelos is discovered and killed / 1640,1701-01-01,1701-12-31,11/29/2015,1,5,3,,www.rijskmuseum.nl,,NLD,Netherlands,Amsterdam / Rijksmuseum,,,,imgs/1701_NLD__1136.jpg,gaumy
1137,Caspar Luyken,beheading of Masaniello / 1647,1699-01-01,1699-12-31,11/29/2015,1,5,3,Boekillustratie,www.rijskmuseum.nl,,RP-P-1896-A-19368-1693,,Amsterdam / Rijksmuseum,NLD,,,imgs/1699_NLD__1137.jpg,gaumy
1138,Unknown,the church / forced to be armed against heretics and rebels,1709-01-01,1709-12-31,11/29/2015,1,1,6,réserve FOL-Qb-201 (82) / collection hennin,gallica.bnf.fr,,FRA,France,Bibliothèque nationale de France,,,,imgs/1709_FRA__1138.jpeg,gaumy
1139,Unknown,Portrait of Pugachev painted on portrait of Catherine II,1850-01-01,12/31/1900,11/30/2015,3,1,9,,Лозанова 251,,RUS,Russia,Исторический Музей / Москва,,,,imgs/1850_RUS__1139.jpg,m.griesse
1140,B.S.,Koala,01.01.2011,12/31/2015,12/16/2015,1,1,5,,,,AUS,,,,R.H.,,imgs/2011_AUS__1140.jpg,ub.konstanz1
1141,Hogenberg / Frans,Schmolenska,1610-01-01,1610-12-31,12/25/2015,1,1,2,,Düsseldorf : Universitäts- und Landesbibliothek / 2011,,DEU,,,,,,imgs/1610_DEU__1141.jpg,m.griesse
1142,George Bickham the Younger,The Stature / Dress / and Likeness of the Rebel Lords,1746-01-01,1746-12-31,12/31/2015,1,1,5,Great Britain,http://www.britishmuseum.org/research/collection_online/collection_object_details.aspx?objectId=3074251&partId=1&searchText=stature+and+dress&page=1,,GBR,London,British Museum / National Library of Scotland,Trustees of the British Museum / NLS,Trustees of the British Museum / NLS,,imgs/1746_GBR__1142.jpg,monika
1143,Unknown,Virtual Representation,1775-01-01,1775-12-31,12/31/2015,1,1,5,Great Britain / North America,http://www.britishmuseum.org/research/collection_online/collection_object_details.aspx?objectId=1452825&partId=1&searchText=virtual+representation&page=1,,GBR,Great Britain,British Museum London,Trustees of the British Museum,Trustees of the British Museum,,imgs/1775_GBR__1143.jpg,monika
1144,Unknown,To the public!,1774-01-01,1774-12-31,12/31/2015,1,1,5,,http://www.magnoliabox.com/art/253564/proclamation-informing-the-public-of-how-a-british-tea-ship-was,,USA,New York,diverse archives in North America,expired,© Bridgeman Art Library / Private Collection / Peter Newark American Pictures,,imgs/1774_USA__1144.jpg,monika
1145,Unknown,Important Intelligence!,1781-01-01,1781-12-31,12/31/2015,1,1,5,New England,www.bridgemanart.com,,USA,Boston / North America,diverse archives in North America,expired,© Bridgeman Art Library,,imgs/1781_USA__1145.jpg,monika
1146,Unknown,Great Encouragement for Seamen (American recruiting poster),1777-01-01,1777-12-31,12/31/2015,1,1,5,,http://www.seacoastnh.com/maritime-history/john-paul-jones/great-encouragement-for-seamen/,A high-resolution scan can be obtained via email: info@seacoastnh.com,USA,Danvers / North America,diverse archives in North America,expired,® 1996-2016 SeacoastNH.com,,imgs/1777_USA__1146.jpg,monika
1147,Unknown,Oliver Cromwell's Cabinet Councell,1700-01-01,1710-12-31,01.04.2016,1,5,5,Great Britain,Google Books,,GBR,England,British Library London,expired,British Library London,,imgs/1700_GBR__1147.jpg,monika
1148,Unknown,Fanatic Rebellion,1700-01-01,1710-12-31,01.04.2016,1,5,5,Great Britain,Google Books,,GBR,England,British Library London,expired,British Library London,,imgs/1700_GBR__1148.jpg,monika
1149,Unknown,The Westminster Calfs Head Club,1700-01-01,1710-12-31,01.04.2016,1,5,5,Great Britain,Google Books,,GBR,England,British Library London,expired,British Library London,,imgs/1700_GBR__1149.jpg,monika
1150,National 1798 Rebellion Centre,Rebellion: Liberty... or death,01.01.2014,12/31/2014,01.04.2016,13,1,5,,,,IRL,Enniscorthy / Co Wexford / Ireland,© 2014 National 1798 Rebellion Centre / Enniscorthy / Co Wexford / Ireland.,National 1798 Rebellion Centre,Monika Barget,,imgs/2014_IRL__1150.jpg,monika
1151,National 1798 Rebellion Centre,Tree of Liberty,01.01.2014,12/31/2014,01.04.2016,13,9,5,,,,IRL,Enniscorthy / Co Wexford / Ireland,© 2014 National 1798 Rebellion Centre / Enniscorthy / Co Wexford / Ireland.,National 1798 Rebellion Centre,Monika Barget,,imgs/2014_IRL__1151.jpg,monika
1152,National 1798 Rebellion Centre,Wax figure of General Lake,01.01.2014,12/31/2014,01.04.2016,13,9,5,,,,IRL,Enniscorthy / Co Wexford / Ireland,© 2014 National 1798 Rebellion Centre / Enniscorthy / Co Wexford / Ireland.,National 1798 Rebellion Centre,Monika Barget,,imgs/2014_IRL__1152.jpg,monika
1153,National 1798 Rebellion Centre,The Great Debate: Thomas Paine versus Edmund Burke,01.01.2014,12/31/2014,01.04.2016,13,9,5,,,,IRL,Enniscorthy / Co Wexford / Ireland,© 2014 National 1798 Rebellion Centre / Enniscorthy / Co Wexford / Ireland.,National 1798 Rebellion Centre,Monika Barget,,imgs/2014_IRL__1153.jpg,monika
1154,National 1798 Rebellion Centre,Bastille Day Celebration in Belfast,01.01.2014,12/31/2014,01.04.2016,13,9,5,,,,IRL,Enniscorthy / Co Wexford / Ireland,© 2014 National 1798 Rebellion Centre / Enniscorthy / Co Wexford / Ireland.,National 1798 Rebellion Centre,Monika Barget,,imgs/2014_IRL__1154.jpg,monika
1155,Unknown,Reverend James Wilkinson,1790-01-01,1800-12-31,1/21/2016,3,1,5,not circulated,http://www.bbc.co.uk/arts/yourpaintings/paintings/reverend-james-wilkinson-17301805-ma-70760,,GBR,Sheffield,Sheffield,Sheffield Magistrates' Court,Sheffield Magistrates' Court,,imgs/1790_GBR__1155.jpg,monika
1156,Unknown,Beheading of the rebel lords on Tower Hill,1715-01-01,1747-12-31,1/21/2016,1,1,5,,,,GBR,London,Wellcome Library London,Wellcome Library London,Wellcome Images,,imgs/1715_GBR__1156.jpg,monika
1157,Unknown,german Peasants'war 1524,1525-01-01,1525-12-31,2/18/2016,1,1,13,,http://www.alamy.com/stock-photo-german-peasants-war-1524-1525-peasants-with-flail-woodcut-from-a-flyer-60143384.html,,DEU,Germany,Unknown,© INTERFOTO / Alamy Stock Photo,,DDRNE0,imgs/1525_DEU__1157.jpg,gaumy
1158,Unknown,german Peasants'war 1524,1525-01-01,1525-12-31,2/18/2016,1,6,2,,http://www.alamy.com/stock-photo-german-peasants-revolt-1524-1526-twelve-articles-of-the-peasants-title-58403930.html,,DEU,Germany,Unknown,© INTERFOTO / Alamy Stock Photo,,DB0EPJ&nbsp,imgs/1525_DEU__1158.jpg,gaumy
1159,Unknown,german Peasants'war 1524,1525-01-01,1525-12-31,2/18/2016,1,6,2,DBOEPM,http://www.alamy.com/stock-photo-german-peasants-revolt-1524-1526-twelve-articles-of-the-peasants-title-58403932.html,,DEU,Germany,Unknown,© INTERFOTO / Alamy Stock Photo,,,imgs/1525_DEU__1159.jpg,gaumy
1160,Unknown,german Peasants'war 1524,1525-01-01,1525-12-31,2/18/2016,1,1,2,CP019F,http://www.alamy.com/stock-photo-events-german-peasants-war-1524-1526-peasant-army-on-the-march-in-47944219.html,,DEU,Germany,Unknown,© INTERFOTO / Alamy Stock Photo,,,imgs/1525_DEU__1160.jpg,gaumy
1161,Unknown,german Peasants'war 1524,1525-01-01,1525-12-31,2/18/2016,1,1,13,BKAKAE,http://www.alamy.com/stock-photo-events-german-peasants-war-1524-1526-peasant-agitator-woodcut-peasants-29123542.html,,DEU,Germany,Unknown,© INTERFOTO / Alamy Stock Photo,,,imgs/1525_DEU__1161.jpg,gaumy
1162,Petrarch master,castle of the pope,1517-01-01,1555-12-31,2/18/2016,1,1,13,BKAG36,http://www.alamy.com/stock-photo-events-protestant-reformation-1517-1555-peasant-uprisings-peasants-29120986.html,,ITA,Italy,Unknown,© INTERFOTO / Alamy Stock Photo,,,imgs/1517_ITA__1162.jpg,gaumy
1163,Petrarch master,a peasant drives a reeve off his farmstead,1524-01-01,1525-12-31,2/18/2016,1,1,13,BKAFXK,http://www.alamy.com/stock-photo-events-german-peasants-war-1524-1526-a-peasant-drives-a-reeve-off-29120859.html,,ITA,Italy,Unknown,© INTERFOTO / Alamy Stock Photo,,,imgs/1524_ITA__1163.jpg,gaumy
1164,Albrecht Durer,victory monument after vanquishing rebellious peasants,1525-01-01,1525-12-31,2/18/2016,1,5,2,,http://thecityasaproject.org/2012/07/the-measure-of-turmoil-durers-monument-to-the-vanquished-peasants/,,DEU,Germany,,,,http://thecityasaproject.org/2012/07/the-measure-of-turmoil-durers-monument-to-the-vanquished-peasants/,imgs/1525_DEU__1164.png,gaumy
1165,Unknown,german Peasants'war 1524,1525-01-01,1525-12-31,2/18/2016,1,1,13,BKAF9N,http://www.alamy.com/stock-photo-events-protestant-reformation-1517-1555-wodcut-with-an-illustration-29120385.html,,DEU,Germany,Unknown,© INTERFOTO / Alamy Stock Photo,,,imgs/1525_DEU__1165.jpg,gaumy
1166,Unknown,military peasant,1525-01-01,1525-12-31,2/18/2016,1,1,13,BKARPF,http://www.alamy.com/stock-photo-military-knights-knight-with-a-tied-shoe-on-his-lance-woodcut-14-29127015.html,,DEU,Germany,Unknown,© INTERFOTO / Alamy Stock Photo,,,imgs/1525_DEU__1166.jpg,gaumy
1167,Unknown,leaflet against the rebellious peasants,1525-01-01,1525-12-31,2/18/2016,1,1,2,BJW8AN,http://www.alamy.com/stock-photo-events-german-peasants-war-1524---1526-leaflet-against-the-rebel-28829549.html,,DEU,Germany,Unknown,© INTERFOTO / Alamy Stock Photo,,,imgs/1525_DEU__1167.jpg,gaumy
1168,Lucas Cranach,antipapal caricature,1545-01-01,1545-12-31,2/18/2016,1,1,2,1988/708.4,http://www.dhm.de/datenbank/dhm.php?seite=5&fld_0=GR102393,,DEU,Germany / Entstehungsland,deutsches historisches museum,Deutsches Historisches Museum,,,imgs/1545_DEU__1168.jpg,gaumy
1169,Lucas Cranach,the pope doctor in theology and master of the belief,1545-01-01,1545-12-31,2/18/2016,1,1,2,,http://headlesschicken.ca/eng204/texts/cranach/,,DEU,Germany,deutsches historisches museum,Deutsches Historisches Museum,,,imgs/1545_DEU__1169.jpg,gaumy
1170,Schoen Erhard,the siege of Munster,1500-01-01,1600-12-31,2/18/2016,1,1,2,,http://www.art-wallpaper.com/21657/Schoen+Erhard/The+siege+of+Munster?Width=1600&Height=1200,,DEU,Germany,Herzogliches museum / Gotha,herzogliches Museum Gotha,,,imgs/1500_DEU__1170.jpg,gaumy
1171,Peter Harrer,burning of Little jack Rohrbach / leader of te peasants during the wwar in Neckargartach,1551-01-01,1551-12-31,2/18/2016,1,5,2,Scanned from: Von Helibrunna nach Heilbronn / by Christard Schrenk / Stuttgart 1998 / https://commons.wikimedia.org/wiki/Special:BookSources/380621333X class=internal mw-magiclink-isbn>ISBN 3-8062-1333-X / p. 59,wikipedia,,DEU,Germany,Unknown,,,,imgs/1551_DEU__1171.jpg,gaumy
1172,Unknown,Flugschrift Das Königreich von Münster pamphlet the kingdom of Munster,1536-01-01,1536-12-31,2/18/2016,1,1,2,,wikipedia,,DEU,Germany,deutsches historisches museum,,,,imgs/1536_DEU__1172.jpg,gaumy
1173,unknown,Luther and the Bunschuh,1522-01-01,1522-12-31,2/18/2016,1,1,2,,http://www.crdp-strasbourg.fr/data/histoire/reforme/realite_sociale.php?parent=35,,DEU,Germany,Unknown,,,,imgs/1522_DEU__1173.jpg,gaumy
1174,Unknown,iconoclasm,1522-01-01,1522-12-31,2/18/2016,1,1,2,,http://www.crdp-strasbourg.fr/data/histoire/reforme/realite_sociale.php?parent=35,,DEU,Germany,,,,,imgs/1522_DEU__1174.jpg,gaumy
1175,Lucas Cranach,protestant propaganda,1517-01-01,1555-12-31,2/18/2016,1,1,1,,http://www.alamy.com/stock-photo-events-protestant-reformation-1517-1555-propaganda-cartoon-hic-oscula-29123481.html,,DEU,Germany,Unknown,© INTERFOTO / Alamy Stock Photo,,,imgs/1517_DEU__1175.jpg,gaumy
1176,Unknown,gorgoneum caput,1517-01-01,1555-12-31,2/18/2016,1,1,2,CP1ET2,http://www.alamy.com/stock-photo-events-protestant-reformation-1517-1555-flyer-caricature-on-the-pope-47976770.html,,DEU,Germany,Unknown,© INTERFOTO / Alamy Stock Photo,,,imgs/1517_DEU__1176.jpg,gaumy
1177,Unknown,caricature of the opponents of Luther,1520-01-01,1520-12-31,2/18/2016,1,1,2,C41NTB,http://www.alamy.com/stock-photo-events-protestant-reformation-1517-1555-caricature-on-the-opponents-36918459.html,,DEU,Germany,unknown,© INTERFOTO / Alamy Stock Photo,,,imgs/1520_DEU__1177.jpg,gaumy
1178,Unknown,conciliabulum malignantium,1521-01-01,1521-12-31,2/18/2016,1,1,2,BKAFBP,http://www.alamy.com/stock-photo-events-protestant-reformation-1517-1555-propaganda-cartoon-martin-29120442.html,,DEU,Germany,Unknown,© INTERFOTO / Alamy Stock Photo,,,imgs/1521_DEU__1178.jpg,gaumy
1179,Albrecht Durer,Ship of fools,1500-01-01,1515-12-31,2/18/2016,1,1,1,,https://fr.pinterest.com/pin/515873332290874334/,,DEU,Germany,,,,,imgs/1500_DEU__1179.jpg,gaumy
1180,Hans Holbein the Younger,Luther as Hercules germanicus,1500-01-01,1543-12-31,2/18/2016,1,1,2,Ms A 2 / p. 150,http://ieg-ego.eu/en/mediainfo/luther-as-hercules-germanicus,,DEU,Germany,Zentralbibliothek Zurich,,,,imgs/1500_DEU__1180.jpg,gaumy
1181,Petrarch master,Rebellious peasants with the bundschuh-union banner surrounding a knight,1539-01-01,1539-12-31,2/18/2016,1,1,2,german translation of 'De remediis Utriusque Fortunae' (Remedies for Good and Bad Fortune) by Francesco Petrarca,https://fr.pinterest.com/pin/532409987174296852/,,DEU,Germany,private collection,,,,imgs/1539_DEU__1181.jpg,gaumy
1182,Hiob Ludolff,Masaniello talking with two men in a church 1647,1701-01-01,1701-12-31,2/18/2016,1,5,3,&nbsp,Caspar Luyken / Allgemeine Schau-Bühne der Welt. Deel II. Frankfurt am Main: ,Johann David Zunnern / 1701 / p. 1389.,http://www.europeana.eu/portal/record/90402/RP_P_1896_A_19368_1983.html,,NLD,,Rijksmuseum / Netherlands,,imgs/1701_NLD__1182.jpeg,gaumy
1183,hendrik Cornelisz Vroom,Battle between Dutch and Spanish Ships on the Haarlemmermeer,1629-01-01,1629-12-31,2/18/2016,3,1,13,,http://www.europeana.eu/portal/record/90402/SK_A_602.html,,NLD,Netherlands,Rijksmuseum,rijksmuseum,,,imgs/1629_NLD__1183.jpeg,gaumy
1184,Adriaen Thomasz Key,portrait of William I / prince of Oranje,1579-01-01,1579-12-31,2/18/2016,3,1,13,,http://www.europeana.eu/portal/record/90402/SK_A_3148.html,,NLD,Netherlands,Rijksmuseum,rijksmuseum,,,imgs/1579_NLD__1184.jpeg,gaumy
1185,Albrecht Durer,flemish revolts,1515-01-01,1515-12-31,2/18/2016,1,1,2,DG1935/972/14,http://sammlungenonline.albertina.at/?query=Inventarnummer=[DG1935/972/14]&showtype=record#6bf0defb-aebc-4bb4-bdb5-27ee33ad917d,,DEU,Germany,Albertina / Vienna,Albertina Sammlungen,,,imgs/1515_DEU__1185.jpg,gaumy
1186,Unknown,Hussites army,1400-01-01,1500-12-31,2/19/2016,2,5,12,?,http://www.intohistory.com/savic-hotel/,,CZE,unknown,Unknown,,,,imgs/1400_CZE__1186.jpg,gaumy
1187,Unknown,Jan Hus's burning,1400-01-01,1500-12-31,2/19/2016,1,1,13,,http://www.svmikulas.cz/en/aktuality/triennium-master-jan-hus-xiv-huss-anniversary-year-2015,,CZE,,Unknown,,,,imgs/1400_CZE__1187.jpg,gaumy
1188,Unknown,Hussite warriors with crossbows and flail,1400-01-01,1500-12-31,2/19/2016,4,9,13,,http://www.themcs.org/weaponry/crossbows/crossbows.htm,,CZE,Czech republic,Prague city museum,,,,imgs/1400_CZE__1188.jpg,gaumy
1189,Unknown,burning of Jan Hus,1464-01-01,1464-12-31,2/19/2016,1,1,13,XVI.A.17 / fol. 122v,http://v2.manuscriptorium.com/apps/main/en/index.php?request=show_tei_digidoc&docId=set20080808_106_98&client=,,CZE,Czech republic,Czech national Library,,O. Feger: Die Konzilschronik des Ulrich Richental / Konstanz / 1964, L. Fischel: Die Bilderfolge der Richental-Chronik / besonders der Konstanzer Handschrift /Konstanz /1964 / pages. 37-80. O. Feger (ed.): Text der Konstanzer Handschrift /Konstanz / 1964 / pages. 149-278,imgs/1464_CZE__1189.jpg,gaumy
1190,unknown,degradation fo Jan Hus,1464-01-01,1464-12-31,2/19/2016,1,1,12,XVI.A.17 fol. 123,http://v2.manuscriptorium.com/apps/main/en/index.php?request=show_tei_digidoc&docId=set20080808_106_98&client=,,CZE,Czech republic,Czech national Library,,,,imgs/1464_CZE__1190.jpg,gaumy
1191,Unknown,Jan huss to the burnt,1464-01-01,1464-12-31,2/19/2016,2,5,12,XVI.A.17 / fol. 123v,http://v2.manuscriptorium.com/apps/main/en/index.php?request=show_tei_digidoc&docId=set20080808_106_98&client=,,CZE,Czech republic,Czech national Library,,,,imgs/1464_CZE__1191.jpg,gaumy
1192,Unknown,Jerome of Praga to the burnt,1464-01-01,1464-12-31,2/19/2016,2,5,12,XVI.A.17 / fol. 124,http://v2.manuscriptorium.com/apps/main/en/index.php?request=show_tei_digidoc&docId=set20080808_106_98&client=,,CZE,Czech republic,,,,,imgs/1464_CZE__1192.jpg,gaumy
1193,Unknown,burning of Jan Hus,1464-01-01,1464-12-31,2/19/2016,2,5,12,XVI.A.17 / fol. 124v,http://v2.manuscriptorium.com/apps/main/en/index.php?request=show_tei_digidoc&docId=set20080808_106_98&client=,,CZE,Czech republic,Czech national Library,,,,imgs/1464_CZE__1193.jpg,gaumy
1194,Unknown,Jan Zizka leading the hussite troops,1490-01-01,1510-12-31,2/19/2016,2,5,12,,https://commons.wikimedia.org/wiki/File:Jensky_kodex_Zizka.jpg,,CZE,Czech republic,Praga / narodni museum,,,,imgs/1490_CZE__1194.jpg,gaumy
1195,Unknown,reconstruction of a hussite war wagon,01.01.2000,12/31/2016,2/19/2016,13,9,13,,https://fr.pinterest.com/pin/545498573590858163/,,CZE,Czech republic,Praga / hussite museum,,,,imgs/2000_CZE__1195.jpg,gaumy
1196,(Pseudo-) Johannes Hartlieb,hussite war wagons,1437-01-01,1440-12-31,2/19/2016,2,5,13,,https://es.pinterest.com/pin/483925922433072611/,,AUT,Czech republic,Österreichische Nationalbibliothek / Cod. 3062. Fol. 147v + 148r,,,,imgs/1437_AUT__1196.jpg,gaumy
1197,Unknown,battle of Kratzau 11 november 1429 / between the Silensian army and the hussites,1445-01-01,1450-12-31,2/19/2016,2,5,2,fol. 140v,https://fr.pinterest.com/pin/545498573590858036/,,DEU,Germany,private collection,,,http://www.handschriftencensus.de/9134,imgs/1445_DEU__1197.jpg,gaumy
1198,Simon Fokke,burning of Jan hus,1750-01-01,1750-12-31,2/19/2016,1,5,3,,http://www.gettyimages.com.au/license/600049171,,NLD,England,Amsterdam / Rijksmuseum,Getty images,,,imgs/1750_NLD__1198.jpg,gaumy
1199,Christoffel van Sichem,John Hus in Merhen,1650-01-01,1650-12-31,2/19/2016,1,1,3,,http://www.gettyimages.com.au/license/600049167,,NLD,Netherlands,Amsterdam / Rijksmuseum,Getty images,,,imgs/1650_NLD__1199.jpg,gaumy
1200,Unknown,Jan hus at the stake,1500-01-01,1600-12-31,2/19/2016,2,5,12,,http://www.gettyimages.com.au/license/534967929,,CZE,Czech republic,,Getty images,,,imgs/1500_CZE__1200.jpg,gaumy
1201,English school,parliamentarian soldiers attacking the beast of the Apocalypse,1700-01-01,1800-12-31,2/19/2016,2,5,5,Add 12447 / fol. 23V, BL1190760,https://www.bridgemanimages.com/fr/asset/1190760/english-school-18th-century/add-12447-f-23v-parliamentarian-soldiers-attacking-the-beast-of-the-apocalypse-from-banners-of-the-parliamentary-commanders,,GBR,England,British Library,British Library,,imgs/1700_GBR__1201.jpg,
1202,English school,the loyall sacrifice,1648-01-01,1648-12-31,2/19/2016,1,1,5,XJF347920,https://www.bridgemanimages.com/fr/asset/347920/english-school-17th-century/the-loyall-sacrifice-pamphlet-circulated-in-1648-engraving,,GBR,England,British Library,British Library,,,imgs/1648_GBR__1202.jpg,gaumy
1203,John Souch att. to,Colonel John Hutchinson,1643-01-01,1643-12-31,2/22/2016,3,1,13,NAM412345,https://www.bridgemanimages.com/fr/asset/412345/souch-john-c-1593-1645-attr-to/colonel-john-hutchinson-c-1643-oil-on-canvas,,GBR,England,London / national army museum,,,,imgs/1643_GBR__1203.jpg,gaumy
1204,English school,A Threatening Letter sent to John Pym 25th October 1641 / and Colonel Lunsford / quelling a riot,1642-01-01,1642-12-31,2/22/2016,1,1,5,XJF97558,https://www.bridgemanimages.com/fr/asset/97558/english-school-17th-century/a-threatening-letter-sent-to-john-pym-1584-1643-25th-october-1641-and-colonel-lunsford-c-1610-53-quelling-a-riot-in-westminst,,GBR,England,British Library,,,,imgs/1642_GBR__1204.jpg,gaumy
1205,English school,A True and Exact Relation of the Manner of his Majesty's Setting up of his Standard at Nottingham,1642-01-01,1642-12-31,2/22/2016,1,1,5,XJF105888,https://www.bridgemanimages.com/fr/asset/105888/english-school-17th-century/a-true-and-exact-relation-of-the-manner-of-his-majesty-s-setting-up-of-his-standard-at-nottingham-on-monday-22-august-1642-e,,GBR,England,private collection,,,,imgs/1642_GBR__1205.jpg,gaumy
1206,English school,Chronicle of significant events during the English Civil War / 1646,1646-01-01,1646-12-31,2/22/2016,1,1,5,XJF153378,https://www.bridgemanimages.com/fr/asset/153378/english-school-17th-century/chronicle-of-significant-events-during-the-english-civil-war-1646-engraving-b-w-photo,,GBR,England,private collection,,,,imgs/1646_GBR__1206.jpg,gaumy
1207,English school,Old Sayings and Predictions verified and fulfilled / touching the young King of Scotland and his gue,1651-01-01,1651-12-31,2/22/2016,1,1,5,XJF347918,https://www.bridgemanimages.com/fr/asset/347918/,,GBR,England,private collection,,,https://www.bridgemanimages.com/fr/asset/347918/english-school-17th-century/old-sayings-and-predictions-verified-and-fulfilled-touching-the-young-king-of-scotland-and-his-gued-subjects-published-in-1651-engraving,imgs/1651_GBR__1207.jpg,gaumy
1208,Michael van der Gucht,the battle of Edgehill in 1642,1600-01-01,1700-12-31,2/22/2016,1,1,5,NAM261161,https://www.bridgemanimages.com/fr/asset/261161/gucht-michael-van-der-1660-1725/the-battle-of-edgehill-in-1642-engraving,,GBR,England,London / national army museum,,,,imgs/1600_GBR__1208.jpg,gaumy
1209,English school,Mrs Jane Lane riding with King Charles II after the defeat at the Battle of Worcester,1660-01-01,1660-12-31,2/22/2016,1,1,13,XJF214509,https://www.bridgemanimages.com/fr/asset/214509/english-school-17th-century/mrs-jane-lane-riding-with-king-charles-ii-1630-85-after-the-defeat-at-the-battle-of-worcester-in-september-1651-published-16,,GBR,England,private collection,,,https://www.bridgemanimages.com/fr/asset/214509/english-school-17th-century/mrs-jane-lane-riding-with-king-charles-ii-1630-85-after-the-defeat-at-the-battle-of-worcester-in-september-1651-published-1660-engraving-b-w-photo,imgs/1660_GBR__1209.jpg,gaumy
1210,English school,plan of the battle of Naseby / 14th june 1645,1645-01-01,1645-12-31,2/22/2016,1,1,5,BL242585,https://www.bridgemanimages.com/fr/asset/242585/english-school-17th-century/plan-of-the-battle-of-naseby-14th-june-1645-vellum,,GBR,England,British Library,,,,imgs/1645_GBR__1210.jpg,gaumy
1211,English school,An Ould Ship called an Exhortation' / Charles I imprisoned at Carisbrooke Castle on the Isle of Wigh,1647-01-01,1647-12-31,2/22/2016,1,1,5,XJF347913,https://www.bridgemanimages.com/fr/asset/347913/english-school-17th-century/an-ould-ship-called-an-exhortation-charles-i-imprisoned-at-carisbrooke-castle-on-the-isle-of-wight-c-1647-woodcut,,GBR,England,private collection,,,,imgs/1647_GBR__1211.jpg,gaumy
1212,English school,execution of regicides,1660-01-01,1660-12-31,2/22/2016,1,1,5,STC476876,https://www.bridgemanimages.com/fr/asset/476876/english-school/execution-of-the-regicides-1660-litho,,GBR,England,private collection,,,,imgs/1660_GBR__1212.jpg,gaumy
1213,English school,The Killing of Irish Protestants by Catholics in 1641,1641-01-01,1641-12-31,2/22/2016,1,1,5,XJF206128,https://www.bridgemanimages.com/fr/asset/206128/english-school-17th-century/the-killing-of-irish-protestants-by-catholics-in-1641-engraving-b-w-photo,,GBR,England,private collection,,,,imgs/1641_GBR__1213.jpg,gaumy
1214,English school,the history of the battle of Worcester,1660-01-01,1660-12-31,2/22/2016,1,1,5,XJF214506,https://www.bridgemanimages.com/fr/asset/214506/english-school-17th-century/the-history-of-the-battle-of-worcester-published-1660-engraving-b-w-photo,,GBR,England,private collection,,,,imgs/1660_GBR__1214.jpg,gaumy
1215,English school,English civil war scenes,1643-01-01,1643-12-31,2/22/2016,1,1,5,BL242575,https://www.bridgemanimages.com/fr/asset/242575/english-school-17th-century/english-civil-war-scenes-1643-engraving,,GBR,England,British Library,,,,imgs/1643_GBR__1215.jpg,gaumy
1216,English school,Irish catholics torturing English protestants,1600-01-01,1700-12-31,2/22/2016,1,1,5,XJF130609,https://www.bridgemanimages.com/fr/asset/130609/english-school-17th-century/irish-catholics-torturing-english-protestants-engraving-b-w-photo,,GBR,England,private collection,,,,imgs/1600_GBR__1216.jpg,gaumy
1217,English school,The Killing of Irish Protestants by Catholics in 1641,1641-01-01,1641-12-31,2/22/2016,1,1,5,XJF205584,https://www.bridgemanimages.com/fr/asset/205584/english-school-17th-century/the-killing-of-irish-protestants-by-catholics-in-1641-engraving-b-w-photo,,GBR,England,private collection,,,,imgs/1641_GBR__1217.jpg,gaumy
1218,english school,The Execution of Oliver Cromwell / John Bradshaw and Henry Ireton / c.1661,1700-01-01,1800-12-31,2/22/2016,1,1,5,XJF444321,https://www.bridgemanimages.com/fr/asset/444321/english-school-17th-century/the-execution-of-oliver-cromwell-john-bradshaw-and-henry-ireton-c-1661-engraving,,GBR,England,private collection,,,,imgs/1700_GBR__1218.jpg,gaumy
1219,English school,The Royal Oak of Britain / from 'The Compleat History of Independency. Upon the Parliament' / 1661,1661-01-01,1661-12-31,2/22/2016,1,5,5,BL4417,https://www.bridgemanimages.com/fr/asset/4417/english-school-17th-century/the-royal-oak-of-britain-from-the-compleat-history-of-independency-upon-the-parliament-1661-vellum,,GBR,England,British Library,,,,imgs/1661_GBR__1219.jpg,gaumy
1220,English school,King Charles II (1630-85) hiding in an oak tree at Boscobel after his defeat at the Battle of Worces,1660-01-01,1660-12-31,2/22/2016,1,1,5,XJF214508,https://www.bridgemanimages.com/fr/asset/214508/english-school-17th-century/king-charles-ii-1630-85-hiding-in-an-oak-tree-at-boscobel-after-his-defeat-at-the-battle-of-worcester-in-1651-published-1660,,GBR,England,private collection,,,,imgs/1660_GBR__1220.jpg,gaumy
1221,English school,Riot in St. Giles' Cathedral / Edinburgh / on the Reading of the New Prayer Book / 23rd July 1637 / and,1641-01-01,1641-12-31,2/22/2016,1,1,5,XJF97561,https://www.bridgemanimages.com/fr/asset/97561/english-school-17th-century/riot-in-st-giles-cathedral-edinburgh-on-the-reading-of-the-new-prayer-book-23rd-july-1637-and-rioters-outside-the-archbishop-,,GBR,England,British Library,,https://www.bridgemanimages.com/fr/asset/214508/english-school-17th-century/king-charles-ii-1630-85-hiding-in-an-oak-tree-at-boscobel-after-his-defeat-at-the-battle-of-worcester-in-1651-published-1660-engraving,,imgs/1641_GBR__1221.jpg,gaumy
1222,dutch school,The Beheading of King Charles I,1649-01-01,1649-12-31,2/22/2016,1,1,3,BAL161925,https://www.bridgemanimages.com/fr/asset/161925/dutch-school-17th-century/the-beheading-of-king-charles-i-1600-49-1649-engraving-b-w-photo,,GBR,Netherlands,British Museum,,https://www.bridgemanimages.com/fr/asset/97561/english-school-17th-century/riot-in-st-giles-cathedral-edinburgh-on-the-reading-of-the-new-prayer-book-23rd-july-1637-and-rioters-outside-the-archbishop-of-canterbury-s-palace-at-lambeth-1st-may-1640-engraving-b-w-photo,,imgs/1649_GBR__1222.jpg,gaumy
1223,English school,The execution of King Charles I (1600-49) by Richard Brandon,1649-01-01,1649-12-31,2/22/2016,1,6,5,BL239388,https://www.bridgemanimages.com/fr/asset/239388/english-school-17th-century/the-execution-of-king-charles-i-1600-49-by-richard-brandon-frontispiece-to-the-confession-of-richard-brandon-the-hangman-pub,,GBR,England,British Library,,https://www.bridgemanimages.com/fr/asset/239388/english-school-17th-century/the-execution-of-king-charles-i-1600-49-by-richard-brandon-frontispiece-to-the-confession-of-richard-brandon-the-hangman-published-london-1649-woodcut,,imgs/1649_GBR__1223.jpg,gaumy
1224,English school,Charles I before the High Court of Justice at Whitehall / 27th January 1649,1649-01-01,1649-12-31,2/22/2016,1,1,5,XJF97556,https://www.bridgemanimages.com/fr/asset/97556/english-school-17th-century/charles-i-before-the-high-court-of-justice-at-whitehall-27th-january-1649-engraving-b-w-photo,,GBR,England,private collection,,,,imgs/1649_GBR__1224.jpg,gaumy
1225,English school,the names of the Jury of Life and Death,1649-01-01,1649-12-31,2/22/2016,1,1,5,XIR105390,https://www.bridgemanimages.com/fr/asset/105390/english-school-17th-century/the-names-of-the-jury-of-life-and-death-1649-engraving-b-w-photo,,GBR,England,private collection,,,,imgs/1649_GBR__1225.jpg,gaumy
1226,English school,prince Rupert on horseback,1600-01-01,1700-12-31,2/22/2016,1,1,5,XJF271051,https://www.bridgemanimages.com/fr/asset/271051/english-school-17th-century/prince-rupert-on-horseback-engraving-b-w-photo,,GBR,England,private collection,,,,imgs/1600_GBR__1226.jpg,gaumy
1227,English school,A Dialogue / or rather a parley betweene Prince Ruperts dogge whose name is Puddle and Tobies dog wh,1643-01-01,1643-12-31,2/22/2016,1,1,5,BL1190754,https://www.bridgemanimages.com/fr/asset/1190754/english-school-17th-century/a-dialogue-or-rather-a-parley-betweene-prince-ruperts-dogge-whose-name-is-puddle-and-tobies-dog-whose-name-is-pepper-1643-w,,GBR,England,British Library,,https://www.bridgemanimages.com/fr/asset/1190754/english-school-17th-century/a-dialogue-or-rather-a-parley-betweene-prince-ruperts-dogge-whose-name-is-puddle-and-tobies-dog-whose-name-is-pepper-1643-woodcut-print,,imgs/1643_GBR__1227.jpg,gaumy
1228,English school,An exact Diurnall of the Parliament of Ladyes.',1647-01-01,1647-12-31,2/22/2016,1,1,5,BL1190755,https://www.bridgemanimages.com/fr/asset/1190755/english-school-17th-century/an-exact-diurnall-of-the-parliament-of-ladyes-1647-woodcut-print,,GBR,England,British Library,,,,imgs/1647_GBR__1228.jpg,gaumy
1229,cornelis Danckerts I,Popish Plots and Treasons,1600-01-01,1700-12-31,2/22/2016,1,1,5,XJF105700,https://www.bridgemanimages.com/fr/asset/105700/danckerts-cornelis-i-c-1603-56/the-rebellion-of-northumberland-and-westmoreland-the-treacherous-practice-of-don-john-of-austria-stucely-encouraged-by-th,,GBR,England,British Museum,,https://www.bridgemanimages.com/fr/asset/105700/danckerts-cornelis-i-c-1603-56/the-rebellion-of-northumberland-and-westmoreland-the-treacherous-practice-of-don-john-of-austria-stucely-encouraged-by-the-pope-and-the-king-of-spain-raiseth-rebellion-desmond-s-bloody-practice-approved-detail-from-popish-plots-and-treasons-engraving-b-w-photo-detail-of-108074,,imgs/1600_GBR__1229.jpg,gaumy
1230,English school,The Genealogy of the Anti-Christ Oliver Cromwell,1600-01-01,1700-12-31,2/22/2016,1,1,5,XIR174685,https://www.bridgemanimages.com/fr/asset/174685/english-school-17th-century/the-genealogy-of-the-anti-christ-oliver-cromwell-1599-1658-engraving-b-w-photo,,GBR,England,Bibliothèque nationale de France,,,,imgs/1600_GBR__1230.jpg,gaumy
1231,Jean Gaignière,Allegory in praise of Cardinal Richelieu fighting against Austria / Spain / and the enemies within Fra,1628-01-01,1628-12-31,2/22/2016,1,1,6,XIR224451,https://www.bridgemanimages.com/fr/asset/224451/ganiere-or-gagniere-jean-d-1666/allegory-in-praise-of-cardinal-richelieu-1585-1642-fighting-against-austria-the-eagle-spain-the-lion-and-the-enemies-wit,,GBR,France,Bibliothèque nationale de France,,https://www.bridgemanimages.com/fr/asset/224451/ganiere-or-gagniere-jean-d-1666/allegory-in-praise-of-cardinal-richelieu-1585-1642-fighting-against-austria-the-eagle-spain-the-lion-and-the-enemies-within-france-the-caterpillars-1628-engraving-b-w-photo,,imgs/1628_GBR__1231.jpg,gaumy
1232,Franz Hogenberg,hanging of Mottegrondi / april 1562,1550-01-01,1590-12-31,2/22/2016,1,1,3,XIR158111,https://www.bridgemanimages.com/fr/asset/158111/hogenberg-franz-1540-c-1590/the-hanging-of-mottegondrin-in-april-1562-colour-engraving,,GBR,Netherlands,Bibliothèque nationale de France,,,,imgs/1550_GBR__1232.jpg,gaumy
1233,french school,Death of Admiral Gaspard II de Coligny at the time of the St. Bartholomew's Massacre in 1572,1572-01-01,1572-12-31,2/22/2016,1,1,6,XIR158612,https://www.bridgemanimages.com/fr/asset/158612/french-school-16th-century/death-of-admiral-gaspard-ii-de-coligny-1519-72-at-the-time-of-the-st-bartholomew-s-massacre-in-1572-engraving-b-w-photo-see-1,,FRA,France,Bibliothèque nationale de France,,https://www.bridgemanimages.com/fr/asset/158612/french-school-16th-century/death-of-admiral-gaspard-ii-de-coligny-1519-72-at-the-time-of-the-st-bartholomew-s-massacre-in-1572-engraving-b-w-photo-see-187818-for-colour,,imgs/1572_FRA__1233.jpg,gaumy
1234,Jacques Callot,destroying a monastery/ destruction d'un monastère,1633-01-01,1633-12-31,2/23/2016,1,1,6,IMA485348,https://www.bridgemanimages.com/fr/asset/485348/callot-jacques-1592-1635/d-vastation-d-un-monast-re-destroying-a-monastery-illustration-from-les-grandes-mis-res-de-la-guerre-the-large-miseries-of-war-,,USA,France,USA / indianapolis Museum of art,,https://www.bridgemanimages.com/fr/asset/485348/callot-jacques-1592-1635/d-vastation-d-un-monast-re-destroying-a-monastery-illustration-from-les-grandes-mis-res-de-la-guerre-the-large-miseries-of-war-1633-etching-on-off-white-laid-paper,,imgs/1633_USA__1234.jpg,gaumy
1235,Tortorel and Perrissin,the massaacre of Tours,1570-01-01,1590-12-31,2/23/2016,1,1,6,XJF493440,https://www.bridgemanimages.com/fr/asset/493440/perrissin-j-j-c-1536-c-1611-tortorel-j-fl-1568-92/the-massacre-of-tours-from-les-guerres-de-religion-1570-engraving,,FRA,France,private collection,,,,imgs/1570_FRA__1235.jpg,gaumy
1236,Tortorel and Perrissin,The peace of Amboise / 12 march 1563,1570-01-01,1590-12-31,2/23/2016,1,1,6,UIG535857,https://www.bridgemanimages.com/fr/asset/535857//french-religious-wars-1562-1968-the-peace-of-amboise-12-march-1563-which-ended-the-first-religious-war-held-on-the-isle-de-boeuf-orleans-catherine-de-m,,FRA,France,,,https://www.bridgemanimages.com/fr/asset/535857//french-religious-wars-1562-1968-the-peace-of-amboise-12-march-1563-which-ended-the-first-religious-war-held-on-the-isle-de-boeuf-orleans-catherine-de-medici-1519-1589-a-louis-prince-de-conde-1530-1569-leader-of-the-huguenots-b-constable-anne-de-montmorency-constable-of-france-1493-1767-c-francois-de-coligny-seigneur-d-andelot-1521-1569-huguenot-commander-d-engraving-by-jacques-tortorel-fl1568-1590-and-jean-jacques-perrissin-c1536-1617-from-their-series-on-the-huguenot-wars-c1570,,imgs/1570_FRA__1236.jpg,gaumy
1237,Tortorel and Perrissin,siege of Chartres by the Huguenots / by the end of February 1568,1570-01-01,1590-12-31,2/23/2016,1,1,6,UIG535863,https://www.bridgemanimages.com/fr/asset/535863//french-religious-wars-1562-1598-siege-of-chartres-huguenots-besieged-chartres-at-the-end-of-february-1568-breaching-the-north-wall-with-artillery-assau,,FRA,France,,,https://www.bridgemanimages.com/fr/asset/535863//french-religious-wars-1562-1598-siege-of-chartres-huguenots-besieged-chartres-at-the-end-of-february-1568-breaching-the-north-wall-with-artillery-assault-launched-on-7-march-unsuccessful-sappers-work-to-undermine-bastion-forming-part-of-city-defences-siege-lifted-on-signature-of-peace-of-longjumeau-23-march-engraving-by-jacques-tortorel-fl1568-1590-and-jean-jacques-perrissin-1536-1617-from-their-series-on-the-huguenot-wars-c1570,,imgs/1570_FRA__1237.jpg,gaumy
1238,Gottfried Engelmann,Missions of the 17th century,1800-01-01,12/31/1900,2/23/2016,1,1,6,XIR158114,https://www.bridgemanimages.com/fr/asset/158114/engelmann-gottfried-or-godefroy-1788-1839/missions-of-the-17th-century-the-missionary-dragoon-forcing-a-huguenot-to-sign-his-conversion-to-catholicism-e,,FRA,France,Bibliothèque nationale de France,,https://www.bridgemanimages.com/fr/asset/158114/engelmann-gottfried-or-godefroy-1788-1839/missions-of-the-17th-century-the-missionary-dragoon-forcing-a-huguenot-to-sign-his-conversion-to-catholicism-exact-copy-after-an-original-drawing-of-1686-engraving,,imgs/1800_FRA__1238.jpg,gaumy
1239,L David,War of Camisards,1703-01-01,1703-12-31,2/23/2016,1,5,6,TAD1752839,https://www.bridgemanimages.com/fr/asset/1752839//war-of-the-camisards-protestant-insurgents-of-the-cevennes-south-of-france-who-resisted-the-violence-of-the-dragonnades-after-the-revocation-of-the-ed,,FRA,France,,,https://www.bridgemanimages.com/fr/asset/1752839//war-of-the-camisards-protestant-insurgents-of-the-cevennes-south-of-france-who-resisted-the-violence-of-the-dragonnades-after-the-revocation-of-the-edict-of-nantes-renewed-fanaticism-in-1703-engraving-by-l-david,,imgs/1703_FRA__1239.jpg,gaumy
1240,Unknown,War of Camisards / map,1703-01-01,1703-12-31,2/23/2016,1,1,6,TAD1745379,https://www.bridgemanimages.com/fr/asset/1745379,,FRA,France,,,,,imgs/1703_FRA__1240.jpg,gaumy
1241,Unknown,siege of Orléans by the duke of Guise in 1563,1550-01-01,1600-12-31,2/23/2016,1,1,6,TAD1745347,https://www.bridgemanimages.com/fr/asset/1745347//siege-of-orleans-by-the-duke-of-guise-catholic-in-1563-war-of-religion-between-the-catholics-and-the-protestants-in-france-engraving,,FRA,France,,,,,imgs/1550_FRA__1241.jpg,gaumy
1242,german school,the st bartholomew's day massacre / 1572,1570-01-01,1600-12-31,2/23/2016,1,1,2,XIR60266,https://www.bridgemanimages.com/fr/asset/60266/german-school-16th-century/the-st-bartholomew-s-day-massacre-1572-german-16th-century-woodcut,,DEU,Germany,Paris / Bibliothèque de la Société de l'histoire du protestantisme français,,,,imgs/1570_DEU__1242.jpg,gaumy
1243,Jan Luyken,protestants leaving France,1685-01-01,1700-12-31,2/23/2016,1,1,3,XIR233204,https://www.bridgemanimages.com/fr/asset/233204/luyken-jan-1649-1712/protestants-leaving-france-engraving-b-w-photo,,FRA,Netherlands,Paris / Bibliothèque de la Société de l'histoire du protestantisme français,,,,imgs/1685_FRA__1243.jpg,gaumy
1244,Franz Hogenberg,Death of Admiral Gaspard II de Coligny at the time of the St. Bartholomew's Massacre in 1572,1570-01-01,1590-12-31,2/23/2016,1,1,3,CHT187818,https://www.bridgemanimages.com/fr/asset/187818/hogenberg-franz-1540-c-1590-after/death-of-admiral-gaspard-ii-de-coligny-1519-72-at-the-time-of-the-st-bartholomew-s-massacre-in-1572-coloured-engraving,,FRA,Netherlands,Bibliothèque nationale de France,,https://www.bridgemanimages.com/fr/asset/187818/hogenberg-franz-1540-c-1590-after/death-of-admiral-gaspard-ii-de-coligny-1519-72-at-the-time-of-the-st-bartholomew-s-massacre-in-1572-coloured-engraving-see-158612-for-b-w,,imgs/1570_FRA__1244.jpg,gaumy
1245,Franz Hogenberg,abjuration of Henri IV and conversion to catholicism at st denis on 15th July 1593,1570-01-01,1590-12-31,2/23/2016,1,1,3,CHT370249,https://www.bridgemanimages.com/fr/asset/370249/hogenberg-franz-1540-c-1590/abjuration-of-henri-iv-and-conversion-to-catholicism-at-st-denis-on-15th-july-1593-coloured-engraving,,FRA,Netherlands,Bibliothèque nationale de France,,,,imgs/1570_FRA__1245.jpg,gaumy
1246,french school,Louis XIII a the siege of La Rochelle,1600-01-01,1700-12-31,2/23/2016,3,1,13,XIR158127,https://www.bridgemanimages.com/fr/asset/158127/french-school-17th-century/louis-xiii-1601-43-at-the-siege-of-la-rochelle,,FRA,France,Paris / Musée de la ville de Paris / musée Carnavalet,,,,imgs/1600_FRA__1246.jpg,gaumy
1247,french school,plan of the order of the battle of Coutras / on 8th october 1587,1587-01-01,1600-12-31,2/23/2016,1,1,6,XIR158132,https://www.bridgemanimages.com/fr/asset/158132/french-school-16th-century/plan-of-the-order-of-the-battle-of-coutras-on-8th-october-1587-engraving,,FRA,France,Bibliothèque nationale de France,,,,imgs/1587_FRA__1247.jpg,gaumy
1248,french school,lifting of the siege of the Ile de Re / 8th november 1627,1627-01-01,1700-12-31,2/23/2016,1,1,6,XIR178976,https://www.bridgemanimages.com/fr/asset/178976/french-school-17th-century/the-lifting-of-the-siege-of-the-ile-de-re-8th-november-1627-oil-on-canvas-see-158116-and-182427-for-detail,,FRA,France,château de Versailles,,,,imgs/1627_FRA__1248.jpg,gaumy
1249,french school,Restoration of the Statue of the Virgin Damaged by the Lutherans / from the Panegyric of Francois I,1531-01-01,1531-12-31,2/23/2016,2,5,1,CND161719Ms 892/1485,https://www.bridgemanimages.com/fr/asset/161719/french-school-16th-century/ms-892-1485-restoration-of-the-statue-of-the-virgin-damaged-by-the-lutherans-from-the-panegyric-of-francois-i-1531-vellum,,FRA,France,Chantilly / musée Condé,,,,imgs/1531_FRA__1249.jpg,gaumy
1250,french school,Death of Admiral Gaspard II de Coligny (1519-72) / at the time of St. Bartholomew's Massacre in 1572,1570-01-01,1600-12-31,2/23/2016,1,1,6,XIR158613,https://www.bridgemanimages.com/fr/asset/158613/french-school-16th-century/death-of-admiral-gaspard-ii-de-coligny-1519-72-at-the-time-of-st-bartholomew-s-massacre-in-1572-engraving-b-w-photo,,FRA,France,Bibliothèque nationale de France,,,,imgs/1570_FRA__1250.jpg,gaumy
1251,french school,Abjuration of Henri IV (1553-1610) at St. Denis on 15th July 1593,1570-01-01,1600-12-31,2/23/2016,1,1,6,XIR158124,https://www.bridgemanimages.com/fr/asset/158124/french-school-16th-century/abjuration-of-henri-iv-1553-1610-at-st-denis-on-15th-july-1593-engraving,,FRA,France,Bibliothèque nationale de France,,,,imgs/1570_FRA__1251.jpg,gaumy
1252,Franz Hogenberg,massacre of Tours / in july 1562,1570-01-01,1590-12-31,2/23/2016,1,1,3,XIR157022,https://www.bridgemanimages.com/fr/asset/157022/hogenberg-franz-1540-c-1590/massacre-of-tours-in-july-1562-colour-engraving,,NLD,Netherlands,Bibliothèque nationale de France,,,,imgs/1570_NLD__1252.jpg,gaumy
1253,Jacques Stella,The Triumph of Louis XIII (1601-43) over the Enemies of Religion,1642-01-01,1642-12-31,2/23/2016,3,1,13,XIR158110,https://www.bridgemanimages.com/fr/asset/158110/stella-jacques-1596-1657/the-triumph-of-louis-xiii-1601-43-over-the-enemies-of-religion-1642-oil-on-canvas,,FRA,France,château de Versailles,,,,imgs/1642_FRA__1253.jpg,gaumy
1254,after Jacques Callot,Torture on the Wheel,1600-01-01,1700-12-31,2/23/2016,3,1,13,XIR170432,https://www.bridgemanimages.com/fr/asset/170432/callot-claude-1620-86/torture-on-the-wheel-from-the-miseries-and-misfortunes-of-war-series-after-the-original-painting-by-jacques-callot-1592-1635-oil-o,,FRA,France,Clermont-ferrand / musée Bargoin,,https://www.bridgemanimages.com/fr/asset/170432/callot-claude-1620-86/torture-on-the-wheel-from-the-miseries-and-misfortunes-of-war-series-after-the-original-painting-by-jacques-callot-1592-1635-oil-on-canvas,,imgs/1600_FRA__1254.jpg,gaumy
1255,Dutch school,The religious reformers Wycliffe / Hus / Jerome of Prague / Zwingli / Luther / Calvin / Melanchthon and ot,1600-01-01,1700-12-31,2/23/2016,1,1,3,DGA909835,https://www.bridgemanimages.com/fr/asset/909835//the-religious-reformers-wycliffe-hus-jerome-of-prague-zwingli-luther-calvin-melanchthon-and-others-engraving-holland-17th-century,,NLD,Netherlands,De Agostini Picture Library,,,,imgs/1600_NLD__1255.jpg,gaumy
1256,Unknown,Jan Hus's burning,1563-01-01,1563-12-31,2/23/2016,1,1,1,QGA936496,https://www.bridgemanimages.com/fr/asset/936496//jan-hus-1372-1415-czech-catholic-priest-philosopher-reformer-and-master-at-charles-university-in-prague-on-the-pyre,,CZE,Czech republic,private collection,,,,imgs/1563_CZE__1256.jpg,gaumy
1257,german school,jerome of Praga,1500-01-01,1600-12-31,2/23/2016,1,1,2,XIR1272762,https://www.bridgemanimages.com/fr/asset/1272762/german-school-16th-century/jerome-of-prague-engraving,,FRA,France,Bibliothèque nationale de France,,,,imgs/1500_FRA__1257.jpg,gaumy
1258,Unknown,burning of Jan Hus,1526-01-01,1526-12-31,2/23/2016,1,5,2,HIS384414,https://www.bridgemanimages.com/fr/asset/384414/breu-joerg-the-elder-c-1475-1537/the-burning-of-jan-hus-from-chronik-des-konstanzer-konzils-chronicle-of-the-council-of-constance-by-ulrich-von-richenth,,DEU,Augsburg,deutsches historisches museum,,,,imgs/1526_DEU__1258.jpg,gaumy
1259,german school,Martin Luther in the circle of reformers,1626-01-01,1650-12-31,2/23/2016,3,1,1,HIS329441,https://www.bridgemanimages.com/fr/asset/329441/german-school-17th-century/martin-luther-in-the-circle-of-reformers-1625-50-oil-on-panel,,DEU,Germany,deutsches historisches museum,,,,imgs/1626_DEU__1259.jpg,gaumy
1260,unknown,burning of Jan Hus,1483-01-01,1483-12-31,2/23/2016,1,5,2,CHT884640,https://www.bridgemanimages.com/fr/asset/884640/richental-ulrich-von-c-1360-1437/jan-hus-burnt-at-the-stake-at-the-council-of-constance-from-history-of-the-council-of-constance-published-1483-engravin,,DEU,Germany,Paris / Bibliothèque polonaise,,,https://www.bridgemanimages.com/fr/asset/884640/richental-ulrich-von-c-1360-1437/jan-hus-burnt-at-the-stake-at-the-council-of-constance-from-history-of-the-council-of-constance-published-1483-engraving,imgs/1483_DEU__1260.jpg,gaumy
1261,netherlandish school,Spanish reprisals after the surrender of Haarlem in 1573,1600-01-01,1700-12-31,2/23/2016,1,1,3,XJF400675,https://www.bridgemanimages.com/fr/asset/400675/netherlandish-school-17th-century/spanish-reprisals-after-the-surrender-of-haarlem-in-1573-engraving,,NLD,Netherlands,private collection,,,,imgs/1600_NLD__1261.jpg,gaumy
1262,Unknown,Dutch anti-Spanish rebels captured Brielle and the Dutch rebellion resurged,1754-01-01,1754-12-31,2/23/2016,1,1,13,UIG1577705,https://www.bridgemanimages.com/fr/asset/1577705//dutch-anti-spanish-rebels-captured-brielle-and-the-dutch-rebellion-resurged,,NLD,unknown,,,,,imgs/1754_NLD__1262.jpg,gaumy
1263,french school,Mazarinade,1651-01-01,1651-12-31,2/23/2016,1,1,6,TAD1761643,https://www.bridgemanimages.com/fr/asset/1761643//fronde-france-1648-1651-a-mazarinade-1651-jules-mazarin-banished-by-justice-and-fronde-is-leaving-the-king-louis-xiv-he-s-fleeing-from-paris-he-s-rele,,FRA,France,,,,https://www.bridgemanimages.com/fr/asset/1761643//fronde-france-1648-1651-a-mazarinade-1651-jules-mazarin-banished-by-justice-and-fronde-is-leaving-the-king-louis-xiv-he-s-fleeing-from-paris-he-s-releasing-princes-at-le-havre-and-he-s-loosing-money-during-escape-while-standing-in-front-of-him-is-the-ghost-of-concini-wood-engraving,imgs/1651_FRA__1263.jpg,gaumy
1264,netherlandish school,Peasants' revolt of Wat Tyler in 1381. Meeting between Tyler and the revolutionary priest John Ball,1460-01-01,1480-12-31,2/23/2016,2,5,6,BL53291roy 18 E I F. 165v,https://www.bridgemanimages.com/fr/asset/53291,,GBR,Netherlands,British Library,,,,imgs/1460_GBR__1264.jpg,gaumy
1265,french school,King Louis XIV coming back in Paris after the Fronde on october 21 / 1652 / welcomed by municipal magi,1650-01-01,1700-12-31,2/23/2016,1,1,6,TAD1754689,https://www.bridgemanimages.com/fr/asset/1754689//king-of-france-louis-xiv-1638-1715-king-from-1643-to-1715-coming-back-in-paris-after-the-fronde-on-october-21-1652-he-s-welcome-by-municipal-magistrat,,FRA,France,,,,,imgs/1650_FRA__1265.jpg,gaumy
1266,french school,the Grande Mademoiselle (Anne Marie Louise d'Orleans) knocking down Mazarin outside Orléans,1650-01-01,1700-12-31,2/23/2016,1,1,6,TAD1761642,https://www.bridgemanimages.com/fr/asset/1761642//the-fronde-in-france-1648-1651-the-grande-mademoiselle-anne-marie-louise-d-orleans-knocking-down-cardinal-jules-mazarin-outside-orleans-march-17-1652-,,FRA,France,,,,https://www.bridgemanimages.com/fr/asset/1761642//the-fronde-in-france-1648-1651-the-grande-mademoiselle-anne-marie-louise-d-orleans-knocking-down-cardinal-jules-mazarin-outside-orleans-march-17-1652-behing-her-are-countess-de-fiesque-l-and-madame-de-frontenac-r-engraving,imgs/1650_FRA__1266.jpg,gaumy
1267,German School,Guy Fawkes and associates,1606-01-01,1606-12-31,2/24/2016,1,1,2,LAM234055,https://www.bridgemanimages.com/fr/asset/234055/german-school-17th-century/guy-fawkes-and-associates-from-verratheren-in-england-1606-engraving,,DEU,Germany,Londres / Lambeth Palace Library,,,,imgs/1606_DEU__1267.jpg,gaumy
1268,English school,a great and Bloudy fight at Colchester,1648-01-01,1648-12-31,2/24/2016,1,1,5,XJF347921,https://www.bridgemanimages.com/fr/asset/347921/english-school-17th-century/a-great-and-bloudy-fight-at-colchester-printed-in-1648-woodcut,,GBR,England,Private collection,,,,imgs/1648_GBR__1268.jpg,gaumy
1269,french school,Murder of Simon Sudbury,1470-01-01,1480-12-31,2/24/2016,2,5,6,BL781314,https://www.bridgemanimages.com/fr/asset/781314/french-school-15th-century/murder-of-simon-sudbury-illustration-from-chroniques-de-france-et-d-angleterre-c-1470-vellum,,FRA,France,British Library,,,,imgs/1470_FRA__1269.jpg,gaumy
1270,french school,A man of the Fronde exhorting the Parisians to rise up against Cardinal Mazarin's tyranny on 6th Jan,1649-01-01,1649-12-31,2/24/2016,1,1,6,XIR239589,https://www.bridgemanimages.com/fr/asset/239589/french-school-17th-century/a-man-of-the-fronde-exhorting-the-parisians-to-rise-up-against-cardinal-mazarin-s-tyranny-on-6th-january-1649-engraving-b-w-p,,FRA,France,Bibliothèque nationale de France,,,https://www.bridgemanimages.com/fr/asset/239589/french-school-17th-century/a-man-of-the-fronde-exhorting-the-parisians-to-rise-up-against-cardinal-mazarin-s-tyranny-on-6th-january-1649-engraving-b-w-photo,imgs/1649_FRA__1270.jpg,gaumy
1271,Unknown,defenestration of Prague,1600-01-01,1700-12-31,2/24/2016,1,1,13,XJF128652,https://www.bridgemanimages.com/fr/asset/128652//the-defenestration-of-prague-in-1618-engraving-b-w-photo,,HUN,,Private collection,,,,imgs/1600_HUN__1271.jpg,gaumy
1272,school of Zacharias Dolendo,The Execution of Twenty Noble Leaders including Counts Egmont and Horn by the Duke of Alva in Brusse,1570-01-01,1600-12-31,2/24/2016,1,1,2,STC88465,https://www.bridgemanimages.com/fr/asset/88465/dolendo-zacharias-1561-c-1604-school-of/the-execution-of-twenty-noble-leaders-including-counts-egmont-and-horn-by-the-duke-of-alva-in-brussels-1568-engra,,NLD,Dutch,Private collection,,,https://www.bridgemanimages.com/fr/asset/88465/dolendo-zacharias-1561-c-1604-school-of/the-execution-of-twenty-noble-leaders-including-counts-egmont-and-horn-by-the-duke-of-alva-in-brussels-1568-engraving,imgs/1570_NLD__1272.jpg,gaumy
1273,Franz Hogenberg,Massacre of Naerden / 30th november 1572,1570-01-01,1590-12-31,2/24/2016,1,1,3,XIR212851,https://www.bridgemanimages.com/fr/asset/212851/hogenberg-franz-1540-c-1590/massacre-in-flanders-during-the-government-of-fernando-alvarez-de-toledo-1508-82-duke-of-alba-30th-november-1572-coloured-en,,FRA,Netherlands,Bibliothèque nationale de France,,,https://www.bridgemanimages.com/fr/asset/212851/hogenberg-franz-1540-c-1590/massacre-in-flanders-during-the-government-of-fernando-alvarez-de-toledo-1508-82-duke-of-alba-30th-november-1572-coloured-engraving,imgs/1570_FRA__1273.jpg,gaumy
1274,German School,the battle of White Mountain / 8th november 1620,1600-01-01,1700-12-31,2/24/2016,1,1,2,XIR153759,https://www.bridgemanimages.com/fr/asset/153759/german-school-17th-century/the-battle-of-white-mountain-weissen-berg-8th-november-1620-engraving,,DEU,Germany,Bibliothèque nationale de France,,,,imgs/1600_DEU__1274.jpg,gaumy
1275,french school,Execution of Jacquerie Leaders,1300-01-01,1400-12-31,2/24/2016,2,5,1,Royal 20 C.VII fol.134vBL243112,https://www.bridgemanimages.com/fr/asset/243112,,FRA,France,British Library,,,,imgs/1300_FRA__1275.jpg,gaumy
1276,school of Zacharias Dolendo,Tournament Held in Brussels by the Spanish to Boost the Soldiers,1570-01-01,1600-12-31,2/24/2016,1,1,3,STC88466,https://www.bridgemanimages.com/fr/asset/88466,,NLD,Dutch,Private collection,,,,imgs/1570_NLD__1276.jpg,gaumy
1277,school of Zacharias Dolendo,The Execution of Spell of Brabant,1570-01-01,1590-12-31,2/24/2016,1,1,3,STC88467,https://www.bridgemanimages.com/fr/asset/88467,,NLD,Dutch,Private collection,,,,imgs/1570_NLD__1277.jpg,gaumy
1278,school of Zacharias Dolendo,The Siege of Louvain and the Heroism of Harman Reuter Against the Spanish Forces / 1571,1570-01-01,1600-12-31,2/24/2016,1,1,3,STC88468,https://www.bridgemanimages.com/fr/asset/88468,,NLD,Dutch,Private collection,,,,imgs/1570_NLD__1278.jpg,gaumy
1279,German School,defenestration of Prague,1600-01-01,1700-12-31,2/24/2016,1,1,2,XIR153756,https://www.bridgemanimages.com/fr/asset/153756,,FRA,Germany,Bibliothèque nationale de France,,,,imgs/1600_FRA__1279.jpg,gaumy
1280,french school,Murders of the villagers and peasants,1465-01-01,1465-12-31,2/24/2016,2,5,6,CND175018,https://www.bridgemanimages.com/fr/asset/175018,,FRA,France,Chantilly / musée Condé,,,,imgs/1465_FRA__1280.jpg,gaumy
1281,English school,Tyrconnel arming the papists in Ireland,1600-01-01,1700-12-31,2/24/2016,1,8,5,XJF170095,https://www.bridgemanimages.com/fr/asset/170095,,GBR,England,Private collection,,,,imgs/1600_GBR__1281.jpg,gaumy
1282,German School,Liberty Peasant's revolt 1522,1522-01-01,1522-12-31,2/24/2016,1,1,2,CHT223731,https://www.bridgemanimages.com/fr/asset/223731,,DEU,Germany,Paris / bibliothèque des Arts décoratifs,,,,imgs/1522_DEU__1282.jpg,gaumy
1283,German School,Trial of Guy Fawkes,1606-01-01,1606-12-31,2/24/2016,1,1,2,LAM240872,https://www.bridgemanimages.com/fr/asset/240872,,GBR,Germany,Londres / Lambeth Palace Library,,,,imgs/1606_GBR__1283.jpg,gaumy
1284,french school,Barricade at St Antoine gate in Paris,1842-01-01,1842-12-31,2/24/2016,1,5,6,GEG1783738,https://www.bridgemanimages.com/fr/asset/1783738,,FRA,France,,,,,imgs/1842_FRA__1284.jpg,gaumy
1285,Matthaus Merian the elder,the battle of White Mountain / 8th november 1620,1620-01-01,1650-12-31,2/24/2016,1,1,2,HIS288269,https://www.bridgemanimages.com/fr/asset/288269,,DEU,Germany,Berlin / Deutsches historisches Museum,,,,imgs/1620_DEU__1285.jpg,gaumy
1286,German School,Palatine Catechism: Anti-protestant handbill mocking Frederick / Elector Palatine (the Winter King),1621-01-01,1621-12-31,2/24/2016,1,1,2,HIS294319,https://www.bridgemanimages.com/fr/asset/294319,,DEU,Germany,Berlin / Deutsches historisches Museum,,,,imgs/1621_DEU__1286.jpg,gaumy
1287,dutch School,Battle of Zutphen / 22nd September 1586,1586-01-01,1600-12-31,2/24/2016,1,1,3,XJF308743,https://www.bridgemanimages.com/fr/asset/308743,,NLD,Dutch,Private collection,,,,imgs/1586_NLD__1287.jpg,gaumy
1288,Hans Burgkmair,George III Truchsess (Steward) of Waldburg-Zeil / as captain of the Swabian League,1526-01-01,1530-12-31,2/24/2016,1,1,2,HIS330529,https://www.bridgemanimages.com/fr/asset/330529,,DEU,Germany,Berlin / Deutsches historisches Museum,,,,imgs/1526_DEU__1288.jpg,gaumy
1289,German School,How the Calvinist spirit attacks the Holy Roman Empire and the Roman Catholic Church: Anti-Calvinist,1621-01-01,1621-12-31,2/24/2016,1,1,2,HIS330511,https://www.bridgemanimages.com/fr/asset/330511,,DEU,Germany,Berlin / Deutsches historisches Museum,,,,imgs/1621_DEU__1289.jpg,gaumy
1290,Spanich School,siege of the city of Barcelina by Philip IV during the Reapers' War,1650-01-01,1700-12-31,2/24/2016,1,1,8,IND354836,https://www.bridgemanimages.com/fr/asset/354836,,ESP,Spain,Barcelona / Museo de historia de la ciudad,,,,imgs/1650_ESP__1290.jpg,gaumy
1291,Petrus de Iode,Masaniello,1700-01-01,1800-12-31,2/24/2016,1,1,1,XJF366971,https://www.bridgemanimages.com/fr/asset/366971,,ITA,Dutch,Private collection,,,,imgs/1700_ITA__1291.jpg,gaumy
1292,Willem Jacobsz Delff after Adriaen Pieterzz van de Venne,portrait of William I / prince of Orange,1623-01-01,1623-12-31,2/24/2016,1,1,3,XJF400632,https://www.bridgemanimages.com/fr/asset/400632,,NLD,Dutch,Private collection,,,,imgs/1623_NLD__1292.jpg,gaumy
1293,Flemish school,the prince of Orange calming the Calvinists / 14th March 1567,1570-01-01,1600-12-31,2/24/2016,1,1,3,XIR158896,https://www.bridgemanimages.com/fr/asset/158896,,BEL,flemish,Antwerp / Koninklijk museum voor schone Kunsten,,,,imgs/1570_BEL__1293.jpg,gaumy
1294,french school,Barricade at St Antoine gate in Paris,1648-01-01,1648-12-31,2/24/2016,1,1,13,XIR241540,https://www.bridgemanimages.com/fr/asset/241540,,FRA,France,Bibliothèque nationale de France,,,,imgs/1648_FRA__1294.jpg,gaumy
1295,french school,The chiefs of the Fronde admitted to greet the King Louis XIV (1638-1715) after his coming back / on,1649-01-01,1649-12-31,2/24/2016,1,1,6,XIR239590,https://www.bridgemanimages.com/fr/asset/239590,,FRA,France,Bibliothèque nationale de France,,,,imgs/1649_FRA__1295.jpg,gaumy
1296,German School,Peasants' war germany / 1524-5,1524-01-01,1525-12-31,2/24/2016,1,1,13,SZP1126534,https://www.bridgemanimages.com/fr/asset/1126534,,DEU,Germany,,,,,imgs/1524_DEU__1296.jpg,gaumy
1297,Master of Mary of Burgundy,the French army defeats the Flemish at Cassel in 1328,1477-01-01,1477-12-31,2/24/2016,2,5,6,Ms 659 f.204 r.HLK151273,https://www.bridgemanimages.com/fr/asset/151273,,GBR,flemish,Norfolk / Holkham estate,,,,imgs/1477_GBR__1297.jpg,gaumy
1298,french school,battle of Courtrai 1302,1300-01-01,1400-12-31,2/24/2016,2,5,6,Royal 20 C. VII / f.34BL715369,https://www.bridgemanimages.com/fr/asset/715369,,GBR,France,British Library,,,,imgs/1300_GBR__1298.jpg,gaumy
1299,Master of Mary of Burgundy,battle of Courtrai 1302,1477-01-01,1477-12-31,2/24/2016,2,5,6,Ms 659 f.137 r.HLK151272,https://www.bridgemanimages.com/fr/asset/151272,,GBR,flemish,Norfolk / Holkham estate,,,,imgs/1477_GBR__1299.jpg,gaumy
1300,french school,revolt at Montpellier / 1379,1400-01-01,1500-12-31,2/24/2016,2,5,6,Roy 20 C VII f.212vBL67683,https://www.bridgemanimages.com/fr/asset/67683,,GBR,France,British Library,,,,imgs/1400_GBR__1300.jpg,gaumy
1301,English school,Wat Tyler slain by Sir William Walworth while expostulating with Richard II in Smithfield,1700-01-01,1800-12-31,2/24/2016,1,1,5,LLE1108011,https://www.bridgemanimages.com/fr/asset/1108011,,GBR,England,Private collection,,,,imgs/1700_GBR__1301.jpg,gaumy
1302,German School,Peasants' war germany / 1524-5,1524-01-01,1525-12-31,2/24/2016,1,1,13,SZP1126533,https://www.bridgemanimages.com/fr/asset/1126533,,DEU,Germany,,,,,imgs/1524_DEU__1302.jpg,gaumy
1303,German School,Peasants' war germany / 1524-5,1524-01-01,1525-12-31,2/24/2016,1,1,2,SZP1126535,https://www.bridgemanimages.com/fr/asset/1126535,,DEU,Germany,,,,,imgs/1524_DEU__1303.jpg,gaumy
1304,Unknown,death of William of Orange,1754-01-01,1754-12-31,2/24/2016,1,1,13,UIG1577694,https://www.bridgemanimages.com/fr/asset/1577694,,NLD,,,,,,imgs/1754_NLD__1304.jpg,gaumy
1305,Czech school,Jan Hus burning near the creation,1400-01-01,1450-12-31,2/24/2016,2,5,12,,http://www.lib.cas.cz/martinicka-bible/img/hus-full.jpg,,CZE,Czech republic,Czech republic / Knihovna Akademie věd ČR,,"ikonografii Martinické bible. In Zdeněk Víšek / Blažena		
Hrabánková. Slánské rozhovory 2010 - Česká husitská reformace.
Slaný: Vlastivědné muzeum ve Slaném / 2011.",STUDNIČKOVÁ / Milada. Jan Hus jako světlo prvého dne : K,imgs/1400_CZE__1305.jpg,gaumy
1306,Unknown,Jan Hus burning,1485-01-01,1485-12-31,2/24/2016,2,5,2,,https://de.wikipedia.org/wiki/Datei:Spiezer_Chronik_Jan_Hus_1485.jpg,,CHE,Swiss,Bern / Burgerbibliothek Bern,,,,imgs/1485_CHE__1306.jpg,gaumy
1307,Unknown,Jan Hus burning,1464-01-01,1464-12-31,2/24/2016,2,5,2,,https://commons.wikimedia.org/wiki/File:Konstanzer_Richental_Chronik_Verbrennung_des_Magisters_Johannes_Hus_58r.jpg,,DEU,Germany,,,,,imgs/1464_DEU__1307.jpg,gaumy
1308,German School,pogroms of Jews in the Empire in 1298 / etc,1493-01-01,1493-12-31,2/24/2016,2,5,1,,https://upload.wikimedia.org/wikipedia/commons/5/5c/Liber_Chronicarum_f_230v.jpg,,DEU,Nuremberg,Bayerische staatsbibliothek,,,Friedrich Lotter: Die Judenverfolgung des „König Rintfleisch“ in Franken um 1298. Die endgültige Wende in den christlich-jüdischen Beziehungen im deutschen Reich des Mittelalters. In: Zeitschrift für historische Forschung 4 (1988) / S. 385–422.,imgs/1493_DEU__1308.jpg,gaumy
1309,Franz Hogenberg,Massacre at Antwerp,1570-01-01,1590-12-31,2/24/2016,1,1,3,XIR207722,https://www.bridgemanimages.com/fr/asset/207722,,NLD,Netherlands,Bibliothèque nationale de France,,,,imgs/1570_NLD__1309.jpg,gaumy
1310,gerard ter Borch,the swearing of the oath of ratification of the treaty of Westphalia at Munster / 24th october 1648,1600-01-01,1700-12-31,2/24/2016,1,1,6,CHT212761,https://www.bridgemanimages.com/fr/asset/212761,,FRA,Dutch,Paris / Archives du ministère des affaires étrangères,,,,imgs/1600_FRA__1310.jpg,gaumy
1311,Flemish school,massacre of Jews in 1349,1400-01-01,1500-12-31,2/24/2016,2,5,1,Ms 13076-13077 / fol. 12,https://en.wikipedia.org/wiki/File:Jews_burned_to_death_in_Strasbourg_Feb._14_1349_during_the_Black_Death.jpg,,BEL,flemish,Belgium / Royal Library,,,,imgs/1400_BEL__1311.jpg,gaumy
1312,German School,burning of Jews after the Röttingen profanation in 1298,1500-01-01,1700-12-31,2/24/2016,12,1,13,removed in the 2000's / in a serie,http://www.alemannia-judaica.de/images/Images%2035/Roettingen%20Bild%2009.jpg,,DEU,Germany,Sankt Kilian / Röttingen (removed),,,,imgs/1500_DEU__1312.jpg,gaumy
1313,Laurent de la Hyre,the kiss of peace and Justice,1654-01-01,1654-12-31,2/29/2016,3,1,13,CVL499782,https://www.bridgemanimages.com/fr/asset/499782,,FRA,France,Ohio / Cleveland museum of art,,,,imgs/1654_FRA__1313.jpg,gaumy
1314,portuguese school,Revolt against Spaniards / Duke John of Braganza taking title of John IV of Portugal,1700-01-01,1800-12-31,2/29/2016,8,1,13,DGA625764,https://www.bridgemanimages.com/fr/asset/625764,,PRT,Portugal,,,,,imgs/1700_PRT__1314.jpg,gaumy
1315,italian school,Celebration plate decorated with scene from Masaniello's Revolt,1600-01-01,1700-12-31,2/29/2016,8,9,7,DGA758773,https://www.bridgemanimages.com/fr/asset/758773,,ITA,Italy,,,,,imgs/1600_ITA__1315.jpg,gaumy
1316,jean-Simon Berthelemy,The murder of Etienne Marcel / design for a Gobelins tapestry,1783-01-01,1783-12-31,2/29/2016,3,1,13,CHT206239,https://www.bridgemanimages.com/fr/asset/206239,,FRA,France,Paris / bibliothèque de la Faculté de Médecine,,,,imgs/1783_FRA__1316.jpg,gaumy
1317,school of Zacharias Endo,siege of Louvain and heroism of Harman Reuter against the Spanish forces in 1571,1570-01-01,1600-12-31,2/29/2016,1,1,1,CHT212754,https://www.bridgemanimages.com/fr/asset/212754,,DEU,Germany,private collection,,,,imgs/1570_DEU__1317.jpg,gaumy
1318,Dirck van Delen,Allegory of the Oppression of the Dutch under the Duke of Alba,1631-01-01,1631-12-31,2/29/2016,3,1,13,NOR68879,https://www.bridgemanimages.com/fr/asset/68879,,NLD,Dutch,private collection,,,,imgs/1631_NLD__1318.jpg,gaumy
1319,Adriaen Pietersz van de Venne,Fishing for souls,1614-01-01,1614-12-31,2/29/2016,3,1,3,XOS1765807,https://www.bridgemanimages.com/fr/asset/1765807,,NLD,Dutch,Amsterdam / Rijksmuseum,,,,imgs/1614_NLD__1319.jpg,gaumy
1320,Dutch school,Plankenau Simonsdr Hasselaer,1590-01-01,1609-12-31,2/29/2016,3,1,3,XOS1765809,https://www.bridgemanimages.com/fr/asset/1765809,,NLD,Dutch,Amsterdam / Rijksmuseum,,,,imgs/1590_NLD__1320.jpg,gaumy
1321,Dutch school,Persecution by the duke of Alba in 1568,1600-01-01,1700-12-31,2/29/2016,3,1,3,CHE18101,https://www.bridgemanimages.com/fr/asset/18101,,GBR,Dutch,The Cheltenham Trust and Cheltenham Borough Coucil,,,,imgs/1600_GBR__1321.jpg,gaumy
1322,Peter Paul Rubens,Portrait of the Infanta Isabella Clara Eugenia / Governor of the Netherlands,1600-01-01,1700-12-31,2/29/2016,3,1,13,AII79415,https://www.bridgemanimages.com/fr/asset/79415,,ITA,Dutch,Florence / palazzo Pitti,,,,imgs/1600_ITA__1322.jpg,gaumy
1323,Unknown,John Wycliffe's bones being burnt in 1428,1563-01-01,1563-12-31,2/29/2016,1,5,5,,https://commons.wikimedia.org/wiki/File:Wycliffe_bones_Foxe.jpg,,GBR,England,Unknown,,,,imgs/1563_GBR__1323.jpg,gaumy
1324,Theodor de Bry,John Wycliff,1669-01-01,1669-12-31,2/29/2016,1,5,1,,https://commons.wikimedia.org/wiki/File:Wyclif /_John.jpeg,,DEU,Heidelberg,,,,,imgs/1669_DEU__1324.jpeg,gaumy
1325,Unknown,valdesians women as witches,1401-01-01,1500-12-31,2/29/2016,2,5,6,fr. 12476 / fol. 105v,gallica,,FRA,France,Bibliothèque nationale de France,,,,imgs/1401_FRA__1325.jpeg,gaumy
1326,workshop of Sebastian Vranck,a landscape vith traverllers abushed outside a small town,1600-01-01,1700-12-31,2/29/2016,3,1,13,Sotheby's London / 24 april 2008 / lot 20,https://en.wikipedia.org/wiki/File:Sebastiaan_Vrancx_%28studio%29_-_A_landscape_with_travellers_ambushed_outside_a_small_town.jpg,,NLD,Dutch,Sotheby's London / 24 april 2008 / lot 20,,,,imgs/1600_NLD__1326.jpg,gaumy
1327,Sebastian Vranck,soldiers plundering a farm during the thirty years' war,1620-01-01,1620-12-31,2/29/2016,3,1,13,,https://en.wikipedia.org/wiki/File:Vrancx_Soldiers_Plundering.jpg,,DEU,Dutch,deutsches historisches museum,,,,imgs/1620_DEU__1327.jpg,gaumy
1328,Unknown,torture and death of Anna Charboniere of La Torre / waldesian,1658-01-01,1658-12-31,2/29/2016,1,5,5,,https://commons.wikimedia.org/wiki/File:AnnaCharboniereTortured.jpg,,GBR,England,,,,,imgs/1658_GBR__1328.jpg,gaumy
1329,Jusepe Leonardo,Taking of Brisach,1635-01-01,1635-12-31,2/29/2016,3,9,13,,https://en.wikipedia.org/wiki/File:Leonardo-socorro_de_brisach.jpg,,ESP,Spain,Madrid / Prado,,,,imgs/1635_ESP__1329.jpg,gaumy
1330,Unknown,gustav Adolph od Sweden at the Breitenfeld battle,1632-01-01,1632-12-31,2/29/2016,3,1,13,,https://en.wikipedia.org/wiki/File:Strasbourg_walter_gustave_adolphe.JPG,,FRA,,Strasbourg / musée historique,,,,imgs/1632_FRA__1330.jpg,gaumy
1331,Pieter Snayers,battle of the White Mountain,1630-01-01,1660-12-31,2/29/2016,3,1,13,,https://en.wikipedia.org/wiki/File:Schlacht_am_Wei%C3%9Fen_Berg_C-K_063.jpg,,NLD,Netherlands,Bavarian state picture collection,,,,imgs/1630_NLD__1331.jpg,gaumy
1332,Pieter Snayers,siege of Groenlo 1606,1630-01-01,1660-12-31,2/29/2016,3,1,13,,https://commons.wikimedia.org/wiki/File:Siege_of_Groenlo_November_9th_1606_Snayers.jpg,,NLD,Netherlands,private collection,,https://www.academia.edu/1772122/La_batalla_de_Honnecourt_de_Peeter_Snayers,,imgs/1630_NLD__1332.jpg,gaumy
1333,Matthaus Merian the elder,defenestration of Praga,1635-01-01,1662-12-31,2/29/2016,1,5,2,,https://en.wikipedia.org/wiki/File:Defenestration-prague-1618.jpg,,DEU,Germany,,,,,imgs/1635_DEU__1333.jpg,gaumy
1334,Giulio Clovio,Charles V enthroned over his defeated enemies (from left to right): Selim I / Pope Clemens VII / Franc,1550-01-01,1550-12-31,2/29/2016,3,1,6,,https://commons.wikimedia.org/wiki/File:Allegorie_du_regne_de_Charles_Quint_16th_century.jpg,,FRA,Germany,Unknown,,,,imgs/1550_FRA__1334.jpg,gaumy
1335,Unknown,Jan Hus preaching,1490-01-01,1510-12-31,2/29/2016,2,5,12,,https://fr.wikipedia.org/wiki/Jan_Hus#/media/File:Hus_na_kazatelne.jpg,,CZE,Czech republic,Praga / narodni museum,,,,imgs/1490_CZE__1335.jpg,gaumy
1336,Unknown,Bishops' war / skirmiches between Dachstein and Molsheim / 1592,1590-01-01,1600-12-31,2/29/2016,1,1,1,,https://commons.wikimedia.org/wiki/File:Guerre_des_Ev%C3%AAques-1592-Chartreuse_de_Molsheim.jpg,,DEU,Germany,,,,,imgs/1590_DEU__1336.jpg,gaumy
1337,Unknown,Hussite battle with crusaders,1490-01-01,1510-12-31,2/29/2016,2,5,12,fol. 56,https://en.wikipedia.org/wiki/File:Husit%C3%A9_-_Jensk%C3%BD_kodex.jpg,,CZE,Czech republic,Praga / narodni museum,,,,imgs/1490_CZE__1337.jpg,gaumy
1338,Unknown,Hussite theologians disputes in the presence of king Wladyslaw II Jagiello,1400-01-01,1500-12-31,2/29/2016,3,1,1,,https://en.wikipedia.org/wiki/File:Jagie%C5%82%C5%82o_dispute.JPG,,POL,Poland,Unknown,,,,imgs/1400_POL__1338.jpg,gaumy
1339,Jacques Callot,the Hanging,1632-01-01,1632-12-31,2/29/2016,1,1,6,R 2°4778-50 / fol. 50,,,FRA,France,Bibliothèque Mazarine,,,,imgs/1632_FRA__1339.jpg,gaumy
1340,Jan Luyken,the capture of Maastricht in 1579 by Alexander Farnese / duke of Parma,1579-01-01,1579-12-31,2/29/2016,1,1,3,,https://en.wikipedia.org/wiki/File:De_stadt_Maastricht /_door_den_prins_van_Parma_%28Alexander_Farnese%29_met_storm_verovert /_den_29_july_des_jaars_1579_%28Jan_Luyken /_1679%29.jpg,,NLD,Dutch,Amsterdams Historisch Museum,,,,imgs/1579_NLD__1340.jpg,gaumy
1341,Unknown,battle of the White Mountain,1600-01-01,1700-12-31,2/29/2016,1,1,2,,https://commons.wikimedia.org/wiki/File:Battle_of_White_Mountain.jpg,,DEU,Germany,Unknown,,,,imgs/1600_DEU__1341.jpg,gaumy
1342,Unknown,siege of Magdeburg / 1631,1630-01-01,1700-12-31,2/29/2016,1,1,2,,https://commons.wikimedia.org/wiki/File:Magdeburg_1631.jpg,,DEU,Germany,Unknown,,,,imgs/1630_DEU__1342.jpg,gaumy
1343,Sebastian Vranck,Marauding Soldiers,1647-01-01,1647-12-31,2/29/2016,3,1,13,,https://en.wikipedia.org/wiki/File:1647_Vrancx_Marauding_soldiers_anagoria.JPG,,DEU,Netherlands,deutsches historisches museum,,,,imgs/1647_DEU__1343.jpg,gaumy
1344,Matthaus Merian the elder,view of the siege of Praga / 1648,1650-01-01,1650-12-31,2/29/2016,1,1,2,,https://en.wikipedia.org/wiki/File:Prag_1648.jpg,,CZE,,,,,,imgs/1650_CZE__1344.jpg,gaumy
1345,Master of Mary of Burgundy,battle of Beverhoutsveld / 1382,1477-01-01,1477-12-31,2/29/2016,2,5,6,MS 659 / fol. 282,http://photopower.pl/zoom/BAL0054261/,,GBR,flemish,Holkham hall / Norfolk,,,,imgs/1477_GBR__1345.jpg,gaumy
1346,Master of Mary of Burgundy,Battle of Westrozebeke / 1382,1477-01-01,1477-12-31,2/29/2016,2,5,6,,http://photopower.pl/zoom/BAL0054253/,,GBR,flemish,Holkham hall / Norfolk,,,,imgs/1477_GBR__1346.jpg,gaumy
1347,german school,battle of Courtrai 1580,1580-01-01,1600-12-31,2/29/2016,1,1,2,BAL0048959,http://photopower.pl/zoom/BAL0048959/,,DEU,Germany,private collection,,,,imgs/1580_DEU__1347.jpg,gaumy
1348,french school,victory of Ghent people and Philipp van Artevelde before Bruges in 1381,1472-01-01,1472-12-31,2/29/2016,2,5,6,BAL0100532tome II / fol. 287,http://photopower.pl/zoom/BAL0100532/,,FRA,France,private collection,,,,imgs/1472_FRA__1348.jpg,gaumy
1349,Swiss artist,Martin Luther writing on the church door at Wittenberg,1517-01-01,1600-12-31,2/29/2016,1,1,2,BAL0093593,http://photopower.pl/zoom/BAL0093593/,,FRA,Swiss,Bibliothèque nationale de France,,,,imgs/1517_FRA__1349.jpg,gaumy
1350,german school,reformers Martin Luther and Jan Hus administering Communion,1500-01-01,1600-12-31,2/29/2016,1,1,2,BAL0177731,http://photopower.pl/zoom/BAL0177731/,,DEU,Germany,Paris / Bibliothèque des arts décoratifs,,,,imgs/1500_DEU__1350.jpg,gaumy
1351,Dutch artist,Calvin and Luther,1640-01-01,1640-12-31,2/29/2016,1,1,3,BAL0009945,http://photopower.pl/zoom/BAL0009945/,,FRA,Dutch,Paris / Bibliothèque de la Société de l'histoire du protestantisme français,,,,imgs/1640_FRA__1351.jpg,gaumy
1352,german school,Legend of Martin Luther,1500-01-01,1600-12-31,2/29/2016,1,6,2,BAL0113266,http://photopower.pl/zoom/BAL0113266/,,FRA,Germany,Paris / Bibliothèque de la Société de l'histoire du protestantisme français,,,,imgs/1500_FRA__1352.jpg,gaumy
1353,french school,Librae Religionis Typus' / allegory on the reformation depicting John Calvin and Martin Luther,1500-01-01,1600-12-31,2/29/2016,1,1,1,BAL0080875,http://photopower.pl/zoom/BAL0080875/,,FRA,France,Bibliothèque nationale de France,,,,imgs/1500_FRA__1353.jpg,gaumy
1354,german school,portrait of Martin Luther aged 57,1500-01-01,1600-12-31,2/29/2016,4,1,1,BAL0118530,http://photopower.pl/zoom/BAL0118530/,,DEU,Germany,Germany / Wittenberg / Lutherhaus,,,,imgs/1500_DEU__1354.jpg,gaumy
1355,german school,contemporary cartoon lampooning Martin Luther and his wife,1500-01-01,1600-12-31,2/29/2016,1,1,13,BAL0338601,http://photopower.pl/zoom/BAL0338601/,,DEU,Germany,,,,,imgs/1500_DEU__1355.jpg,gaumy
1356,German School,Luther and Hus with Christ in the Sheepfold,1520-01-01,1521-12-31,2/29/2016,1,1,2,BAL0249750,http://photopower.pl/zoom/BAL0249750/,,DEU,Germany,private collection,,,,imgs/1520_DEU__1356.jpg,gaumy
1357,german school,Martin Luther / surviving together within the sammelband,1544-01-01,1545-12-31,2/29/2016,1,1,13,BAL0340332,http://photopower.pl/zoom/BAL0340332/,,DEU,Germany,,,,,imgs/1544_DEU__1357.jpg,gaumy
1358,Unknown,portrait of Masaniello,1650-01-01,1700-12-31,2/29/2016,3,1,13,BAL0520460,http://photopower.pl/zoom/BAL0520460/,,ITA,Italy,Naples / museo nazionale di san martino,,,,imgs/1650_ITA__1358.jpg,gaumy
1359,onofrio Palumbo att.,portrait of Masaniello,1650-01-01,1700-12-31,2/29/2016,3,1,1,BAL0520461,http://photopower.pl/zoom/BAL0520461/,,ITA,Italy,Naples / museo nazionale di san martino,,,,imgs/1650_ITA__1359.jpg,gaumy
1360,Unknown,procession of nuns and Jan hus is sent to the stake,1400-01-01,1500-12-31,2/29/2016,2,5,12,BAL0312840,http://photopower.pl/zoom/BAL0312840/,,CZE,Czech republic,Praga / narodni knihovna Ceske Republiky (biblioteca nazionale),,,,imgs/1400_CZE__1360.jpg,gaumy
1361,English school,The Devil turn'd round-head,1642-01-01,1642-12-31,2/29/2016,1,6,5,XJF347911,https://www.bridgemanimages.com/fr/asset/347911,,GBR,England,British Library,,,,imgs/1642_GBR__1361.jpg,gaumy
1362,English school,England's wolfe with Eagle's clawes,1646-01-01,1646-12-31,2/29/2016,1,1,5,XJF347922,https://www.bridgemanimages.com/fr/asset/347922,,GBR,England,private collection,,,,imgs/1646_GBR__1362.jpg,gaumy
1363,English school,The Complaint of M / Tenter-hooke the Projector / and Sir Thomas Dodger the Patentee',1641-01-01,1641-12-31,2/29/2016,1,1,5,XJF347923,https://www.bridgemanimages.com/fr/asset/347923,,GBR,England,private collection,,,,imgs/1641_GBR__1363.jpg,gaumy
1364,English school,Allegory of the Dangers of Low Church Puritanism to the Monarchy / the Liberty of the Subject / Loyalt,1640-01-01,1645-12-31,2/29/2016,1,1,5,XJF322576,https://www.bridgemanimages.com/fr/asset/322576,,GBR,England,private collection,,,,imgs/1640_GBR__1364.jpg,gaumy
1365,English school,The Brownist Conventicle',1641-01-01,1641-12-31,2/29/2016,1,1,5,XJF347908,https://www.bridgemanimages.com/fr/asset/347908,,GBR,England,British Library,,,,imgs/1641_GBR__1365.jpg,gaumy
1366,English school,a looking-glass for a christian family,1665-01-01,1665-12-31,2/29/2016,1,1,5,XJF347909,https://www.bridgemanimages.com/fr/asset/347909,,GBR,England,private collection,,,,imgs/1665_GBR__1366.jpg,gaumy
1367,french school,murder of the two marshals with Etienne Marcel,1375-01-01,1380-12-31,2/29/2016,2,5,6,fr 2813 / fol. 409v,https://commons.wikimedia.org/wiki/File:Assassinat_marechaux.jpg,,FRA,France,Bibliothèque nationale de France,,,,imgs/1375_FRA__1367.jpg,gaumy
1368,german school,protestant reformation / satire against Martin Luther,1500-01-01,1550-12-31,03.01.2016,1,1,2,BAL0370413,http://photopower.pl/zoom/BAL0370413/,,DEU,Germany,,,,,imgs/1500_DEU__1368.jpg,gaumy
1369,Unknown,Pope Leo X supervising the burning of Martin Luther' books after the first diet of Worms,1521-01-01,1521-12-31,03.01.2016,1,1,13,BAL0340630,http://photopower.pl/zoom/BAL0340630/,,ITA,,,,,,imgs/1521_ITA__1369.jpg,gaumy
1370,Lucas Cranach the younger,The Reformers in the Vineyard of the Lord / Epitaph for Paul Eber,1569-01-01,1569-12-31,03.01.2016,3,1,2,,http://ieg-ego.eu/en/mediainfo/the-reformers-in-the-vineyard-of-the-lord,,DEU,Germany,Evangelische Stadtkirchengemeinde Wittenberg,,,,imgs/1569_DEU__1370.jpg,gaumy
1371,English school,Thomas Cromwell / earl of Ardglass,1600-01-01,1700-12-31,03.01.2016,3,1,13,BAL0219065,http://photopower.pl/zoom/BAL0219065/,,GBR,England,private collection,,,,imgs/1600_GBR__1371.jpg,gaumy
1372,Dutch school,Dutch cartoon protesting against Oliver Cromwell's rule in Britain,1652-01-01,1652-12-31,03.01.2016,1,1,3,BAL0338827,http://photopower.pl/zoom/BAL0338827/,,NLD,Dutch,,,,,imgs/1652_NLD__1372.jpg,gaumy
1373,Dutch school,Page from a Dutch newspaper 'Hollandsche Mercurius',1653-01-01,1653-12-31,03.01.2016,1,1,3,BAL0338693,http://photopower.pl/zoom/BAL0338693/,,NLD,Dutch,,,,,imgs/1653_NLD__1373.jpg,gaumy
1374,Robert Walker,Olivier Cromwell and Henry Lambert,1650-01-01,1650-12-31,03.01.2016,3,1,13,BAL0307493,http://photopower.pl/zoom/BAL0307493/,,GBR,England,private collection,,,,imgs/1650_GBR__1374.jpg,gaumy
1375,English school,Cromwell's chariot,1600-01-01,1700-12-31,03.01.2016,1,6,13,BAL0236479,http://photopower.pl/zoom/BAL0236479/,,GBR,England,private collection,,,,imgs/1600_GBR__1375.jpg,gaumy
1376,English school,The Execution of Oliver Cromwell / John Bradshaw and Henry Ireton,1661-01-01,1661-12-31,03.01.2016,1,1,2,BAL0188640,http://photopower.pl/zoom/BAL0188640/,,GBR,England,private collection,,,,imgs/1661_GBR__1376.jpg,gaumy
1377,Sir Peter Lely,portrait of Olivier Cromwell,1600-01-01,1700-12-31,03.01.2016,3,1,13,BAL0033325,http://photopower.pl/zoom/BAL0033325/,,GBR,England,Bolton Museum and Art Gallery,,,,imgs/1600_GBR__1377.jpg,gaumy
1378,English school,death mark of Oliver Cromwell,1658-01-01,1658-12-31,03.01.2016,13,1,13,BAL0086774,http://photopower.pl/zoom/BAL0086774/,,GBR,England,Museum of London,,,,imgs/1658_GBR__1378.jpg,gaumy
1379,Samuel Cooper,miniature of Olivier Cromwell,1650-01-01,1658-12-31,03.01.2016,13,1,13,BAL0003301,http://photopower.pl/zoom/BAL0003301/,,GBR,England,private collection,,,,imgs/1650_GBR__1379.jpg,gaumy
1380,English school,Olivier Cromwell standing in state,1600-01-01,1700-12-31,03.01.2016,1,1,5,BAL0104762,http://photopower.pl/zoom/BAL0104762/,,GBR,England,private collection,,,,imgs/1600_GBR__1380.jpg,gaumy
1381,Robert Walker,portrait of Olivier Cromwell,1600-01-01,1700-12-31,03.01.2016,3,1,13,BAL0001551,http://photopower.pl/zoom/BAL0001551/,,GBR,England,private collection,,,,imgs/1600_GBR__1381.jpg,gaumy
1382,English school,Oliver Cromwell lying in state,1658-01-01,1658-12-31,03.01.2016,1,1,5,BAL0104767,http://photopower.pl/zoom/BAL0104767/,,GBR,England,private collection,,,,imgs/1658_GBR__1382.jpg,gaumy
1383,English school,Oliver Cromwell dissolving the Parliament,1650-01-01,1700-12-31,03.01.2016,1,1,5,BAL0039030,http://photopower.pl/zoom/BAL0039030/,,GBR,England,private collection,,,,imgs/1650_GBR__1383.jpg,gaumy
1384,English school,king Richard II appeases the rebels on the death of Wat Tyler in West Smithfield / London,1700-01-01,1800-12-31,03.01.2016,1,1,5,LLJ606297,https://www.bridgemanimages.com/fr/asset/606297,,GBR,England,private collection,,,,imgs/1700_GBR__1384.jpg,gaumy
1385,Hungarian School,Kuruc Uprising in Hungary against the Habsburgs 1703-11,1700-01-01,1800-12-31,03.01.2016,3,1,13,CHT285201,https://www.bridgemanimages.com/fr/asset/285201/,,HUN,Hungary,Budapest / Museum of War History,,,,imgs/1700_HUN__1385.jpg,gaumy
1386,Adam Manyoki,Prince Ferenc Rakoczy II,1712-01-01,1712-12-31,03.01.2016,3,1,13,CHT285200,https://www.bridgemanimages.com/fr/asset/285200,,HUN,Hungary,Budapest Museum of fine Arts,,,,imgs/1712_HUN__1386.jpg,gaumy
1387,Unknown,prince Ferenc Rakoczy II's escape,1700-01-01,1800-12-31,03.01.2016,1,1,1,DGA623434,https://www.bridgemanimages.com/fr/asset/623434,,HUN,Hungary,,,,,imgs/1700_HUN__1387.jpg,gaumy
1388,Franz Hogenberg,Stake at Bruges during the government of Fernando Alvarez de Toledo / duke of Alba,1570-01-01,1600-12-31,03.01.2016,1,1,3,XIR217802,https://www.bridgemanimages.com/fr/asset/217802,,FRA,Netherlands,Bibliothèque nationale de France,,,,imgs/1570_FRA__1388.jpg,gaumy
1389,flemish school,Portrait Glorifying Ferdinand Alvarez of Toledo,1500-01-01,1600-12-31,03.01.2016,1,1,3,XIR169310,https://www.bridgemanimages.com/fr/asset/169310,,FRA,Netherlands,Bibliothèque nationale de France,,,,imgs/1500_FRA__1389.jpg,gaumy
1390,English school,Babington with his Complices in St. Giles Fields,1600-01-01,1700-12-31,03.01.2016,1,1,5,XJF271610,https://www.bridgemanimages.com/fr/asset/271610,,GBR,England,private collection,,,,imgs/1600_GBR__1390.jpg,gaumy
1391,Thomas Gainsborough,portrait of sir Kenelm Digby in armour,1700-01-01,1800-12-31,03.01.2016,3,1,13,BAL0259472,http://photopower.pl/zoom/BAL0259472/,,GBR,England,,,,,imgs/1700_GBR__1391.jpg,gaumy
1392,Albert Haelwegh,equestrian portrait of Oliver Cromwell,1655-01-01,1655-12-31,03.01.2016,1,1,5,BAL0033725,http://photopower.pl/zoom/BAL0033725/,,GBR,England,,,,,imgs/1655_GBR__1392.jpg,gaumy
1393,English school,hat of the Judge John Bradshaw,1600-01-01,1650-12-31,03.01.2016,13,1,5,AMO1631470,https://www.bridgemanimages.com/fr/asset/1631470,,GBR,England,Ashmolean museum / University of Oxford,,,,imgs/1600_GBR__1393.jpg,gaumy
1394,English school,John Pym,1640-01-01,1640-12-31,03.01.2016,3,1,13,SBL2597155,https://www.bridgemanimages.com/fr/asset/2597155,,GBR,England,london / National gallery portrait,,,,imgs/1640_GBR__1394.jpg,gaumy
1395,English school,execution of king Charles I,1700-01-01,1800-12-31,03.01.2016,1,1,5,HRP2624355,https://www.bridgemanimages.com/fr/asset/2624355,,GBR,England,Historic royal palaces,,,,imgs/1700_GBR__1395.jpg,gaumy
1396,English school,the escape of king Charles I,1700-01-01,1800-12-31,03.01.2016,1,1,1,HRP2624572,https://www.bridgemanimages.com/fr/asset/2624572,,GBR,England,Historic royal palaces,,,,imgs/1700_GBR__1396.jpg,gaumy
1397,English school,Scene from 'The Shepherd's Oracles' by Francis Quarles,1646-01-01,1646-12-31,03.02.2016,1,1,5,XJF105813,https://www.bridgemanimages.com/fr/asset/105813,,GBR,England,private collection,,,,imgs/1646_GBR__1397.jpg,gaumy
1398,English school,The Kingdom's Monster Uncloaked from Heaven,1640-01-01,1643-12-31,03.02.2016,1,1,5,XJF106630,https://www.bridgemanimages.com/fr/asset/106630,,GBR,England,private collection,,,,imgs/1640_GBR__1398.jpg,gaumy
1399,English school,the English irish soldier,1642-01-01,1642-12-31,03.02.2016,1,1,5,BL242580,https://www.bridgemanimages.com/fr/asset/242580,,GBR,England,British Library,,,,imgs/1642_GBR__1399.jpg,gaumy
1400,English school,A Sight of ye Trans-actions of these latter yeares Thomas Ienner,1646-01-01,1646-12-31,03.02.2016,1,1,5,BL750771,https://www.bridgemanimages.com/fr/asset/750771,,GBR,England,British Library,,,,imgs/1646_GBR__1400.jpg,gaumy
1401,Dutch school,dutch satire on Richard Cromwell,1659-01-01,1659-12-31,03.02.2016,1,1,13,UIG1574527,https://www.bridgemanimages.com/fr/asset/1574527,,NLD,Dutch,,,,,imgs/1659_NLD__1401.jpg,gaumy
1402,English school,The Protectoral Council / A Brief Chronology of the Most Remarkable Passages,1658-01-01,1658-12-31,03.02.2016,1,1,5,BL1190757,https://www.bridgemanimages.com/fr/asset/1190757,,GBR,England,British Library,,,,imgs/1658_GBR__1402.jpg,gaumy
1403,English school,The killing of Prince Rupert's dog / named 'Boy' / during the battle of Marston Moor / during the Engli,1644-01-01,1644-12-31,03.02.2016,1,1,5,BL1190759,https://www.bridgemanimages.com/fr/asset/1190759,,GBR,England,British Library,,,,imgs/1644_GBR__1403.jpg,gaumy
1404,English school,Cromwell and Cabinet / from 'The Devils Cabinet-Councell. discovered...',1660-01-01,1660-12-31,03.02.2016,1,1,5,BL1190758,https://www.bridgemanimages.com/fr/asset/1190758,,GBR,England,British Library,,,,imgs/1660_GBR__1404.jpg,gaumy
1405,Unknown,death of Thomas Wentworth,1754-01-01,1754-12-31,03.02.2016,1,1,2,UIG1577202,https://www.bridgemanimages.com/fr/asset/1577202,,DEU,Germany,,,,,imgs/1754_DEU__1405.jpg,gaumy
1406,Crispin de Passe II,Allegory on Olivier Cromwell,1600-01-01,1700-12-31,03.02.2016,1,1,3,UIG1577462,https://www.bridgemanimages.com/fr/asset/1577462,,GBR,,,,,,imgs/1600_GBR__1406.jpg,gaumy
1407,John Hoskins,a portrait miniature of Sir Robert Pye,1590-01-01,1664-12-31,03.02.2016,13,1,5,MOU997070,https://www.bridgemanimages.com/fr/asset/997070,,GBR,England,private collection,,,,imgs/1590_GBR__1407.jpg,gaumy
1408,English school,A Prognostication upon W. Laud / late Bishop of Canterbury / written in 1641 / which accordingly is co,1645-01-01,1645-12-31,03.02.2016,1,1,5,XJF384064 Thomason Collection of civil war tracts,https://www.bridgemanimages.com/fr/asset/384064,,GBR,England,private collection,,,,imgs/1645_GBR__1408.jpg,gaumy
1409,Wenceslaus Hollar,Portrait of King Charles I with diagrams showing the formation of his troops during the Bishops' War,1639-01-01,1639-12-31,03.02.2016,1,1,5,XJF384010,https://www.bridgemanimages.com/fr/asset/384010,,GBR,England,private collection,,,,imgs/1639_GBR__1409.jpg,gaumy
1410,English school,a battalion of part of his majesty's army,1640-01-01,1640-12-31,03.02.2016,1,1,5,XJF384008,https://www.bridgemanimages.com/fr/asset/384008,,GBR,England,private collection,,,,imgs/1640_GBR__1410.jpg,gaumy
1411,English school,The Catholics' Petition to Prince Rupert,1644-01-01,1644-12-31,03.02.2016,1,6,5,XJF153358,https://www.bridgemanimages.com/fr/asset/153358,,GBR,England,private collection,,,,imgs/1644_GBR__1411.jpg,gaumy
1412,English school,The Sound-Head / Rattle-Head and Round-Head,1642-01-01,1642-12-31,03.02.2016,1,1,5,XJF271616,https://www.bridgemanimages.com/fr/asset/271616,,GBR,England,private collection,,,,imgs/1642_GBR__1412.jpg,gaumy
1413,English school,A Diary and Pictorial Plan of the Siege of Colchester 1648 / printed and sold by W. Keymer,1648-01-01,1648-12-31,03.02.2016,1,1,5,NAM261130,https://www.bridgemanimages.com/fr/asset/261130,,GBR,England,London / national army museum,,,,imgs/1648_GBR__1413.jpg,gaumy
1414,English school,Square-Caps turned into Round Heads,1642-01-01,1642-12-31,03.02.2016,1,1,5,XJF250710,https://www.bridgemanimages.com/fr/asset/250710,,GBR,XJF250710,private collection,,,,imgs/1642_GBR__1414.jpg,gaumy
1415,English school,An infantry regiment encampment during the Bishops' War,1648-01-01,1648-12-31,03.02.2016,1,1,5,XJF384009,https://www.bridgemanimages.com/fr/asset/384009,,GBR,England,private collection,,,,imgs/1648_GBR__1415.jpg,gaumy
1416,English school,The Committee or Popery in Masquerade / after a design conceived by Sir Roger L'Estrange,1680-01-01,1680-12-31,03.02.2016,1,1,5,XJF441231,https://www.bridgemanimages.com/fr/asset/441231,,GBR,England,private collection,,,,imgs/1680_GBR__1416.jpg,gaumy
1417,English school,The Times Displayed in Six Sestyads,1646-01-01,1646-12-31,03.02.2016,1,1,5,XJF153368,https://www.bridgemanimages.com/fr/asset/153368,,GBR,England,private collection,,,,imgs/1646_GBR__1417.jpg,gaumy
1418,English school,Sir Thomas Fairfax (1612-71) and the General Council of the Parliamentarian Army,1647-01-01,1647-12-31,03.02.2016,1,1,5,BL242573,https://www.bridgemanimages.com/fr/asset/242573,,GBR,England,British Library,,,,imgs/1647_GBR__1418.jpg,gaumy
1419,English school,The Execution on Tower Hill of Sir Alexander Carew / Sir John Hotham / Captain John Hotham and the Arc,1646-01-01,1646-12-31,03.02.2016,1,1,5,XJF153369,https://www.bridgemanimages.com/fr/asset/153369,,GBR,England,private collection,,,,imgs/1646_GBR__1419.jpg,gaumy
1420,English school,Frontispiece to 'An Exact Collection of Choicest Poems and Songs from 1639-1661',1661-01-01,1661-12-31,03.02.2016,1,6,5,XJF106669,https://www.bridgemanimages.com/fr/asset/106669,,GBR,England,private collection,,,,imgs/1661_GBR__1420.jpg,gaumy
1421,English school,A Minister Taking the Protestation and Henry Burton (1578-1648) John Bastwick (1593-1654) and Willia,1600-01-01,1700-12-31,03.02.2016,1,1,5,XJF97562,https://www.bridgemanimages.com/fr/asset/97562,,GBR,England,British Library,,,,imgs/1600_GBR__1421.jpg,gaumy
1422,Sauveur Le Conte,the blockade of Paris / fronde,1649-01-01,1649-12-31,03.02.2016,3,1,6,<dl><dd>CND192318</dd></dl>,https://www.bridgemanimages.com/fr/asset/192318,,FRA,France,Chantilly / musée Condé,,,,imgs/1649_FRA__1422.jpg,gaumy
1423,french school,A Duel Between Two Sisters near Bordeaux,1650-01-01,1650-12-31,03.02.2016,1,1,6,XIR154799,https://www.bridgemanimages.com/fr/asset/154799,,FRA,France,Bibliothèque nationale de France,,,,imgs/1650_FRA__1423.jpg,gaumy
1424,Gerrit von Honthorst,Portrait of Friedrich V / Elector Palatine and the 'Winter King' of Bohemia,1630-01-01,1630-12-31,03.03.2016,3,1,13,HIS292255,https://www.bridgemanimages.com/fr/asset/292255,,DEU,Dutch,deutsches historisches museum,,,,imgs/1630_DEU__1424.jpg,gaumy
1425,Dutch school,Death Dr John Lambe / Title Page of 'A Briefe Description of the Notorious Life of John Lambe.',1628-01-01,1628-12-31,03.03.2016,1,6,5,BL1152781,https://www.bridgemanimages.com/fr/asset/1152781,,GBR,England,British Library,,,,imgs/1628_GBR__1425.jpg,gaumy
1426,English school,Representation of the demolishing of the cross in Cheapside in the year 1643,1764-01-01,1764-12-31,03.03.2016,1,1,5,LLJ608187from gentleman's Magazine / december 1764,https://www.bridgemanimages.com/fr/asset/608187,,GBR,England,private collection,,,,imgs/1764_GBR__1426.jpg,gaumy
1427,English school,Jack Cade in Cannon Street declaring himself Lord of the City of London,1700-01-01,1800-12-31,03.03.2016,1,1,5,LLJ606296,https://www.bridgemanimages.com/fr/asset/606296,,GBR,England,private collection,,,,imgs/1700_GBR__1427.jpg,gaumy
1428,french school,Cartouche from a map of the Cevennes region,1703-01-01,1703-12-31,03.03.2016,1,1,6,CHT197187,https://www.bridgemanimages.com/fr/asset/197187,,FRA,France,Paris / Bibliothèque de la Société de l'histoire du protestantisme français,,,,imgs/1703_FRA__1428.jpg,gaumy
1429,English school,The Rebellion of the Earls of Northumberland and Westmoreland,1600-01-01,1700-12-31,03.03.2016,1,1,5,XJF271607,https://www.bridgemanimages.com/fr/asset/271607,,GBR,England,private collection,,,,imgs/1600_GBR__1429.jpg,gaumy
1430,Tortorel and Perrissin,massacre of Amboise,1570-01-01,1600-12-31,03.03.2016,1,1,6,XIR154746,https://www.bridgemanimages.com/fr/asset/154746,,FRA,France,Paris / Bibliothèque de la Société de l'histoire du protestantisme français,,,,imgs/1570_FRA__1430.jpg,gaumy
1431,English school,Wat Tyler killed by the Lord Mayor,1600-01-01,1700-12-31,03.03.2016 16:17,1,1,5,LLJ606356,https://www.bridgemanimages.com/fr/asset/606356,,GBR,England,,,,,imgs/1600_GBR__1431.jpg,gaumy
1432,Samuel Wale,Wat Tyler killed by the Lord Mayor in Smithfield,1747-01-01,1747-12-31,03.03.2016,1,1,5,LLJ606284,https://www.bridgemanimages.com/fr/asset/606284,,GBR,England,private collection,,,,imgs/1747_GBR__1432.jpg,gaumy
1433,English school,The burning of St John's Monastery near Smithfield by Wat Tyler's mob,1700-01-01,1800-12-31,03.03.2016,1,1,5,LLJ606283,https://www.bridgemanimages.com/fr/asset/606283,,GBR,England,private collection,,,,imgs/1700_GBR__1433.jpg,gaumy
1434,English school,The History of Wat Tyler and Jack Straw / illustration from 'Chap-books of the Eighteenth Century' by,1700-01-01,1800-12-31,03.03.2016,1,1,5,STC489684,https://www.bridgemanimages.com/fr/asset/489684,,GBR,England,private collection,,,,imgs/1700_GBR__1434.jpg,gaumy
1435,English school,Embroidered prayer book cushion / depicting the defeat of the Armada and the Gunpowder Plot,1621-01-01,1621-12-31,03.03.2016,13,1,5,WGL1028,https://www.bridgemanimages.com/fr/asset/1028,,GBR,England,Liverpool / National Museums / Lady lever Art Gallery,,,,imgs/1621_GBR__1435.jpg,gaumy
1436,English school,Diptych depicting the Arrival of Queen Elizabeth I (1530-1603) at Tilbury / the Defeat of the Spanish,1600-01-01,1700-12-31,03.03.2016,3,1,5,BAL5524,https://www.bridgemanimages.com/fr/asset/5524,,GBR,England,Norfolk / St Faith's church / Gaywood,,,,imgs/1600_GBR__1436.jpg,gaumy
1437,English school,lantern belonging to Guy Fawkes,1606-01-01,1606-12-31,03.03.2016,10,1,5,AMO70142,https://www.bridgemanimages.com/fr/asset/70142,,GBR,England,Ashmolean museum / University of Oxford,,,,imgs/1606_GBR__1437.jpg,gaumy
1438,English school,Gunpowder Plot treason,1600-01-01,1700-12-31,03.03.2016,1,1,5,LLJ611368,https://www.bridgemanimages.com/fr/asset/611368,,GBR,England,private collection,,,,imgs/1600_GBR__1438.jpg,gaumy
1439,English school,the gunpowder plot conspirators,1605-01-01,1605-12-31,03.03.2016,1,1,5,STC489349,https://www.bridgemanimages.com/fr/asset/489349,,GBR,England,private collection,,,,imgs/1605_GBR__1439.jpg,gaumy
1440,Isaac Oliver,The Browne Brothers,1598-01-01,1598-12-31,03.03.2016,1,1,5,BH1008,https://www.bridgemanimages.com/fr/asset/1008,,GBR,England,Burghley House collection / Lincolnshire,,,,imgs/1598_GBR__1440.jpg,gaumy
1441,Samuel Ward (after),To God / in Memory of his Double Deliverance from the Invincible Navy (1588) and the Unmatchable Powd,1689-01-01,1689-12-31,03.03.2016,1,1,5,XJF113408,https://www.bridgemanimages.com/fr/asset/113408,,GBR,England,private collection,,,,imgs/1689_GBR__1441.jpg,gaumy
1442,Unknown,Vox Clamantis,1400-01-01,1400-12-31,03.03.2016,2,5,1,,http://special.lib.gla.ac.uk/exhibns/chaucer/contemporaries.html,,GBR,England,Glasgow University library,,,,imgs/1400_GBR__1442.jpg,gaumy
1443,Unknown,german Peasants'war 1524,1524-01-01,1525-12-31,03.04.2016,1,1,1,,http://www.alamy.com/stock-photo-events-german-peasants-war-1524-1526-rebellious-peasants-crossbowman-29109869.html,,DEU,Germany,,,,,imgs/1524_DEU__1443.jpg,gaumy
1444,Hans Tirol,german Peasants'war 1524,1524-01-01,1525-12-31,03.04.2016,1,1,13,,http://www.alamy.com/stock-photo-events-german-peasants-war-1524-1525-rebellious-peasants-from-southern-29126886.html,,DEU,Germany,,,,,imgs/1524_DEU__1444.jpg,gaumy
1445,Hans Sebald Beham,Nuremberg people in arms,1544-01-01,1544-12-31,03.08.2016,1,1,2,NUR.G.104,http://biblio.bnu.fr/.do?sysb=bnu&idopac=BNU7241713,,FRA,Germany,Strasbourg / bibliothèque nationale universitaire,,,,imgs/1544_FRA__1445.jpg,gaumy
1446,Unknown,siege of a city in the Peasants Germany War,1535-01-01,1535-12-31,03.08.2016,1,1,2,R.10.060 / from a book with 44 engravings of H Baldung Grien / Burgkmaier / Schaeuflin etc... / Strasbourg : Grueninger / 1535,http://biblio.bnu.fr/.do?sysb=bnu&idopac=BNU5687729,,FRA,Strasbourg,Strasbourg / bibliothèque nationale universitaire,,,,imgs/1535_FRA__1446.jpg,gaumy
1447,Unknown,Mathieu Molé / garde des sceaux de France,1600-01-01,1700-12-31,03.08.2016,1,1,6,LP29-53(1),http://www.photo.rmn.fr/archive/06-501368-2C6NU0BFQL5J.html,,FRA,France,château de Versailles,,,,imgs/1600_FRA__1447.jpg,gaumy
1448,Sauveur Le Conte d'après,attack of Charenton,1800-01-01,12/31/1900,03.08.2016,1,1,6,DE750-4,http://www.photo.rmn.fr/archive/15-508357-2C6NU0AO5TZU9.html,,FRA,France,Chantilly / musée Condé,,,,imgs/1800_FRA__1448.jpg,gaumy
1449,Unknown,No life to Lechery.,1700-01-01,1720-12-31,03.08.2016,1,1,5,18.721.012 /46,http://www.britishmuseum.org/research/collection_online/collection_object_details.aspx?objectId=3614363&partId=1&searchText=rebellion&from=ad&fromDate=1300&to=ad&toDate=1720&page=1,,GBR,England,,,,,imgs/1700_GBR__1449.jpg,gaumy
1450,Samuel Bernard after Louis Testelin,le retour de Gonesse,1649-01-01,1649-12-31,03.08.2016,1,1,6,18.701.008 /29,http://www.britishmuseum.org/research/collection_online/collection_object_details.aspx?objectId=3239864&partId=1&searchText=fronde&page=1,,GBR,France,British Museum,,,,imgs/1649_GBR__1450.jpg,gaumy
1451,Jean Frosne after Gilles Guérin,Statue of Louis XIV / in Roman armour / trampling underfoot a man representing the rebellion of the Fr,1653-01-01,1675-12-31,03.08.2016,1,1,6,19.731.027 /20,http://www.britishmuseum.org/research/collection_online/collection_object_details.aspx?objectId=1478518&partId=1&searchText=fronde+france&page=1,,GBR,France,British Museum,,,,imgs/1653_GBR__1451.jpg,gaumy
1452,Master of Policratic of Charles V,Bruges Matines,1384-01-01,1400-12-31,03.12.2016,2,5,6,,www.enluminures.culture.fr,,FRA,Paris,Besancon / Bibliotheque municipale / mss 677 / fol. 74,IRHT,,bla bla,imgs/1384_FRA__1452.jpg,gaumy
1453,Giac Master,Bruges people surrending to the French King,1410-01-01,1420-12-31,3/17/2016,2,5,6,,www.hrionline.Ac.uk/onlinefroissart/,,FRA,France,Bibliothèque nationale de France / fr. 2664 / fol. 142r,,,,imgs/1410_FRA__1453.jpg,gaumy
1454,Giac Master,battle of Roosebecke,1410-01-01,1420-12-31,3/17/2016,2,5,6,,www.hrionline.Ac.uk/onlinefroissart/,,FRA,France,Bibliothèque nationale de France / fr. 2664 / fol. 140r,,,,imgs/1410_FRA__1454.jpg,gaumy
1455,Giac Master,Ghent people defeating the count of Flanders and Bruges,1410-01-01,1420-12-31,3/17/2016,2,5,6,,www.hrionline.Ac.uk/onlinefroissart/,,FRA,France,Bibliothèque nationale de France / fr. 2664 / fol. 109v,,,,imgs/1410_FRA__1455.jpg,gaumy
1456,Giac Master,death of the Baillif by the White Hoods in Ghent,1410-01-01,1420-12-31,3/17/2016,2,5,6,,www.hrionline.Ac.uk/onlinefroissart/,,FRA,France,Bibliothèque nationale de France / fr. 2664 / fol. 16v,,,,imgs/1410_FRA__1456.jpg,gaumy
1457,Giac Master,battle of Meaux against the Jacques people,1410-01-01,1420-12-31,3/17/2016,2,5,6,,www.hrionline.Ac.uk/onlinefroissart/,,FRA,France,Toulouse / bibliothèque municipale / 511 / fol. 140r,,,,imgs/1410_FRA__1457.jpg,gaumy
1458,English school after Cornelis Danckerts,rebellion / the effect of monasteries,1600-01-01,1700-12-31,3/17/2016,1,1,5,,https://www.bridgemanimages.com/fr/asset/105701,,GBR,England,Private collection,,,,imgs/1600_GBR__1458.jpg,gaumy
1459,English school,A new game at cards. or the three nimble shuffling cheaters,1642-01-01,1649-12-31,3/23/2016,1,1,5,,http://ballads.bodleian.ox.ac.uk/view/sheet/723,,GBR,England,Bodleian Library / Wood 401(147) V4233,,,,imgs/1642_GBR__1459.gif,gaumy
1460,English school,the famous Battle between Robin Hood and the curtall Fryar,1658-01-01,1664-12-31,3/23/2016,1,1,5,,http://ballads.bodleian.ox.ac.uk/view/sheet/727,,GBR,England,Bodleian Library / Wood 401 (15) 1621,,,,imgs/1658_GBR__1460.gif,gaumy
1461,English school,Win at first / lose at last / or / a new game at cards,1623-01-01,1661-12-31,3/23/2016,1,1,5,WOOD 402 (71 / 72) other printings,http://ballads.bodleian.ox.ac.uk/view/sheet/724,,GBR,England,Bodleian Library / Wod 401 (149) / V4234,,,,imgs/1623_GBR__1461.gif,gaumy
1462,English school,Jockies lamentation / whose seditious work was the loss of his country / and his kirk,1623-01-01,1661-12-31,3/23/2016,1,1,5,,http://ballads.bodleian.ox.ac.uk/view/sheet/728,,GBR,England,Bodleian Library Wood 401 (151),,,,imgs/1623_GBR__1462.gif,gaumy
1463,English school,Robin Hood and the bishop. Shewing How Robin Hood went to an old Womans house and changed Cloaths, and how he robbed the Bishop of all his Gold / and made him sing a Mass,1623-01-01,3/23/2016 17:57,1,1,5,,http://ballads.bodleian.ox.ac.uk/view/edition/651,,,GBR,England,Bodleian Library Bod 651 / 3955,,,imgs/1623_GBR__1463.gif,gaumy
1464,Unknown,peasants burning down the tower of Verdun-sur-Garonne in Languedoc / 1320 / Pastoureaux,1380-01-01,1400-12-31,04.12.2016,2,5,6,,https://commons.wikimedia.org/wiki/File:Croisade_des_Pastoreaux_Britisch_Librairy.jpg?uselang=fr,,GBR,France,British Library / Royal MS 20 C VII / fol. 55v,,,,imgs/1380_GBR__1464.jpg,gaumy
1465,Unknown,destruction of the city of Branchides,1470-01-01,1470-12-31,04.12.2016,2,5,6,,,,FRA,,Paris / Bibliothèque nationale de France / manuscrits / Fr 22547 / fol. 168v,,,,imgs/1470_FRA__1465.jpg,gaumy
1466,Unknown,repression of the pastoureaux revolt / 1320,1460-01-01,1460-12-31,04.12.2016,2,5,6,,,,FRA,,Paris / Bibliothèque nationale de France / manuscrits / Fr 6465 / fol. 327v,,,,imgs/1460_FRA__1466.jpg,gaumy
1467,Unknown,Golden Spurs battle 1302,1460-01-01,1460-12-31,04.12.2016,2,5,6,,,,FRA,,Paris / Bibliothèque nationale de France / manuscrits / Fr 2799 / fol. 129,,,,imgs/1460_FRA__1467.jpg,gaumy
1468,Unknown,revolt in Ghent / 1337,1450-01-01,1450-12-31,04.12.2016,2,5,6,,,,FRA,,Paris / Bibliothèque nationale de France / manuscrits / Fr 2675 / fol. 41,,,,imgs/1450_FRA__1468.jpg,gaumy
1469,Unknown,Niklaus Leuenberger,1600-01-01,1700-12-31,06.08.2017,1,1,2,,wikipedia,,CHE,Swiss,Thun / Historisches Museum,,,,imgs/1600_CHE__1469.jpg,gaumy
1470,Johann Schwyzer,Niklaus Leuenberger,1653-01-01,1653-12-31,06.08.2017,1,5,2,,wikipedia,,CHE,Germany,Lucerne / University Library,,,,imgs/1653_CHE__1470.jpg,gaumy
1471,Hollar / Wenceslaus,The world is ruled & governed by Opinion,1641-01-01,1641-12-31,11.09.2017,1,1,5,Several versions / later versions without publisher. The copy hold by the British Museum is dated 1642.,https://mercuriuspoliticus.wordpress.com/tag/pamphlet/,,GBR,London / by Thomas Banks,British Museum see: http://www.britishmuseum.org/research/collection_online/collection_object_details.aspx?objectId=1500125&partId=1,British Museum?,,The print is discussed on this blog https://mercuriuspoliticus.wordpress.com/tag/pamphlet/ (see text below in description). Dagmar Freist uses the picture and the title in her book Governed by opinion.. / see https://books.google.co.uk/books?id=aMOXgtjz-I4C&dq=world+is+governed+by+opinion+freist&client=firefox-a&hl=de,imgs/1641_GBR__1471.jpg,m.griesse
1472,Olaus Magnus,A crowd of peasants are attacking the castle of a cruel bailiff,1555-01-01,1555-12-31,01.07.2018,1,5,1,,http://www.avrosys.nu/prints/olausmagnus2/100546.jpg,,ITA,Rome,,,,,imgs/1555_ITA__1472.jpg,m.griesse
1473,Olaus Magnus,Laps in the Finnmark are defending themselves against seafarers they believe are pirates,1555-01-01,1555-12-31,01.07.2018,1,5,1,,http://www.avrosys.nu/prints/olausmagnus/100478.jpg,,ITA,Rome,,,,,imgs/1555_ITA__1473.jpg,m.griesse
